[2026-07-12T05:58:51.849Z] 再開: 既存 13500社（担当者名 4101）｜ seen 13500社
[2026-07-12T05:58:59.668Z] 🔍 "北海道 メーカー": 掲載 100社（新規 6社）｜ 累計担当者名 4101/9000
[2026-07-12T05:59:29.042Z] 🔍 "北海道 商社": 掲載 100社（新規 0社）｜ 累計担当者名 4104/9000
[2026-07-12T05:59:32.107Z] 🔍 "北海道 小売": 掲載 92社（新規 0社）｜ 累計担当者名 4104/9000
[2026-07-12T05:59:36.642Z] 🔍 "北海道 金融": 掲載 90社（新規 0社）｜ 累計担当者名 4104/9000
[2026-07-12T05:59:40.785Z] 🔍 "北海道 介護": 掲載 95社（新規 0社）｜ 累計担当者名 4104/9000
[2026-07-12T05:59:44.330Z] 🔍 "北海道 医療": 掲載 100社（新規 1社）｜ 累計担当者名 4104/9000
[2026-07-12T05:59:53.255Z] 🔍 "北海道 食品": 掲載 100社（新規 6社）｜ 累計担当者名 4104/9000
[2026-07-12T06:00:11.431Z]   処理 10｜ 掲載 13510｜ 担当者名 4106（30.4%）
[2026-07-12T06:00:42.271Z] 🔍 "北海道 建設": 掲載 100社（新規 25社）｜ 累計担当者名 4108/9000
[2026-07-12T06:01:19.390Z]   処理 20｜ 掲載 13520｜ 担当者名 4111（30.4%）
[2026-07-12T06:02:25.290Z]   処理 30｜ 掲載 13530｜ 担当者名 4114（30.4%）
[2026-07-12T06:03:29.364Z] 🔍 "北海道 不動産": 掲載 100社（新規 0社）｜ 累計担当者名 4116/9000
[2026-07-12T06:03:33.649Z] 🔍 "北海道 物流": 掲載 100社（新規 3社）｜ 累計担当者名 4116/9000
[2026-07-12T06:03:46.691Z]   処理 40｜ 掲載 13540｜ 担当者名 4116（30.4%）
[2026-07-12T06:03:56.387Z] 🔍 "北海道 外食": 掲載 30社（新規 0社）｜ 累計担当者名 4116/9000
[2026-07-12T06:03:59.829Z] 🔍 "北海道 自動車": 掲載 100社（新規 2社）｜ 累計担当者名 4116/9000
[2026-07-12T06:04:17.507Z] 🔍 "北海道 人材": 掲載 100社（新規 3社）｜ 累計担当者名 4116/9000
[2026-07-12T06:04:44.194Z] 🔍 "北海道 教育": 掲載 100社（新規 2社）｜ 累計担当者名 4116/9000
[2026-07-12T06:04:59.446Z] 🔍 "北海道 化学": 掲載 100社（新規 11社）｜ 累計担当者名 4117/9000
[2026-07-12T06:05:11.855Z]   処理 50｜ 掲載 13550｜ 担当者名 4118（30.4%）
[2026-07-12T06:06:17.722Z] 🔍 "北海道 機械": 掲載 100社（新規 5社）｜ 累計担当者名 4121/9000
[2026-07-12T06:06:21.870Z]   処理 60｜ 掲載 13560｜ 担当者名 4121（30.4%）
[2026-07-12T06:06:49.101Z] 🔍 "北海道 アパレル": 掲載 42社（新規 0社）｜ 累計担当者名 4124/9000
[2026-07-12T06:06:52.357Z] 🔍 "北海道 ホテル": 掲載 100社（新規 4社）｜ 累計担当者名 4124/9000
[2026-07-12T06:07:23.831Z] 🔍 "青森 メーカー": 掲載 39社（新規 0社）｜ 累計担当者名 4126/9000
[2026-07-12T06:07:26.885Z] 🔍 "青森 商社": 掲載 21社（新規 0社）｜ 累計担当者名 4126/9000
[2026-07-12T06:07:28.422Z] 🔍 "青森 小売": 掲載 19社（新規 0社）｜ 累計担当者名 4126/9000
[2026-07-12T06:07:29.859Z] 🔍 "青森 金融": 掲載 11社（新規 0社）｜ 累計担当者名 4126/9000
[2026-07-12T06:07:31.543Z] 🔍 "青森 介護": 掲載 24社（新規 0社）｜ 累計担当者名 4126/9000
[2026-07-12T06:07:34.707Z] 🔍 "青森 医療": 掲載 100社（新規 14社）｜ 累計担当者名 4126/9000
[2026-07-12T06:07:48.598Z]   処理 70｜ 掲載 13570｜ 担当者名 4127（30.4%）
[2026-07-12T06:08:51.681Z]   処理 80｜ 掲載 13580｜ 担当者名 4129（30.4%）
[2026-07-12T06:09:09.103Z] 🔍 "青森 食品": 掲載 40社（新規 0社）｜ 累計担当者名 4129/9000
[2026-07-12T06:09:11.145Z] 🔍 "青森 建設": 掲載 29社（新規 0社）｜ 累計担当者名 4129/9000
[2026-07-12T06:09:13.550Z] 🔍 "青森 不動産": 掲載 11社（新規 0社）｜ 累計担当者名 4129/9000
[2026-07-12T06:09:15.309Z] 🔍 "青森 物流": 掲載 21社（新規 0社）｜ 累計担当者名 4129/9000
[2026-07-12T06:09:16.583Z] 🔍 "青森 外食": 掲載 4社（新規 0社）｜ 累計担当者名 4129/9000
[2026-07-12T06:09:20.170Z] 🔍 "青森 自動車": 掲載 100社（新規 3社）｜ 累計担当者名 4129/9000
[2026-07-12T06:09:40.589Z] 🔍 "青森 人材": 掲載 22社（新規 0社）｜ 累計担当者名 4131/9000
[2026-07-12T06:09:44.422Z] 🔍 "青森 教育": 掲載 100社（新規 9社）｜ 累計担当者名 4131/9000
[2026-07-12T06:10:14.098Z]   処理 90｜ 掲載 13590｜ 担当者名 4131（30.4%）
[2026-07-12T06:10:39.471Z] 🔍 "青森 化学": 掲載 100社（新規 7社）｜ 累計担当者名 4134/9000
[2026-07-12T06:11:15.106Z]   処理 100｜ 掲載 13600｜ 担当者名 4137（30.4%）
[2026-07-12T06:11:23.165Z] 🔍 "青森 機械": 掲載 20社（新規 0社）｜ 累計担当者名 4137/9000
[2026-07-12T06:11:24.478Z] 🔍 "青森 アパレル": 掲載 6社（新規 0社）｜ 累計担当者名 4137/9000
[2026-07-12T06:11:28.029Z] 🔍 "青森 ホテル": 掲載 82社（新規 0社）｜ 累計担当者名 4137/9000
[2026-07-12T06:11:30.602Z] 🔍 "岩手 メーカー": 掲載 69社（新規 0社）｜ 累計担当者名 4137/9000
[2026-07-12T06:11:33.523Z] 🔍 "岩手 商社": 掲載 21社（新規 0社）｜ 累計担当者名 4137/9000
[2026-07-12T06:11:34.976Z] 🔍 "岩手 小売": 掲載 15社（新規 0社）｜ 累計担当者名 4137/9000
[2026-07-12T06:11:36.480Z] 🔍 "岩手 金融": 掲載 29社（新規 0社）｜ 累計担当者名 4137/9000
[2026-07-12T06:11:38.038Z] 🔍 "岩手 介護": 掲載 25社（新規 0社）｜ 累計担当者名 4137/9000
[2026-07-12T06:11:41.330Z] 🔍 "岩手 医療": 掲載 100社（新規 8社）｜ 累計担当者名 4137/9000
[2026-07-12T06:12:43.324Z] 🔍 "岩手 食品": 掲載 47社（新規 0社）｜ 累計担当者名 4139/9000
[2026-07-12T06:12:45.934Z] 🔍 "岩手 建設": 掲載 64社（新規 0社）｜ 累計担当者名 4139/9000
[2026-07-12T06:12:47.477Z] 🔍 "岩手 不動産": 掲載 12社（新規 0社）｜ 累計担当者名 4139/9000
[2026-07-12T06:12:49.195Z] 🔍 "岩手 物流": 掲載 21社（新規 0社）｜ 累計担当者名 4139/9000
[2026-07-12T06:12:50.457Z] 🔍 "岩手 外食": 掲載 4社（新規 0社）｜ 累計担当者名 4139/9000
[2026-07-12T06:12:53.963Z] 🔍 "岩手 自動車": 掲載 100社（新規 5社）｜ 累計担当者名 4139/9000
[2026-07-12T06:13:01.730Z]   処理 110｜ 掲載 13610｜ 担当者名 4139（30.4%）
[2026-07-12T06:13:24.783Z] 🔍 "岩手 人材": 掲載 32社（新規 0社）｜ 累計担当者名 4141/9000
[2026-07-12T06:13:28.167Z] 🔍 "岩手 教育": 掲載 100社（新規 5社）｜ 累計担当者名 4141/9000
[2026-07-12T06:14:08.667Z] 🔍 "岩手 化学": 掲載 100社（新規 8社）｜ 累計担当者名 4142/9000
[2026-07-12T06:14:12.964Z]   処理 120｜ 掲載 13620｜ 担当者名 4142（30.4%）
[2026-07-12T06:15:01.661Z] 🔍 "岩手 機械": 掲載 36社（新規 0社）｜ 累計担当者名 4145/9000
[2026-07-12T06:15:03.034Z] 🔍 "岩手 アパレル": 掲載 7社（新規 0社）｜ 累計担当者名 4145/9000
[2026-07-12T06:15:07.704Z] 🔍 "岩手 ホテル": 掲載 95社（新規 0社）｜ 累計担当者名 4145/9000
[2026-07-12T06:15:12.034Z] 🔍 "宮城 メーカー": 掲載 100社（新規 0社）｜ 累計担当者名 4145/9000
[2026-07-12T06:15:14.110Z] 🔍 "宮城 商社": 掲載 46社（新規 0社）｜ 累計担当者名 4145/9000
[2026-07-12T06:15:15.943Z] 🔍 "宮城 小売": 掲載 32社（新規 0社）｜ 累計担当者名 4145/9000
[2026-07-12T06:15:17.342Z] 🔍 "宮城 金融": 掲載 19社（新規 0社）｜ 累計担当者名 4145/9000
[2026-07-12T06:15:19.503Z] 🔍 "宮城 介護": 掲載 64社（新規 0社）｜ 累計担当者名 4145/9000
[2026-07-12T06:15:22.597Z] 🔍 "宮城 医療": 掲載 100社（新規 3社）｜ 累計担当者名 4145/9000
[2026-07-12T06:15:41.968Z]   処理 130｜ 掲載 13630｜ 担当者名 4147（30.4%）
[2026-07-12T06:15:46.152Z] 🔍 "宮城 食品": 掲載 91社（新規 0社）｜ 累計担当者名 4147/9000
[2026-07-12T06:15:49.410Z] 🔍 "宮城 建設": 掲載 100社（新規 0社）｜ 累計担当者名 4147/9000
[2026-07-12T06:15:51.392Z] 🔍 "宮城 不動産": 掲載 41社（新規 0社）｜ 累計担当者名 4147/9000
[2026-07-12T06:15:53.167Z] 🔍 "宮城 物流": 掲載 38社（新規 0社）｜ 累計担当者名 4147/9000
[2026-07-12T06:15:54.475Z] 🔍 "宮城 外食": 掲載 8社（新規 0社）｜ 累計担当者名 4147/9000
[2026-07-12T06:15:57.950Z] 🔍 "宮城 自動車": 掲載 100社（新規 3社）｜ 累計担当者名 4147/9000
[2026-07-12T06:16:26.109Z] 🔍 "宮城 人材": 掲載 46社（新規 0社）｜ 累計担当者名 4147/9000
[2026-07-12T06:16:29.254Z] 🔍 "宮城 教育": 掲載 100社（新規 3社）｜ 累計担当者名 4147/9000
[2026-07-12T06:16:48.550Z] 🔍 "宮城 化学": 掲載 100社（新規 11社）｜ 累計担当者名 4147/9000
[2026-07-12T06:17:15.483Z]   処理 140｜ 掲載 13640｜ 担当者名 4147（30.4%）
[2026-07-12T06:17:57.712Z] 🔍 "宮城 機械": 掲載 61社（新規 0社）｜ 累計担当者名 4148/9000
[2026-07-12T06:17:59.394Z] 🔍 "宮城 アパレル": 掲載 21社（新規 0社）｜ 累計担当者名 4148/9000
[2026-07-12T06:18:03.037Z] 🔍 "宮城 ホテル": 掲載 100社（新規 0社）｜ 累計担当者名 4148/9000
[2026-07-12T06:18:06.787Z] 🔍 "秋田 メーカー": 掲載 46社（新規 0社）｜ 累計担当者名 4148/9000
[2026-07-12T06:18:08.373Z] 🔍 "秋田 商社": 掲載 22社（新規 0社）｜ 累計担当者名 4148/9000
[2026-07-12T06:18:09.690Z] 🔍 "秋田 小売": 掲載 12社（新規 0社）｜ 累計担当者名 4148/9000
[2026-07-12T06:18:11.295Z] 🔍 "秋田 金融": 掲載 27社（新規 0社）｜ 累計担当者名 4148/9000
[2026-07-12T06:18:12.932Z] 🔍 "秋田 介護": 掲載 21社（新規 0社）｜ 累計担当者名 4148/9000
[2026-07-12T06:18:16.474Z] 🔍 "秋田 医療": 掲載 100社（新規 13社）｜ 累計担当者名 4148/9000
[2026-07-12T06:18:38.366Z]   処理 150｜ 掲載 13650｜ 担当者名 4149（30.4%）
[2026-07-12T06:19:52.960Z]   処理 160｜ 掲載 13660｜ 担当者名 4149（30.4%）
[2026-07-12T06:19:55.978Z] 🔍 "秋田 食品": 掲載 35社（新規 0社）｜ 累計担当者名 4149/9000
[2026-07-12T06:19:59.019Z] 🔍 "秋田 建設": 掲載 100社（新規 0社）｜ 累計担当者名 4149/9000
[2026-07-12T06:20:00.760Z] 🔍 "秋田 不動産": 掲載 20社（新規 0社）｜ 累計担当者名 4149/9000
[2026-07-12T06:20:02.155Z] 🔍 "秋田 物流": 掲載 13社（新規 0社）｜ 累計担当者名 4149/9000
[2026-07-12T06:20:03.317Z] 🔍 "秋田 外食": 掲載 0社（新規 0社）｜ 累計担当者名 4149/9000
[2026-07-12T06:20:06.468Z] 🔍 "秋田 自動車": 掲載 100社（新規 2社）｜ 累計担当者名 4149/9000
[2026-07-12T06:20:22.887Z] 🔍 "秋田 人材": 掲載 23社（新規 0社）｜ 累計担当者名 4150/9000
[2026-07-12T06:20:26.211Z] 🔍 "秋田 教育": 掲載 100社（新規 20社）｜ 累計担当者名 4150/9000
[2026-07-12T06:21:24.837Z]   処理 170｜ 掲載 13670｜ 担当者名 4150（30.4%）
[2026-07-12T06:22:35.770Z]   処理 180｜ 掲載 13680｜ 担当者名 4157（30.4%）
[2026-07-12T06:22:54.288Z] 🔍 "秋田 化学": 掲載 100社（新規 0社）｜ 累計担当者名 4157/9000
[2026-07-12T06:22:56.153Z] 🔍 "秋田 機械": 掲載 30社（新規 0社）｜ 累計担当者名 4157/9000
[2026-07-12T06:22:57.461Z] 🔍 "秋田 アパレル": 掲載 6社（新規 0社）｜ 累計担当者名 4157/9000
[2026-07-12T06:23:00.204Z] 🔍 "秋田 ホテル": 掲載 86社（新規 0社）｜ 累計担当者名 4157/9000
[2026-07-12T06:23:02.817Z] 🔍 "山形 メーカー": 掲載 75社（新規 0社）｜ 累計担当者名 4157/9000
[2026-07-12T06:23:04.680Z] 🔍 "山形 商社": 掲載 27社（新規 0社）｜ 累計担当者名 4157/9000
[2026-07-12T06:23:06.182Z] 🔍 "山形 小売": 掲載 20社（新規 0社）｜ 累計担当者名 4157/9000
[2026-07-12T06:23:07.595Z] 🔍 "山形 金融": 掲載 19社（新規 0社）｜ 累計担当者名 4157/9000
[2026-07-12T06:23:09.345Z] 🔍 "山形 介護": 掲載 30社（新規 0社）｜ 累計担当者名 4157/9000
[2026-07-12T06:23:12.370Z] 🔍 "山形 医療": 掲載 100社（新規 15社）｜ 累計担当者名 4157/9000
[2026-07-12T06:24:07.642Z]   処理 190｜ 掲載 13690｜ 担当者名 4158（30.4%）
[2026-07-12T06:24:54.926Z] 🔍 "山形 食品": 掲載 58社（新規 0社）｜ 累計担当者名 4160/9000
[2026-07-12T06:24:57.174Z] 🔍 "山形 建設": 掲載 60社（新規 0社）｜ 累計担当者名 4160/9000
[2026-07-12T06:24:58.894Z] 🔍 "山形 不動産": 掲載 24社（新規 0社）｜ 累計担当者名 4160/9000
[2026-07-12T06:25:00.349Z] 🔍 "山形 物流": 掲載 17社（新規 0社）｜ 累計担当者名 4160/9000
[2026-07-12T06:25:01.599Z] 🔍 "山形 外食": 掲載 2社（新規 0社）｜ 累計担当者名 4160/9000
[2026-07-12T06:25:04.807Z] 🔍 "山形 自動車": 掲載 100社（新規 4社）｜ 累計担当者名 4160/9000
[2026-07-12T06:25:17.005Z]   処理 200｜ 掲載 13700｜ 担当者名 4161（30.4%）
[2026-07-12T06:25:24.398Z] 🔍 "山形 人材": 掲載 32社（新規 0社）｜ 累計担当者名 4162/9000
[2026-07-12T06:25:27.380Z] 🔍 "山形 教育": 掲載 100社（新規 14社）｜ 累計担当者名 4162/9000
[2026-07-12T06:26:31.578Z]   処理 210｜ 掲載 13710｜ 担当者名 4164（30.4%）
[2026-07-12T06:27:08.957Z] 🔍 "山形 化学": 掲載 100社（新規 6社）｜ 累計担当者名 4166/9000
[2026-07-12T06:27:38.542Z]   処理 220｜ 掲載 13720｜ 担当者名 4167（30.4%）
[2026-07-12T06:27:50.419Z] 🔍 "山形 機械": 掲載 48社（新規 0社）｜ 累計担当者名 4167/9000
[2026-07-12T06:27:51.739Z] 🔍 "山形 アパレル": 掲載 12社（新規 0社）｜ 累計担当者名 4167/9000
[2026-07-12T06:27:54.717Z] 🔍 "山形 ホテル": 掲載 81社（新規 0社）｜ 累計担当者名 4167/9000
[2026-07-12T06:27:57.936Z] 🔍 "福島 メーカー": 掲載 100社（新規 0社）｜ 累計担当者名 4167/9000
[2026-07-12T06:27:59.910Z] 🔍 "福島 商社": 掲載 43社（新規 0社）｜ 累計担当者名 4167/9000
[2026-07-12T06:28:01.476Z] 🔍 "福島 小売": 掲載 20社（新規 0社）｜ 累計担当者名 4167/9000
[2026-07-12T06:28:03.031Z] 🔍 "福島 金融": 掲載 23社（新規 0社）｜ 累計担当者名 4167/9000
[2026-07-12T06:28:05.008Z] 🔍 "福島 介護": 掲載 55社（新規 0社）｜ 累計担当者名 4167/9000
[2026-07-12T06:28:08.074Z] 🔍 "福島 医療": 掲載 100社（新規 4社）｜ 累計担当者名 4167/9000
[2026-07-12T06:28:38.054Z] 🔍 "福島 食品": 掲載 63社（新規 0社）｜ 累計担当者名 4168/9000
[2026-07-12T06:28:41.200Z] 🔍 "福島 建設": 掲載 100社（新規 0社）｜ 累計担当者名 4168/9000
[2026-07-12T06:28:42.976Z] 🔍 "福島 不動産": 掲載 24社（新規 0社）｜ 累計担当者名 4168/9000
[2026-07-12T06:28:45.964Z] 🔍 "福島 物流": 掲載 25社（新規 0社）｜ 累計担当者名 4168/9000
[2026-07-12T06:28:47.275Z] 🔍 "福島 外食": 掲載 8社（新規 0社）｜ 累計担当者名 4168/9000
[2026-07-12T06:28:50.301Z] 🔍 "福島 自動車": 掲載 100社（新規 2社）｜ 累計担当者名 4168/9000
[2026-07-12T06:29:08.022Z] 🔍 "福島 人材": 掲載 49社（新規 0社）｜ 累計担当者名 4168/9000
[2026-07-12T06:29:10.899Z] 🔍 "福島 教育": 掲載 100社（新規 2社）｜ 累計担当者名 4168/9000
[2026-07-12T06:29:31.959Z] 🔍 "福島 化学": 掲載 100社（新規 5社）｜ 累計担当者名 4168/9000
[2026-07-12T06:29:36.145Z]   処理 230｜ 掲載 13730｜ 担当者名 4168（30.4%）
[2026-07-12T06:30:00.066Z] 🔍 "福島 機械": 掲載 76社（新規 0社）｜ 累計担当者名 4169/9000
[2026-07-12T06:30:02.151Z] 🔍 "福島 アパレル": 掲載 17社（新規 0社）｜ 累計担当者名 4169/9000
[2026-07-12T06:30:04.758Z] 🔍 "福島 ホテル": 掲載 73社（新規 0社）｜ 累計担当者名 4169/9000
[2026-07-12T06:30:08.016Z] 🔍 "茨城 メーカー": 掲載 100社（新規 0社）｜ 累計担当者名 4169/9000
[2026-07-12T06:30:09.960Z] 🔍 "茨城 商社": 掲載 40社（新規 0社）｜ 累計担当者名 4169/9000
[2026-07-12T06:30:11.765Z] 🔍 "茨城 小売": 掲載 26社（新規 0社）｜ 累計担当者名 4169/9000
[2026-07-12T06:30:13.608Z] 🔍 "茨城 金融": 掲載 30社（新規 0社）｜ 累計担当者名 4169/9000
[2026-07-12T06:30:16.080Z] 🔍 "茨城 介護": 掲載 62社（新規 0社）｜ 累計担当者名 4169/9000
[2026-07-12T06:30:19.896Z] 🔍 "茨城 医療": 掲載 100社（新規 7社）｜ 累計担当者名 4169/9000
[2026-07-12T06:30:55.811Z]   処理 240｜ 掲載 13740｜ 担当者名 4171（30.4%）
[2026-07-12T06:31:03.464Z] 🔍 "茨城 食品": 掲載 100社（新規 0社）｜ 累計担当者名 4172/9000
[2026-07-12T06:31:09.317Z] 🔍 "茨城 建設": 掲載 100社（新規 0社）｜ 累計担当者名 4172/9000
[2026-07-12T06:31:11.606Z] 🔍 "茨城 不動産": 掲載 56社（新規 0社）｜ 累計担当者名 4172/9000
[2026-07-12T06:31:14.022Z] 🔍 "茨城 物流": 掲載 61社（新規 0社）｜ 累計担当者名 4172/9000
[2026-07-12T06:31:15.604Z] 🔍 "茨城 外食": 掲載 10社（新規 0社）｜ 累計担当者名 4172/9000
[2026-07-12T06:31:18.784Z] 🔍 "茨城 自動車": 掲載 100社（新規 3社）｜ 累計担当者名 4172/9000
[2026-07-12T06:31:39.795Z] 🔍 "茨城 人材": 掲載 54社（新規 0社）｜ 累計担当者名 4173/9000
[2026-07-12T06:31:42.977Z] 🔍 "茨城 教育": 掲載 100社（新規 4社）｜ 累計担当者名 4173/9000
[2026-07-12T06:32:08.255Z] 🔍 "茨城 化学": 掲載 100社（新規 9社）｜ 累計担当者名 4174/9000
[2026-07-12T06:32:21.252Z]   処理 250｜ 掲載 13750｜ 担当者名 4174（30.4%）
[2026-07-12T06:33:17.300Z] 🔍 "茨城 機械": 掲載 85社（新規 0社）｜ 累計担当者名 4175/9000
[2026-07-12T06:33:19.528Z] 🔍 "茨城 アパレル": 掲載 38社（新規 0社）｜ 累計担当者名 4175/9000
[2026-07-12T06:33:22.916Z] 🔍 "茨城 ホテル": 掲載 100社（新規 6社）｜ 累計担当者名 4175/9000
[2026-07-12T06:33:45.843Z]   処理 260｜ 掲載 13760｜ 担当者名 4177（30.4%）
[2026-07-12T06:34:08.546Z] 🔍 "栃木 メーカー": 掲載 92社（新規 0社）｜ 累計担当者名 4179/9000
[2026-07-12T06:34:10.720Z] 🔍 "栃木 商社": 掲載 39社（新規 0社）｜ 累計担当者名 4179/9000
[2026-07-12T06:34:12.613Z] 🔍 "栃木 小売": 掲載 24社（新規 0社）｜ 累計担当者名 4179/9000
[2026-07-12T06:34:14.091Z] 🔍 "栃木 金融": 掲載 15社（新規 0社）｜ 累計担当者名 4179/9000
[2026-07-12T06:34:16.136Z] 🔍 "栃木 介護": 掲載 38社（新規 0社）｜ 累計担当者名 4179/9000
[2026-07-12T06:34:19.566Z] 🔍 "栃木 医療": 掲載 100社（新規 5社）｜ 累計担当者名 4179/9000
[2026-07-12T06:34:53.418Z] 🔍 "栃木 食品": 掲載 80社（新規 0社）｜ 累計担当者名 4181/9000
[2026-07-12T06:34:55.732Z] 🔍 "栃木 建設": 掲載 64社（新規 0社）｜ 累計担当者名 4181/9000
[2026-07-12T06:34:57.577Z] 🔍 "栃木 不動産": 掲載 30社（新規 0社）｜ 累計担当者名 4181/9000
[2026-07-12T06:34:59.494Z] 🔍 "栃木 物流": 掲載 40社（新規 0社）｜ 累計担当者名 4181/9000
[2026-07-12T06:35:00.928Z] 🔍 "栃木 外食": 掲載 12社（新規 0社）｜ 累計担当者名 4181/9000
[2026-07-12T06:35:04.244Z] 🔍 "栃木 自動車": 掲載 100社（新規 3社）｜ 累計担当者名 4181/9000
[2026-07-12T06:35:14.676Z]   処理 270｜ 掲載 13770｜ 担当者名 4183（30.4%）
[2026-07-12T06:35:26.377Z] 🔍 "栃木 人材": 掲載 33社（新規 0社）｜ 累計担当者名 4184/9000
[2026-07-12T06:35:29.376Z] 🔍 "栃木 教育": 掲載 98社（新規 0社）｜ 累計担当者名 4184/9000
[2026-07-12T06:35:31.646Z] 🔍 "栃木 化学": 掲載 55社（新規 0社）｜ 累計担当者名 4184/9000
[2026-07-12T06:35:33.847Z] 🔍 "栃木 機械": 掲載 57社（新規 0社）｜ 累計担当者名 4184/9000
[2026-07-12T06:35:35.542Z] 🔍 "栃木 アパレル": 掲載 21社（新規 0社）｜ 累計担当者名 4184/9000
[2026-07-12T06:35:39.876Z] 🔍 "栃木 ホテル": 掲載 63社（新規 0社）｜ 累計担当者名 4184/9000
[2026-07-12T06:35:43.718Z] 🔍 "群馬 メーカー": 掲載 99社（新規 0社）｜ 累計担当者名 4184/9000
[2026-07-12T06:35:45.658Z] 🔍 "群馬 商社": 掲載 28社（新規 0社）｜ 累計担当者名 4184/9000
[2026-07-12T06:35:47.375Z] 🔍 "群馬 小売": 掲載 23社（新規 0社）｜ 累計担当者名 4184/9000
[2026-07-12T06:35:49.062Z] 🔍 "群馬 金融": 掲載 19社（新規 0社）｜ 累計担当者名 4184/9000
[2026-07-12T06:35:51.646Z] 🔍 "群馬 介護": 掲載 55社（新規 0社）｜ 累計担当者名 4184/9000
[2026-07-12T06:35:55.274Z] 🔍 "群馬 医療": 掲載 100社（新規 0社）｜ 累計担当者名 4184/9000
[2026-07-12T06:36:00.230Z] 🔍 "群馬 食品": 掲載 94社（新規 0社）｜ 累計担当者名 4184/9000
[2026-07-12T06:36:04.533Z] 🔍 "群馬 建設": 掲載 100社（新規 1社）｜ 累計担当者名 4184/9000
[2026-07-12T06:36:15.659Z] 🔍 "群馬 不動産": 掲載 41社（新規 0社）｜ 累計担当者名 4184/9000
[2026-07-12T06:36:17.751Z] 🔍 "群馬 物流": 掲載 49社（新規 0社）｜ 累計担当者名 4184/9000
[2026-07-12T06:36:19.197Z] 🔍 "群馬 外食": 掲載 13社（新規 0社）｜ 累計担当者名 4184/9000
[2026-07-12T06:36:22.907Z] 🔍 "群馬 自動車": 掲載 100社（新規 0社）｜ 累計担当者名 4184/9000
[2026-07-12T06:36:24.937Z] 🔍 "群馬 人材": 掲載 39社（新規 0社）｜ 累計担当者名 4184/9000
[2026-07-12T06:36:28.839Z] 🔍 "群馬 教育": 掲載 100社（新規 0社）｜ 累計担当者名 4184/9000
[2026-07-12T06:36:32.291Z] 🔍 "群馬 化学": 掲載 96社（新規 0社）｜ 累計担当者名 4184/9000
[2026-07-12T06:36:35.671Z] 🔍 "群馬 機械": 掲載 70社（新規 0社）｜ 累計担当者名 4184/9000
[2026-07-12T06:36:37.807Z] 🔍 "群馬 アパレル": 掲載 30社（新規 0社）｜ 累計担当者名 4184/9000
[2026-07-12T06:36:41.673Z] 🔍 "群馬 ホテル": 掲載 100社（新規 2社）｜ 累計担当者名 4184/9000
[2026-07-12T06:37:00.111Z] 🔍 "埼玉 メーカー": 掲載 100社（新規 0社）｜ 累計担当者名 4184/9000
[2026-07-12T06:37:03.628Z] 🔍 "埼玉 商社": 掲載 99社（新規 0社）｜ 累計担当者名 4184/9000
[2026-07-12T06:37:06.987Z] 🔍 "埼玉 小売": 掲載 66社（新規 0社）｜ 累計担当者名 4184/9000
[2026-07-12T06:37:09.309Z] 🔍 "埼玉 金融": 掲載 49社（新規 0社）｜ 累計担当者名 4184/9000
[2026-07-12T06:37:13.451Z] 🔍 "埼玉 介護": 掲載 100社（新規 1社）｜ 累計担当者名 4184/9000
[2026-07-12T06:37:21.543Z] 🔍 "埼玉 医療": 掲載 100社（新規 2社）｜ 累計担当者名 4185/9000
[2026-07-12T06:37:35.571Z] 🔍 "埼玉 食品": 掲載 100社（新規 1社）｜ 累計担当者名 4185/9000
[2026-07-12T06:37:44.286Z] 🔍 "埼玉 建設": 掲載 100社（新規 4社）｜ 累計担当者名 4185/9000
[2026-07-12T06:37:57.397Z]   処理 280｜ 掲載 13780｜ 担当者名 4185（30.4%）
[2026-07-12T06:38:16.893Z] 🔍 "埼玉 不動産": 掲載 100社（新規 0社）｜ 累計担当者名 4186/9000
[2026-07-12T06:38:21.915Z] 🔍 "埼玉 物流": 掲載 100社（新規 0社）｜ 累計担当者名 4186/9000
[2026-07-12T06:38:23.701Z] 🔍 "埼玉 外食": 掲載 22社（新規 0社）｜ 累計担当者名 4186/9000
[2026-07-12T06:38:26.935Z] 🔍 "埼玉 自動車": 掲載 100社（新規 1社）｜ 累計担当者名 4186/9000
[2026-07-12T06:38:36.324Z] 🔍 "埼玉 人材": 掲載 100社（新規 0社）｜ 累計担当者名 4186/9000
[2026-07-12T06:38:39.722Z] 🔍 "埼玉 教育": 掲載 100社（新規 1社）｜ 累計担当者名 4186/9000
[2026-07-12T06:38:52.017Z] 🔍 "埼玉 化学": 掲載 100社（新規 7社）｜ 累計担当者名 4186/9000
[2026-07-12T06:39:40.628Z]   処理 290｜ 掲載 13790｜ 担当者名 4187（30.4%）
[2026-07-12T06:39:54.031Z] 🔍 "埼玉 機械": 掲載 100社（新規 3社）｜ 累計担当者名 4187/9000
[2026-07-12T06:40:20.360Z] 🔍 "埼玉 アパレル": 掲載 100社（新規 0社）｜ 累計担当者名 4190/9000
[2026-07-12T06:40:25.853Z] 🔍 "埼玉 ホテル": 掲載 100社（新規 0社）｜ 累計担当者名 4190/9000
[2026-07-12T06:40:29.913Z] 🔍 "千葉 メーカー": 掲載 100社（新規 0社）｜ 累計担当者名 4190/9000
[2026-07-12T06:40:33.068Z] 🔍 "千葉 商社": 掲載 79社（新規 0社）｜ 累計担当者名 4190/9000
[2026-07-12T06:40:35.906Z] 🔍 "千葉 小売": 掲載 62社（新規 0社）｜ 累計担当者名 4190/9000
[2026-07-12T06:40:38.362Z] 🔍 "千葉 金融": 掲載 43社（新規 0社）｜ 累計担当者名 4190/9000
[2026-07-12T06:40:43.100Z] 🔍 "千葉 介護": 掲載 100社（新規 1社）｜ 累計担当者名 4190/9000
[2026-07-12T06:40:52.264Z] 🔍 "千葉 医療": 掲載 100社（新規 0社）｜ 累計担当者名 4191/9000
[2026-07-12T06:40:57.091Z] 🔍 "千葉 食品": 掲載 100社（新規 0社）｜ 累計担当者名 4191/9000
[2026-07-12T06:41:01.034Z] 🔍 "千葉 建設": 掲載 100社（新規 0社）｜ 累計担当者名 4191/9000
[2026-07-12T06:41:06.968Z] 🔍 "千葉 不動産": 掲載 100社（新規 1社）｜ 累計担当者名 4191/9000
[2026-07-12T06:41:19.013Z] 🔍 "千葉 物流": 掲載 98社（新規 0社）｜ 累計担当者名 4192/9000
[2026-07-12T06:41:20.664Z] 🔍 "千葉 外食": 掲載 20社（新規 0社）｜ 累計担当者名 4192/9000
[2026-07-12T06:41:23.994Z] 🔍 "千葉 自動車": 掲載 100社（新規 3社）｜ 累計担当者名 4192/9000
[2026-07-12T06:41:48.551Z] 🔍 "千葉 人材": 掲載 100社（新規 0社）｜ 累計担当者名 4192/9000
[2026-07-12T06:41:52.071Z] 🔍 "千葉 教育": 掲載 100社（新規 0社）｜ 累計担当者名 4192/9000
[2026-07-12T06:41:55.404Z] 🔍 "千葉 化学": 掲載 100社（新規 11社）｜ 累計担当者名 4192/9000
[2026-07-12T06:42:03.216Z]   処理 300｜ 掲載 13800｜ 担当者名 4192（30.4%）
[2026-07-12T06:43:11.111Z]   処理 310｜ 掲載 13810｜ 担当者名 4192（30.4%）
[2026-07-12T06:43:17.031Z] 🔍 "千葉 機械": 掲載 100社（新規 0社）｜ 累計担当者名 4192/9000
[2026-07-12T06:43:20.215Z] 🔍 "千葉 アパレル": 掲載 93社（新規 0社）｜ 累計担当者名 4192/9000
[2026-07-12T06:43:24.187Z] 🔍 "千葉 ホテル": 掲載 100社（新規 1社）｜ 累計担当者名 4192/9000
[2026-07-12T06:43:32.939Z] 🔍 "東京 メーカー": 掲載 100社（新規 25社）｜ 累計担当者名 4192/9000
[2026-07-12T06:44:40.886Z]   処理 320｜ 掲載 13820｜ 担当者名 4194（30.3%）
[2026-07-12T06:45:52.990Z]   処理 330｜ 掲載 13830｜ 担当者名 4198（30.4%）
[2026-07-12T06:46:42.280Z] 🔍 "東京 商社": 掲載 100社（新規 11社）｜ 累計担当者名 4199/9000
[2026-07-12T06:47:03.133Z]   処理 340｜ 掲載 13840｜ 担当者名 4200（30.3%）
[2026-07-12T06:47:52.029Z] 🔍 "東京 小売": 掲載 100社（新規 4社）｜ 累計担当者名 4202/9000
[2026-07-12T06:48:10.153Z]   処理 350｜ 掲載 13850｜ 担当者名 4202（30.3%）
[2026-07-12T06:48:23.431Z] 🔍 "東京 金融": 掲載 100社（新規 18社）｜ 累計担当者名 4202/9000
[2026-07-12T06:49:17.395Z]   処理 360｜ 掲載 13860｜ 担当者名 4205（30.3%）
[2026-07-12T06:50:14.208Z] 🔍 "東京 介護": 掲載 100社（新規 11社）｜ 累計担当者名 4206/9000
[2026-07-12T06:50:15.830Z]   処理 370｜ 掲載 13870｜ 担当者名 4207（30.3%）
[2026-07-12T06:51:39.295Z]   処理 380｜ 掲載 13880｜ 担当者名 4210（30.3%）
[2026-07-12T06:51:46.145Z] 🔍 "東京 医療": 掲載 100社（新規 8社）｜ 累計担当者名 4210/9000
[2026-07-12T06:52:29.513Z] 🔍 "東京 食品": 掲載 100社（新規 2社）｜ 累計担当者名 4215/9000
[2026-07-12T06:52:36.318Z]   処理 390｜ 掲載 13890｜ 担当者名 4216（30.4%）
[2026-07-12T06:52:40.629Z] 🔍 "東京 建設": 掲載 100社（新規 17社）｜ 累計担当者名 4216/9000
[2026-07-12T06:53:43.014Z]   処理 400｜ 掲載 13900｜ 担当者名 4219（30.4%）
[2026-07-12T06:54:41.868Z] 🔍 "東京 不動産": 掲載 100社（新規 10社）｜ 累計担当者名 4220/9000
[2026-07-12T06:55:07.359Z]   処理 410｜ 掲載 13910｜ 担当者名 4220（30.3%）
[2026-07-12T06:55:53.140Z] 🔍 "東京 物流": 掲載 100社（新規 6社）｜ 累計担当者名 4223/9000
[2026-07-12T06:56:11.470Z]   処理 420｜ 掲載 13920｜ 担当者名 4224（30.3%）
[2026-07-12T06:56:34.457Z] 🔍 "東京 外食": 掲載 71社（新規 0社）｜ 累計担当者名 4224/9000
[2026-07-12T06:56:37.881Z] 🔍 "東京 自動車": 掲載 100社（新規 8社）｜ 累計担当者名 4224/9000
[2026-07-12T06:57:20.774Z]   処理 430｜ 掲載 13930｜ 担当者名 4224（30.3%）
[2026-07-12T06:57:30.684Z] 🔍 "東京 人材": 掲載 100社（新規 8社）｜ 累計担当者名 4224/9000
[2026-07-12T06:58:22.162Z] 🔍 "東京 教育": 掲載 100社（新規 5社）｜ 累計担当者名 4227/9000
[2026-07-12T06:58:29.808Z]   処理 440｜ 掲載 13940｜ 担当者名 4227（30.3%）
[2026-07-12T06:58:59.233Z] 🔍 "東京 化学": 掲載 100社（新規 2社）｜ 累計担当者名 4230/9000
[2026-07-12T06:59:20.691Z] 🔍 "東京 機械": 掲載 100社（新規 13社）｜ 累計担当者名 4230/9000
[2026-07-12T06:59:39.981Z]   処理 450｜ 掲載 13950｜ 担当者名 4232（30.3%）
[2026-07-12T07:00:48.726Z] 🔍 "東京 アパレル": 掲載 100社（新規 3社）｜ 累計担当者名 4235/9000
[2026-07-12T07:00:52.940Z]   処理 460｜ 掲載 13960｜ 担当者名 4235（30.3%）
[2026-07-12T07:01:15.733Z] 🔍 "東京 ホテル": 掲載 100社（新規 6社）｜ 累計担当者名 4235/9000
[2026-07-12T07:02:04.826Z] 🔍 "神奈川 メーカー": 掲載 100社（新規 5社）｜ 累計担当者名 4237/9000
[2026-07-12T07:02:14.260Z]   処理 470｜ 掲載 13970｜ 担当者名 4238（30.3%）
[2026-07-12T07:02:38.645Z] 🔍 "神奈川 商社": 掲載 95社（新規 0社）｜ 累計担当者名 4238/9000
[2026-07-12T07:02:41.478Z] 🔍 "神奈川 小売": 掲載 63社（新規 0社）｜ 累計担当者名 4238/9000
[2026-07-12T07:02:43.955Z] 🔍 "神奈川 金融": 掲載 63社（新規 0社）｜ 累計担当者名 4238/9000
[2026-07-12T07:02:47.641Z] 🔍 "神奈川 介護": 掲載 100社（新規 0社）｜ 累計担当者名 4238/9000
[2026-07-12T07:02:51.392Z] 🔍 "神奈川 医療": 掲載 100社（新規 2社）｜ 累計担当者名 4238/9000
[2026-07-12T07:03:06.957Z] 🔍 "神奈川 食品": 掲載 100社（新規 2社）｜ 累計担当者名 4239/9000
[2026-07-12T07:03:21.694Z] 🔍 "神奈川 建設": 掲載 100社（新規 3社）｜ 累計担当者名 4239/9000
[2026-07-12T07:03:37.279Z]   処理 480｜ 掲載 13980｜ 担当者名 4240（30.3%）
[2026-07-12T07:03:41.605Z] 🔍 "神奈川 不動産": 掲載 100社（新規 2社）｜ 累計担当者名 4240/9000
[2026-07-12T07:03:55.345Z] 🔍 "神奈川 物流": 掲載 100社（新規 1社）｜ 累計担当者名 4240/9000
[2026-07-12T07:04:05.920Z] 🔍 "神奈川 外食": 掲載 21社（新規 0社）｜ 累計担当者名 4240/9000
[2026-07-12T07:04:09.073Z] 🔍 "神奈川 自動車": 掲載 100社（新規 4社）｜ 累計担当者名 4240/9000
[2026-07-12T07:04:36.878Z] 🔍 "神奈川 人材": 掲載 100社（新規 1社）｜ 累計担当者名 4241/9000
[2026-07-12T07:04:45.588Z] 🔍 "神奈川 教育": 掲載 100社（新規 3社）｜ 累計担当者名 4241/9000
[2026-07-12T07:04:58.564Z]   処理 490｜ 掲載 13990｜ 担当者名 4241（30.3%）
[2026-07-12T07:05:08.699Z] 🔍 "神奈川 化学": 掲載 100社（新規 11社）｜ 累計担当者名 4241/9000
[2026-07-12T07:06:01.137Z]   処理 500｜ 掲載 14000｜ 担当者名 4244（30.3%）
[2026-07-12T07:06:19.504Z] 🔍 "神奈川 機械": 掲載 100社（新規 0社）｜ 累計担当者名 4245/9000
[2026-07-12T07:06:23.130Z] 🔍 "神奈川 アパレル": 掲載 99社（新規 0社）｜ 累計担当者名 4245/9000
[2026-07-12T07:06:27.953Z] 🔍 "神奈川 ホテル": 掲載 100社（新規 3社）｜ 累計担当者名 4245/9000
[2026-07-12T07:06:47.944Z] 🔍 "新潟 メーカー": 掲載 100社（新規 0社）｜ 累計担当者名 4245/9000
[2026-07-12T07:06:50.248Z] 🔍 "新潟 商社": 掲載 54社（新規 0社）｜ 累計担当者名 4245/9000
[2026-07-12T07:06:51.990Z] 🔍 "新潟 小売": 掲載 30社（新規 0社）｜ 累計担当者名 4245/9000
[2026-07-12T07:06:53.702Z] 🔍 "新潟 金融": 掲載 28社（新規 0社）｜ 累計担当者名 4245/9000
[2026-07-12T07:06:56.132Z] 🔍 "新潟 介護": 掲載 66社（新規 0社）｜ 累計担当者名 4245/9000
[2026-07-12T07:06:59.500Z] 🔍 "新潟 医療": 掲載 100社（新規 8社）｜ 累計担当者名 4245/9000
[2026-07-12T07:07:26.676Z]   処理 510｜ 掲載 14010｜ 担当者名 4247（30.3%）
[2026-07-12T07:07:55.316Z] 🔍 "新潟 食品": 掲載 85社（新規 0社）｜ 累計担当者名 4247/9000
[2026-07-12T07:07:58.333Z] 🔍 "新潟 建設": 掲載 100社（新規 0社）｜ 累計担当者名 4247/9000
[2026-07-12T07:08:00.385Z] 🔍 "新潟 不動産": 掲載 42社（新規 0社）｜ 累計担当者名 4247/9000
[2026-07-12T07:08:02.266Z] 🔍 "新潟 物流": 掲載 40社（新規 0社）｜ 累計担当者名 4247/9000
[2026-07-12T07:08:03.541Z] 🔍 "新潟 外食": 掲載 6社（新規 0社）｜ 累計担当者名 4247/9000
[2026-07-12T07:08:06.547Z] 🔍 "新潟 自動車": 掲載 100社（新規 7社）｜ 累計担当者名 4247/9000
[2026-07-12T07:08:52.796Z]   処理 520｜ 掲載 14020｜ 担当者名 4247（30.3%）
[2026-07-12T07:08:56.260Z] 🔍 "新潟 人材": 掲載 56社（新規 0社）｜ 累計担当者名 4247/9000
[2026-07-12T07:08:59.175Z] 🔍 "新潟 教育": 掲載 100社（新規 5社）｜ 累計担当者名 4247/9000
[2026-07-12T07:09:36.175Z] 🔍 "新潟 化学": 掲載 100社（新規 6社）｜ 累計担当者名 4248/9000
[2026-07-12T07:10:01.485Z]   処理 530｜ 掲載 14030｜ 担当者名 4250（30.3%）
[2026-07-12T07:10:11.449Z] 🔍 "新潟 機械": 掲載 92社（新規 0社）｜ 累計担当者名 4250/9000
[2026-07-12T07:10:13.176Z] 🔍 "新潟 アパレル": 掲載 24社（新規 0社）｜ 累計担当者名 4250/9000
[2026-07-12T07:10:16.316Z] 🔍 "新潟 ホテル": 掲載 100社（新規 5社）｜ 累計担当者名 4250/9000
[2026-07-12T07:10:56.805Z] 🔍 "富山 メーカー": 掲載 89社（新規 0社）｜ 累計担当者名 4251/9000
[2026-07-12T07:10:58.781Z] 🔍 "富山 商社": 掲載 36社（新規 0社）｜ 累計担当者名 4251/9000
[2026-07-12T07:11:00.192Z] 🔍 "富山 小売": 掲載 14社（新規 0社）｜ 累計担当者名 4251/9000
[2026-07-12T07:11:02.357Z] 🔍 "富山 金融": 掲載 24社（新規 0社）｜ 累計担当者名 4251/9000
[2026-07-12T07:11:05.345Z] 🔍 "富山 介護": 掲載 23社（新規 0社）｜ 累計担当者名 4251/9000
[2026-07-12T07:11:09.053Z] 🔍 "富山 医療": 掲載 100社（新規 10社）｜ 累計担当者名 4251/9000
[2026-07-12T07:11:32.776Z]   処理 540｜ 掲載 14040｜ 担当者名 4251（30.3%）
[2026-07-12T07:12:15.788Z] 🔍 "富山 食品": 掲載 44社（新規 0社）｜ 累計担当者名 4252/9000
[2026-07-12T07:12:19.191Z] 🔍 "富山 建設": 掲載 84社（新規 0社）｜ 累計担当者名 4252/9000
[2026-07-12T07:12:21.086Z] 🔍 "富山 不動産": 掲載 32社（新規 0社）｜ 累計担当者名 4252/9000
[2026-07-12T07:12:22.794Z] 🔍 "富山 物流": 掲載 27社（新規 0社）｜ 累計担当者名 4252/9000
[2026-07-12T07:12:23.986Z] 🔍 "富山 外食": 掲載 1社（新規 0社）｜ 累計担当者名 4252/9000
[2026-07-12T07:12:27.157Z] 🔍 "富山 自動車": 掲載 100社（新規 6社）｜ 累計担当者名 4252/9000
[2026-07-12T07:12:44.541Z]   処理 550｜ 掲載 14050｜ 担当者名 4255（30.3%）
[2026-07-12T07:13:00.628Z] 🔍 "富山 人材": 掲載 27社（新規 0社）｜ 累計担当者名 4256/9000
[2026-07-12T07:13:03.684Z] 🔍 "富山 教育": 掲載 100社（新規 16社）｜ 累計担当者名 4256/9000
[2026-07-12T07:14:06.285Z]   処理 560｜ 掲載 14060｜ 担当者名 4259（30.3%）
[2026-07-12T07:15:01.824Z] 🔍 "富山 化学": 掲載 100社（新規 6社）｜ 累計担当者名 4263/9000
[2026-07-12T07:15:11.464Z]   処理 570｜ 掲載 14070｜ 担当者名 4263（30.3%）
[2026-07-12T07:15:52.720Z] 🔍 "富山 機械": 掲載 62社（新規 0社）｜ 累計担当者名 4263/9000
[2026-07-12T07:15:54.388Z] 🔍 "富山 アパレル": 掲載 13社（新規 0社）｜ 累計担当者名 4263/9000
[2026-07-12T07:15:57.587Z] 🔍 "富山 ホテル": 掲載 74社（新規 0社）｜ 累計担当者名 4263/9000
[2026-07-12T07:16:00.925Z] 🔍 "石川 メーカー": 掲載 75社（新規 0社）｜ 累計担当者名 4263/9000
[2026-07-12T07:16:03.067Z] 🔍 "石川 商社": 掲載 48社（新規 0社）｜ 累計担当者名 4263/9000
[2026-07-12T07:16:04.638Z] 🔍 "石川 小売": 掲載 23社（新規 0社）｜ 累計担当者名 4263/9000
[2026-07-12T07:16:06.063Z] 🔍 "石川 金融": 掲載 24社（新規 0社）｜ 累計担当者名 4263/9000
[2026-07-12T07:16:07.516Z] 🔍 "石川 介護": 掲載 18社（新規 0社）｜ 累計担当者名 4263/9000
[2026-07-12T07:16:10.643Z] 🔍 "石川 医療": 掲載 100社（新規 4社）｜ 累計担当者名 4263/9000
[2026-07-12T07:16:38.971Z] 🔍 "石川 食品": 掲載 48社（新規 0社）｜ 累計担当者名 4264/9000
[2026-07-12T07:16:43.825Z] 🔍 "石川 建設": 掲載 87社（新規 0社）｜ 累計担当者名 4264/9000
[2026-07-12T07:16:45.707Z] 🔍 "石川 不動産": 掲載 30社（新規 0社）｜ 累計担当者名 4264/9000
[2026-07-12T07:16:47.224Z] 🔍 "石川 物流": 掲載 21社（新規 0社）｜ 累計担当者名 4264/9000
[2026-07-12T07:16:48.532Z] 🔍 "石川 外食": 掲載 3社（新規 0社）｜ 累計担当者名 4264/9000
[2026-07-12T07:16:51.433Z] 🔍 "石川 自動車": 掲載 88社（新規 0社）｜ 累計担当者名 4264/9000
[2026-07-12T07:16:53.099Z] 🔍 "石川 人材": 掲載 23社（新規 0社）｜ 累計担当者名 4264/9000
[2026-07-12T07:16:56.344Z] 🔍 "石川 教育": 掲載 100社（新規 6社）｜ 累計担当者名 4264/9000
[2026-07-12T07:17:09.863Z]   処理 580｜ 掲載 14080｜ 担当者名 4264（30.3%）
[2026-07-12T07:17:35.070Z] 🔍 "石川 化学": 掲載 25社（新規 0社）｜ 累計担当者名 4265/9000
[2026-07-12T07:17:37.697Z] 🔍 "石川 機械": 掲載 64社（新規 0社）｜ 累計担当者名 4265/9000
[2026-07-12T07:17:39.267Z] 🔍 "石川 アパレル": 掲載 14社（新規 0社）｜ 累計担当者名 4265/9000
[2026-07-12T07:17:41.238Z] 🔍 "石川 ホテル": 掲載 44社（新規 0社）｜ 累計担当者名 4265/9000
[2026-07-12T07:17:45.117Z] 🔍 "福井 メーカー": 掲載 59社（新規 0社）｜ 累計担当者名 4265/9000
[2026-07-12T07:17:47.045Z] 🔍 "福井 商社": 掲載 32社（新規 0社）｜ 累計担当者名 4265/9000
[2026-07-12T07:17:48.469Z] 🔍 "福井 小売": 掲載 15社（新規 0社）｜ 累計担当者名 4265/9000
[2026-07-12T07:17:49.938Z] 🔍 "福井 金融": 掲載 30社（新規 0社）｜ 累計担当者名 4265/9000
[2026-07-12T07:17:52.521Z] 🔍 "福井 介護": 掲載 23社（新規 0社）｜ 累計担当者名 4265/9000
[2026-07-12T07:17:56.314Z] 🔍 "福井 医療": 掲載 100社（新規 18社）｜ 累計担当者名 4265/9000
[2026-07-12T07:18:36.138Z]   処理 590｜ 掲載 14090｜ 担当者名 4267（30.3%）
[2026-07-12T07:19:45.763Z]   処理 600｜ 掲載 14100｜ 担当者名 4271（30.3%）
[2026-07-12T07:20:06.890Z] 🔍 "福井 食品": 掲載 33社（新規 2社）｜ 累計担当者名 4271/9000
[2026-07-12T07:20:19.606Z] 🔍 "福井 建設": 掲載 100社（新規 41社）｜ 累計担当者名 4272/9000
[2026-07-12T07:20:56.002Z]   処理 610｜ 掲載 14110｜ 担当者名 4275（30.3%）
[2026-07-12T07:21:57.430Z]   処理 620｜ 掲載 14120｜ 担当者名 4278（30.3%）
[2026-07-12T07:22:54.677Z]   処理 630｜ 掲載 14130｜ 担当者名 4280（30.3%）
[2026-07-12T07:24:02.782Z]   処理 640｜ 掲載 14140｜ 担当者名 4284（30.3%）
[2026-07-12T07:24:45.989Z] 🔍 "福井 不動産": 掲載 20社（新規 1社）｜ 累計担当者名 4286/9000
[2026-07-12T07:24:52.793Z] 🔍 "福井 物流": 掲載 24社（新規 2社）｜ 累計担当者名 4286/9000
[2026-07-12T07:25:08.265Z] 🔍 "福井 外食": 掲載 2社（新規 0社）｜ 累計担当者名 4286/9000
[2026-07-12T07:25:12.966Z] 🔍 "福井 自動車": 掲載 100社（新規 19社）｜ 累計担当者名 4286/9000
[2026-07-12T07:25:26.072Z]   処理 650｜ 掲載 14150｜ 担当者名 4286（30.3%）
[2026-07-12T07:26:27.397Z]   処理 660｜ 掲載 14160｜ 担当者名 4291（30.3%）
[2026-07-12T07:27:21.633Z] 🔍 "福井 人材": 掲載 23社（新規 1社）｜ 累計担当者名 4293/9000
[2026-07-12T07:27:29.978Z] 🔍 "福井 教育": 掲載 100社（新規 15社）｜ 累計担当者名 4293/9000
[2026-07-12T07:27:43.126Z]   処理 670｜ 掲載 14170｜ 担当者名 4293（30.3%）
[2026-07-12T07:28:52.695Z]   処理 680｜ 掲載 14180｜ 担当者名 4297（30.3%）
[2026-07-12T07:29:18.432Z] 🔍 "福井 化学": 掲載 100社（新規 18社）｜ 累計担当者名 4298/9000
[2026-07-12T07:30:19.325Z]   処理 690｜ 掲載 14190｜ 担当者名 4300（30.3%）
[2026-07-12T07:31:27.525Z]   処理 700｜ 掲載 14200｜ 担当者名 4305（30.3%）
[2026-07-12T07:31:39.484Z] 🔍 "福井 機械": 掲載 38社（新規 6社）｜ 累計担当者名 4305/9000
[2026-07-12T07:32:15.917Z] 🔍 "福井 アパレル": 掲載 14社（新規 0社）｜ 累計担当者名 4309/9000
[2026-07-12T07:32:17.891Z] 🔍 "福井 ホテル": 掲載 42社（新規 10社）｜ 累計担当者名 4309/9000
[2026-07-12T07:32:29.119Z]   処理 710｜ 掲載 14210｜ 担当者名 4312（30.3%）
[2026-07-12T07:33:20.434Z] 🔍 "山梨 メーカー": 掲載 48社（新規 17社）｜ 累計担当者名 4315/9000
[2026-07-12T07:33:39.494Z]   処理 720｜ 掲載 14220｜ 担当者名 4317（30.4%）
[2026-07-12T07:34:47.530Z]   処理 730｜ 掲載 14230｜ 担当者名 4320（30.4%）
[2026-07-12T07:35:12.206Z] 🔍 "山梨 商社": 掲載 21社（新規 2社）｜ 累計担当者名 4322/9000
[2026-07-12T07:35:27.870Z] 🔍 "山梨 小売": 掲載 21社（新規 5社）｜ 累計担当者名 4322/9000
[2026-07-12T07:35:51.117Z]   処理 740｜ 掲載 14240｜ 担当者名 4323（30.4%）
[2026-07-12T07:35:58.857Z] 🔍 "山梨 金融": 掲載 16社（新規 6社）｜ 累計担当者名 4323/9000
[2026-07-12T07:36:33.880Z] 🔍 "山梨 介護": 掲載 45社（新規 13社）｜ 累計担当者名 4325/9000
[2026-07-12T07:36:52.932Z]   処理 750｜ 掲載 14250｜ 担当者名 4326（30.4%）
[2026-07-12T07:38:07.181Z]   処理 760｜ 掲載 14260｜ 担当者名 4328（30.4%）
[2026-07-12T07:38:11.900Z] 🔍 "山梨 医療": 掲載 100社（新規 14社）｜ 累計担当者名 4328/9000
[2026-07-12T07:39:24.855Z]   処理 770｜ 掲載 14270｜ 担当者名 4328（30.3%）
[2026-07-12T07:39:53.397Z] 🔍 "山梨 食品": 掲載 58社（新規 6社）｜ 累計担当者名 4328/9000
[2026-07-12T07:40:31.285Z]   処理 780｜ 掲載 14280｜ 担当者名 4331（30.3%）
[2026-07-12T07:40:43.884Z] 🔍 "山梨 建設": 掲載 63社（新規 15社）｜ 累計担当者名 4331/9000
[2026-07-12T07:41:38.780Z]   処理 790｜ 掲載 14290｜ 担当者名 4335（30.3%）
[2026-07-12T07:42:10.935Z] 🔍 "山梨 不動産": 掲載 22社（新規 4社）｜ 累計担当者名 4336/9000
[2026-07-12T07:42:41.199Z] 🔍 "山梨 物流": 掲載 22社（新規 0社）｜ 累計担当者名 4336/9000
[2026-07-12T07:42:42.524Z] 🔍 "山梨 外食": 掲載 4社（新規 0社）｜ 累計担当者名 4336/9000
[2026-07-12T07:42:46.312Z] 🔍 "山梨 自動車": 掲載 100社（新規 21社）｜ 累計担当者名 4336/9000
[2026-07-12T07:42:50.515Z]   処理 800｜ 掲載 14300｜ 担当者名 4337（30.3%）
[2026-07-12T07:44:10.473Z]   処理 810｜ 掲載 14310｜ 担当者名 4339（30.3%）
[2026-07-12T07:45:27.665Z]   処理 820｜ 掲載 14320｜ 担当者名 4344（30.3%）
[2026-07-12T07:45:30.506Z] 🔍 "山梨 人材": 掲載 21社（新規 6社）｜ 累計担当者名 4344/9000
[2026-07-12T07:46:10.040Z] 🔍 "山梨 教育": 掲載 100社（新規 23社）｜ 累計担当者名 4345/9000
[2026-07-12T07:46:50.639Z]   処理 830｜ 掲載 14330｜ 担当者名 4345（30.3%）
[2026-07-12T07:48:00.324Z]   処理 840｜ 掲載 14340｜ 担当者名 4348（30.3%）
[2026-07-12T07:49:16.737Z] 🔍 "山梨 化学": 掲載 100社（新規 17社）｜ 累計担当者名 4350/9000
[2026-07-12T07:49:20.923Z]   処理 850｜ 掲載 14350｜ 担当者名 4350（30.3%）
[2026-07-12T07:50:27.952Z]   処理 860｜ 掲載 14360｜ 担当者名 4354（30.3%）
[2026-07-12T07:51:17.168Z] 🔍 "山梨 機械": 掲載 29社（新規 2社）｜ 累計担当者名 4356/9000
[2026-07-12T07:51:33.188Z] 🔍 "山梨 アパレル": 掲載 16社（新規 0社）｜ 累計担当者名 4356/9000
[2026-07-12T07:51:36.275Z] 🔍 "山梨 ホテル": 掲載 100社（新規 22社）｜ 累計担当者名 4356/9000
[2026-07-12T07:51:56.938Z]   処理 870｜ 掲載 14370｜ 担当者名 4357（30.3%）
[2026-07-12T07:53:07.479Z]   処理 880｜ 掲載 14380｜ 担当者名 4361（30.3%）
[2026-07-12T07:54:24.441Z]   処理 890｜ 掲載 14390｜ 担当者名 4364（30.3%）
[2026-07-12T07:54:28.897Z] 🔍 "長野 メーカー": 掲載 100社（新規 42社）｜ 累計担当者名 4364/9000
[2026-07-12T07:55:47.846Z]   処理 900｜ 掲載 14400｜ 担当者名 4370（30.3%）
[2026-07-12T07:56:55.755Z]   処理 910｜ 掲載 14410｜ 担当者名 4375（30.4%）
[2026-07-12T07:57:57.471Z]   処理 920｜ 掲載 14420｜ 担当者名 4378（30.4%）
[2026-07-12T07:59:17.743Z]   処理 930｜ 掲載 14430｜ 担当者名 4379（30.3%）
[2026-07-12T07:59:34.716Z] 🔍 "長野 商社": 掲載 76社（新規 14社）｜ 累計担当者名 4380/9000
[2026-07-12T08:00:16.989Z]   処理 940｜ 掲載 14440｜ 担当者名 4386（30.4%）
[2026-07-12T08:00:55.339Z] 🔍 "長野 小売": 掲載 37社（新規 6社）｜ 累計担当者名 4390/9000
[2026-07-12T08:01:11.447Z]   処理 950｜ 掲載 14450｜ 担当者名 4393（30.4%）
[2026-07-12T08:01:29.472Z] 🔍 "長野 金融": 掲載 26社（新規 10社）｜ 累計担当者名 4394/9000
[2026-07-12T08:02:09.920Z]   処理 960｜ 掲載 14460｜ 担当者名 4397（30.4%）
[2026-07-12T08:02:32.582Z] 🔍 "長野 介護": 掲載 71社（新規 14社）｜ 累計担当者名 4397/9000
[2026-07-12T08:03:11.465Z]   処理 970｜ 掲載 14470｜ 担当者名 4402（30.4%）
[2026-07-12T08:03:58.955Z] 🔍 "長野 医療": 掲載 100社（新規 24社）｜ 累計担当者名 4402/9000
[2026-07-12T08:04:28.745Z]   処理 980｜ 掲載 14480｜ 担当者名 4404（30.4%）
[2026-07-12T08:05:39.751Z]   処理 990｜ 掲載 14490｜ 担当者名 4407（30.4%）
[2026-07-12T08:06:40.427Z]   処理 1000｜ 掲載 14500｜ 担当者名 4412（30.4%）
[2026-07-12T08:06:46.107Z] 🔍 "長野 食品": 掲載 100社（新規 10社）｜ 累計担当者名 4412/9000
[2026-07-12T08:07:43.339Z]   処理 1010｜ 掲載 14510｜ 担当者名 4416（30.4%）
[2026-07-12T08:07:47.649Z] 🔍 "長野 建設": 掲載 100社（新規 29社）｜ 累計担当者名 4416/9000
[2026-07-12T08:08:50.184Z]   処理 1020｜ 掲載 14520｜ 担当者名 4421（30.4%）
[2026-07-12T08:09:52.666Z]   処理 1030｜ 掲載 14530｜ 担当者名 4424（30.4%）
[2026-07-12T08:10:49.285Z] 🔍 "長野 不動産": 掲載 72社（新規 12社）｜ 累計担当者名 4428/9000
[2026-07-12T08:10:58.257Z]   処理 1040｜ 掲載 14540｜ 担当者名 4428（30.5%）
[2026-07-12T08:12:03.012Z]   処理 1050｜ 掲載 14550｜ 担当者名 4433（30.5%）
[2026-07-12T08:12:11.370Z] 🔍 "長野 物流": 掲載 35社（新規 5社）｜ 累計担当者名 4434/9000
[2026-07-12T08:12:43.993Z] 🔍 "長野 外食": 掲載 7社（新規 0社）｜ 累計担当者名 4437/9000
[2026-07-12T08:12:47.116Z] 🔍 "長野 自動車": 掲載 100社（新規 15社）｜ 累計担当者名 4437/9000
[2026-07-12T08:13:10.365Z]   処理 1060｜ 掲載 14560｜ 担当者名 4440（30.5%）
[2026-07-12T08:14:18.279Z]   処理 1070｜ 掲載 14570｜ 担当者名 4446（30.5%）
[2026-07-12T08:14:27.576Z] 🔍 "長野 人材": 掲載 65社（新規 13社）｜ 累計担当者名 4446/9000
[2026-07-12T08:15:18.286Z]   処理 1080｜ 掲載 14580｜ 担当者名 4451（30.5%）
[2026-07-12T08:15:44.377Z] 🔍 "長野 教育": 掲載 100社（新規 7社）｜ 累計担当者名 4454/9000
[2026-07-12T08:16:25.571Z]   処理 1090｜ 掲載 14590｜ 担当者名 4455（30.5%）
[2026-07-12T08:16:40.046Z] 🔍 "長野 化学": 掲載 100社（新規 17社）｜ 累計担当者名 4455/9000
[2026-07-12T08:17:51.274Z]   処理 1100｜ 掲載 14600｜ 担当者名 4456（30.5%）
[2026-07-12T08:18:43.185Z] 🔍 "長野 機械": 掲載 100社（新規 6社）｜ 累計担当者名 4459/9000
[2026-07-12T08:18:53.433Z]   処理 1110｜ 掲載 14610｜ 担当者名 4460（30.5%）
[2026-07-12T08:19:38.372Z] 🔍 "長野 アパレル": 掲載 40社（新規 2社）｜ 累計担当者名 4461/9000
[2026-07-12T08:19:52.918Z] 🔍 "長野 ホテル": 掲載 100社（新規 11社）｜ 累計担当者名 4463/9000
[2026-07-12T08:20:16.982Z]   処理 1120｜ 掲載 14620｜ 担当者名 4465（30.5%）
[2026-07-12T08:21:17.019Z] 🔍 "岐阜 メーカー": 掲載 100社（新規 39社）｜ 累計担当者名 4466/9000
[2026-07-12T08:21:45.861Z]   処理 1130｜ 掲載 14630｜ 担当者名 4467（30.5%）
[2026-07-12T08:23:05.593Z]   処理 1140｜ 掲載 14640｜ 担当者名 4471（30.5%）
[2026-07-12T08:24:04.784Z]   処理 1150｜ 掲載 14650｜ 担当者名 4475（30.5%）
[2026-07-12T08:25:22.291Z]   処理 1160｜ 掲載 14660｜ 担当者名 4478（30.5%）
[2026-07-12T08:26:10.546Z] 🔍 "岐阜 商社": 掲載 67社（新規 18社）｜ 累計担当者名 4480/9000
[2026-07-12T08:26:34.199Z]   処理 1170｜ 掲載 14670｜ 担当者名 4481（30.5%）
[2026-07-12T08:27:51.910Z]   処理 1180｜ 掲載 14680｜ 担当者名 4484（30.5%）
[2026-07-12T08:28:21.111Z] 🔍 "岐阜 小売": 掲載 42社（新規 7社）｜ 累計担当者名 4486/9000
[2026-07-12T08:29:08.550Z]   処理 1190｜ 掲載 14690｜ 担当者名 4490（30.6%）
[2026-07-12T08:29:20.331Z] 🔍 "岐阜 金融": 掲載 25社（新規 10社）｜ 累計担当者名 4490/9000
[2026-07-12T08:30:08.916Z]   処理 1200｜ 掲載 14700｜ 担当者名 4492（30.6%）
[2026-07-12T08:30:20.934Z] 🔍 "岐阜 介護": 掲載 62社（新規 16社）｜ 累計担当者名 4493/9000
[2026-07-12T08:31:27.472Z]   処理 1210｜ 掲載 14710｜ 担当者名 4496（30.6%）
[2026-07-12T08:32:29.657Z] 🔍 "岐阜 医療": 掲載 100社（新規 28社）｜ 累計担当者名 4497/9000
[2026-07-12T08:32:56.194Z]   処理 1220｜ 掲載 14720｜ 担当者名 4498（30.6%）
[2026-07-12T08:34:15.831Z]   処理 1230｜ 掲載 14730｜ 担当者名 4501（30.6%）
[2026-07-12T08:35:21.203Z]   処理 1240｜ 掲載 14740｜ 担当者名 4506（30.6%）
[2026-07-12T08:35:58.990Z] 🔍 "岐阜 食品": 掲載 94社（新規 17社）｜ 累計担当者名 4508/9000
[2026-07-12T08:36:27.648Z]   処理 1250｜ 掲載 14750｜ 担当者名 4508（30.6%）
[2026-07-12T08:37:43.955Z]   処理 1260｜ 掲載 14760｜ 担当者名 4511（30.6%）
[2026-07-12T08:38:01.495Z] 🔍 "岐阜 建設": 掲載 100社（新規 33社）｜ 累計担当者名 4512/9000
[2026-07-12T08:39:07.656Z]   処理 1270｜ 掲載 14770｜ 担当者名 4515（30.6%）
[2026-07-12T08:40:13.732Z]   処理 1280｜ 掲載 14780｜ 担当者名 4517（30.6%）
[2026-07-12T08:41:36.093Z]   処理 1290｜ 掲載 14790｜ 担当者名 4520（30.6%）
[2026-07-12T08:42:08.102Z] 🔍 "岐阜 不動産": 掲載 49社（新規 14社）｜ 累計担当者名 4523/9000
[2026-07-12T08:42:34.447Z]   処理 1300｜ 掲載 14800｜ 担当者名 4524（30.6%）
[2026-07-12T08:43:39.573Z] 🔍 "岐阜 物流": 掲載 57社（新規 7社）｜ 累計担当者名 4527/9000
[2026-07-12T08:43:43.846Z]   処理 1310｜ 掲載 14810｜ 担当者名 4527（30.6%）
[2026-07-12T08:44:20.191Z] 🔍 "岐阜 外食": 掲載 11社（新規 1社）｜ 累計担当者名 4530/9000
[2026-07-12T08:44:28.448Z] 🔍 "岐阜 自動車": 掲載 100社（新規 13社）｜ 累計担当者名 4531/9000
[2026-07-12T08:44:47.472Z]   処理 1320｜ 掲載 14820｜ 担当者名 4533（30.6%）
[2026-07-12T08:45:53.199Z]   処理 1330｜ 掲載 14830｜ 担当者名 4538（30.6%）
[2026-07-12T08:45:56.369Z] 🔍 "岐阜 人材": 掲載 43社（新規 5社）｜ 累計担当者名 4538/9000
[2026-07-12T08:46:25.659Z] 🔍 "岐阜 教育": 掲載 100社（新規 21社）｜ 累計担当者名 4539/9000
[2026-07-12T08:46:47.593Z]   処理 1340｜ 掲載 14840｜ 担当者名 4543（30.6%）
[2026-07-12T08:48:01.961Z]   処理 1350｜ 掲載 14850｜ 担当者名 4545（30.6%）
[2026-07-12T08:48:51.786Z] 🔍 "岐阜 化学": 掲載 100社（新規 27社）｜ 累計担当者名 4545/9000
[2026-07-12T08:49:22.291Z]   処理 1360｜ 掲載 14860｜ 担当者名 4545（30.6%）
[2026-07-12T08:50:30.587Z]   処理 1370｜ 掲載 14870｜ 担当者名 4546（30.6%）
[2026-07-12T08:51:37.430Z]   処理 1380｜ 掲載 14880｜ 担当者名 4547（30.6%）
[2026-07-12T08:51:56.065Z] 🔍 "岐阜 機械": 掲載 100社（新規 5社）｜ 累計担当者名 4549/9000
[2026-07-12T08:52:29.912Z] 🔍 "岐阜 アパレル": 掲載 27社（新規 2社）｜ 累計担当者名 4552/9000
[2026-07-12T08:52:42.918Z]   処理 1390｜ 掲載 14890｜ 担当者名 4554（30.6%）
[2026-07-12T08:52:47.582Z] 🔍 "岐阜 ホテル": 掲載 100社（新規 23社）｜ 累計担当者名 4554/9000
[2026-07-12T08:53:46.984Z]   処理 1400｜ 掲載 14900｜ 担当者名 4558（30.6%）
[2026-07-12T08:54:48.642Z]   処理 1410｜ 掲載 14910｜ 担当者名 4561（30.6%）
[2026-07-12T08:55:13.491Z] 🔍 "静岡 メーカー": 掲載 100社（新規 23社）｜ 累計担当者名 4562/9000
[2026-07-12T08:55:48.570Z]   処理 1420｜ 掲載 14920｜ 担当者名 4565（30.6%）
[2026-07-12T08:56:53.022Z]   処理 1430｜ 掲載 14930｜ 担当者名 4569（30.6%）
[2026-07-12T08:57:36.285Z] 🔍 "静岡 商社": 掲載 89社（新規 14社）｜ 累計担当者名 4571/9000
[2026-07-12T08:58:04.402Z]   処理 1440｜ 掲載 14940｜ 担当者名 4573（30.6%）
[2026-07-12T08:59:08.664Z]   処理 1450｜ 掲載 14950｜ 担当者名 4576（30.6%）
[2026-07-12T08:59:12.416Z] 🔍 "静岡 小売": 掲載 45社（新規 8社）｜ 累計担当者名 4576/9000
[2026-07-12T09:00:05.403Z] 🔍 "静岡 金融": 掲載 34社（新規 10社）｜ 累計担当者名 4578/9000
[2026-07-12T09:00:12.059Z]   処理 1460｜ 掲載 14960｜ 担当者名 4579（30.6%）
[2026-07-12T09:00:56.330Z] 🔍 "静岡 介護": 掲載 100社（新規 22社）｜ 累計担当者名 4581/9000
[2026-07-12T09:01:06.810Z]   処理 1470｜ 掲載 14970｜ 担当者名 4583（30.6%）
[2026-07-12T09:02:08.506Z]   処理 1480｜ 掲載 14980｜ 担当者名 4587（30.6%）
[2026-07-12T09:03:17.546Z]   処理 1490｜ 掲載 14990｜ 担当者名 4591（30.6%）
[2026-07-12T09:03:21.948Z] 🔍 "静岡 医療": 掲載 100社（新規 18社）｜ 累計担当者名 4591/9000
[2026-07-12T09:04:22.179Z]   処理 1500｜ 掲載 15000｜ 担当者名 4595（30.6%）
[2026-07-12T09:05:25.228Z] 🔍 "静岡 食品": 掲載 100社（新規 12社）｜ 累計担当者名 4598/9000
[2026-07-12T09:05:34.941Z]   処理 1510｜ 掲載 15010｜ 担当者名 4599（30.6%）
[2026-07-12T09:06:23.805Z]   処理 1520｜ 掲載 15020｜ 担当者名 4604（30.7%）
[2026-07-12T09:06:28.294Z] 🔍 "静岡 建設": 掲載 100社（新規 25社）｜ 累計担当者名 4604/9000
[2026-07-12T09:07:30.215Z]   処理 1530｜ 掲載 15030｜ 担当者名 4609（30.7%）
[2026-07-12T09:08:49.849Z]   処理 1540｜ 掲載 15040｜ 担当者名 4612（30.7%）
[2026-07-12T09:09:25.641Z] 🔍 "静岡 不動産": 掲載 71社（新規 8社）｜ 累計担当者名 4615/9000
[2026-07-12T09:09:58.200Z]   処理 1550｜ 掲載 15050｜ 担当者名 4615（30.7%）
[2026-07-12T09:10:19.274Z] 🔍 "静岡 物流": 掲載 78社（新規 10社）｜ 累計担当者名 4616/9000
[2026-07-12T09:10:59.389Z]   処理 1560｜ 掲載 15060｜ 担当者名 4617（30.7%）
[2026-07-12T09:11:24.770Z] 🔍 "静岡 外食": 掲載 12社（新規 2社）｜ 累計担当者名 4618/9000
[2026-07-12T09:11:40.301Z] 🔍 "静岡 自動車": 掲載 100社（新規 14社）｜ 累計担当者名 4619/9000
[2026-07-12T09:12:09.649Z]   処理 1570｜ 掲載 15070｜ 担当者名 4623（30.7%）
[2026-07-12T09:13:08.988Z] 🔍 "静岡 人材": 掲載 75社（新規 13社）｜ 累計担当者名 4625/9000
[2026-07-12T09:13:13.291Z]   処理 1580｜ 掲載 15080｜ 担当者名 4625（30.7%）
[2026-07-12T09:14:16.183Z]   処理 1590｜ 掲載 15090｜ 担当者名 4628（30.7%）
[2026-07-12T09:14:38.724Z] 🔍 "静岡 教育": 掲載 100社（新規 8社）｜ 累計担当者名 4629/9000
[2026-07-12T09:15:24.064Z]   処理 1600｜ 掲載 15100｜ 担当者名 4633（30.7%）
[2026-07-12T09:15:28.497Z] 🔍 "静岡 化学": 掲載 100社（新規 10社）｜ 累計担当者名 4633/9000
[2026-07-12T09:16:33.499Z]   処理 1610｜ 掲載 15110｜ 担当者名 4637（30.7%）
[2026-07-12T09:16:38.252Z] 🔍 "静岡 機械": 掲載 100社（新規 10社）｜ 累計担当者名 4637/9000
[2026-07-12T09:17:41.267Z]   処理 1620｜ 掲載 15120｜ 担当者名 4642（30.7%）
[2026-07-12T09:17:44.340Z] 🔍 "静岡 アパレル": 掲載 31社（新規 1社）｜ 累計担当者名 4642/9000
[2026-07-12T09:17:51.983Z] 🔍 "静岡 ホテル": 掲載 100社（新規 10社）｜ 累計担当者名 4643/9000
[2026-07-12T09:18:48.460Z]   処理 1630｜ 掲載 15130｜ 担当者名 4646（30.7%）
[2026-07-12T09:19:02.012Z] 🔍 "愛知 メーカー": 掲載 100社（新規 25社）｜ 累計担当者名 4646/9000
[2026-07-12T09:20:07.751Z]   処理 1640｜ 掲載 15140｜ 担当者名 4650（30.7%）
[2026-07-12T09:21:17.469Z]   処理 1650｜ 掲載 15150｜ 担当者名 4653（30.7%）
[2026-07-12T09:21:59.895Z] 🔍 "愛知 商社": 掲載 100社（新規 26社）｜ 累計担当者名 4657/9000
[2026-07-12T09:22:22.524Z]   処理 1660｜ 掲載 15160｜ 担当者名 4658（30.7%）
[2026-07-12T09:23:22.753Z]   処理 1670｜ 掲載 15170｜ 担当者名 4663（30.7%）
[2026-07-12T09:24:21.315Z]   処理 1680｜ 掲載 15180｜ 担当者名 4668（30.8%）
[2026-07-12T09:24:39.377Z] 🔍 "愛知 小売": 掲載 58社（新規 4社）｜ 累計担当者名 4668/9000
[2026-07-12T09:25:09.781Z] 🔍 "愛知 金融": 掲載 60社（新規 15社）｜ 累計担当者名 4668/9000
[2026-07-12T09:25:43.743Z]   処理 1690｜ 掲載 15190｜ 担当者名 4668（30.7%）
[2026-07-12T09:26:40.089Z]   処理 1700｜ 掲載 15200｜ 担当者名 4671（30.7%）
[2026-07-12T09:26:50.275Z] 🔍 "愛知 介護": 掲載 100社（新規 34社）｜ 累計担当者名 4671/9000
[2026-07-12T09:27:46.907Z]   処理 1710｜ 掲載 15210｜ 担当者名 4677（30.7%）
[2026-07-12T09:29:02.945Z]   処理 1720｜ 掲載 15220｜ 担当者名 4680（30.7%）
[2026-07-12T09:30:13.027Z]   処理 1730｜ 掲載 15230｜ 担当者名 4685（30.8%）
[2026-07-12T09:30:54.970Z] 🔍 "愛知 医療": 掲載 100社（新規 13社）｜ 累計担当者名 4687/9000
[2026-07-12T09:31:35.094Z]   処理 1740｜ 掲載 15240｜ 担当者名 4688（30.8%）
[2026-07-12T09:32:23.866Z] 🔍 "愛知 食品": 掲載 100社（新規 9社）｜ 累計担当者名 4691/9000
[2026-07-12T09:32:36.760Z]   処理 1750｜ 掲載 15250｜ 担当者名 4692（30.8%）
[2026-07-12T09:33:31.101Z] 🔍 "愛知 建設": 掲載 100社（新規 28社）｜ 累計担当者名 4694/9000
[2026-07-12T09:33:45.022Z]   処理 1760｜ 掲載 15260｜ 担当者名 4696（30.8%）
[2026-07-12T09:34:53.415Z]   処理 1770｜ 掲載 15270｜ 担当者名 4698（30.8%）
[2026-07-12T09:35:58.581Z]   処理 1780｜ 掲載 15280｜ 担当者名 4703（30.8%）
[2026-07-12T09:36:34.726Z] 🔍 "愛知 不動産": 掲載 100社（新規 18社）｜ 累計担当者名 4706/9000
[2026-07-12T09:37:04.866Z]   処理 1790｜ 掲載 15290｜ 担当者名 4709（30.8%）
[2026-07-12T09:38:12.893Z]   処理 1800｜ 掲載 15300｜ 担当者名 4711（30.8%）
[2026-07-12T09:38:36.008Z] 🔍 "愛知 物流": 掲載 100社（新規 5社）｜ 累計担当者名 4712/9000
[2026-07-12T09:39:08.920Z] 🔍 "愛知 外食": 掲載 18社（新規 0社）｜ 累計担当者名 4713/9000
[2026-07-12T09:39:12.673Z] 🔍 "愛知 自動車": 掲載 100社（新規 9社）｜ 累計担当者名 4713/9000
[2026-07-12T09:39:26.271Z]   処理 1810｜ 掲載 15310｜ 担当者名 4713（30.8%）
[2026-07-12T09:40:06.925Z] 🔍 "愛知 人材": 掲載 100社（新規 19社）｜ 累計担当者名 4714/9000
[2026-07-12T09:40:24.268Z]   処理 1820｜ 掲載 15320｜ 担当者名 4715（30.8%）
[2026-07-12T09:41:25.848Z]   処理 1830｜ 掲載 15330｜ 担当者名 4718（30.8%）
[2026-07-12T09:42:05.579Z] 🔍 "愛知 教育": 掲載 100社（新規 4社）｜ 累計担当者名 4718/9000
[2026-07-12T09:42:33.640Z]   処理 1840｜ 掲載 15340｜ 担当者名 4720（30.8%）
[2026-07-12T09:42:38.560Z] 🔍 "愛知 化学": 掲載 100社（新規 9社）｜ 累計担当者名 4720/9000
[2026-07-12T09:43:48.499Z] 🔍 "愛知 機械": 掲載 100社（新規 7社）｜ 累計担当者名 4723/9000
[2026-07-12T09:43:56.202Z]   処理 1850｜ 掲載 15350｜ 担当者名 4723（30.8%）
[2026-07-12T09:44:35.562Z] 🔍 "愛知 アパレル": 掲載 54社（新規 2社）｜ 累計担当者名 4724/9000
[2026-07-12T09:44:54.185Z] 🔍 "愛知 ホテル": 掲載 100社（新規 11社）｜ 累計担当者名 4725/9000
[2026-07-12T09:45:01.082Z]   処理 1860｜ 掲載 15360｜ 担当者名 4726（30.8%）
[2026-07-12T09:46:06.584Z] 🔍 "三重 メーカー": 掲載 100社（新規 19社）｜ 累計担当者名 4727/9000
[2026-07-12T09:46:11.713Z]   処理 1870｜ 掲載 15370｜ 担当者名 4728（30.8%）
[2026-07-12T09:47:18.896Z]   処理 1880｜ 掲載 15380｜ 担当者名 4732（30.8%）
[2026-07-12T09:48:07.774Z] 🔍 "三重 商社": 掲載 52社（新規 5社）｜ 累計担当者名 4738/9000
[2026-07-12T09:48:17.626Z]   処理 1890｜ 掲載 15390｜ 担当者名 4738（30.8%）
[2026-07-12T09:48:41.054Z] 🔍 "三重 小売": 掲載 35社（新規 5社）｜ 累計担当者名 4740/9000
[2026-07-12T09:49:16.843Z] 🔍 "三重 金融": 掲載 21社（新規 3社）｜ 累計担当者名 4740/9000
[2026-07-12T09:49:25.276Z]   処理 1900｜ 掲載 15400｜ 担当者名 4741（30.8%）
[2026-07-12T09:49:33.709Z] 🔍 "三重 介護": 掲載 40社（新規 7社）｜ 累計担当者名 4741/9000
[2026-07-12T09:50:28.393Z] 🔍 "三重 医療": 掲載 100社（新規 22社）｜ 累計担当者名 4742/9000
[2026-07-12T09:50:36.146Z]   処理 1910｜ 掲載 15410｜ 担当者名 4744（30.8%）
[2026-07-12T09:51:34.537Z]   処理 1920｜ 掲載 15420｜ 担当者名 4748（30.8%）
[2026-07-12T09:52:46.764Z]   処理 1930｜ 掲載 15430｜ 担当者名 4751（30.8%）
[2026-07-12T09:52:50.931Z] 🔍 "三重 食品": 掲載 82社（新規 9社）｜ 累計担当者名 4751/9000
[2026-07-12T09:53:57.848Z] 🔍 "三重 建設": 掲載 100社（新規 23社）｜ 累計担当者名 4754/9000
[2026-07-12T09:54:02.948Z]   処理 1940｜ 掲載 15440｜ 担当者名 4755（30.8%）
[2026-07-12T09:55:11.067Z]   処理 1950｜ 掲載 15450｜ 担当者名 4758（30.8%）
[2026-07-12T09:56:18.012Z]   処理 1960｜ 掲載 15460｜ 担当者名 4760（30.8%）
[2026-07-12T09:56:31.451Z] 🔍 "三重 不動産": 掲載 32社（新規 3社）｜ 累計担当者名 4760/9000
[2026-07-12T09:56:54.087Z] 🔍 "三重 物流": 掲載 47社（新規 2社）｜ 累計担当者名 4761/9000
[2026-07-12T09:57:07.103Z] 🔍 "三重 外食": 掲載 8社（新規 0社）｜ 累計担当者名 4762/9000
[2026-07-12T09:57:10.622Z] 🔍 "三重 自動車": 掲載 100社（新規 10社）｜ 累計担当者名 4762/9000
[2026-07-12T09:57:27.457Z]   処理 1970｜ 掲載 15470｜ 担当者名 4764（30.8%）
[2026-07-12T09:58:23.095Z] 🔍 "三重 人材": 掲載 35社（新規 3社）｜ 累計担当者名 4767/9000
[2026-07-12T09:58:35.771Z]   処理 1980｜ 掲載 15480｜ 担当者名 4768（30.8%）
[2026-07-12T09:58:40.011Z] 🔍 "三重 教育": 掲載 100社（新規 12社）｜ 累計担当者名 4768/9000
[2026-07-12T09:59:39.152Z]   処理 1990｜ 掲載 15490｜ 担当者名 4770（30.8%）
[2026-07-12T09:59:55.031Z] 🔍 "三重 化学": 掲載 100社（新規 13社）｜ 累計担当者名 4772/9000
[2026-07-12T10:00:56.712Z]   処理 2000｜ 掲載 15500｜ 担当者名 4774（30.8%）
[2026-07-12T10:01:31.785Z] 🔍 "三重 機械": 掲載 74社（新規 8社）｜ 累計担当者名 4774/9000
[2026-07-12T10:01:52.373Z]   処理 2010｜ 掲載 15510｜ 担当者名 4776（30.8%）
[2026-07-12T10:02:17.111Z] 🔍 "三重 アパレル": 掲載 20社（新規 1社）｜ 累計担当者名 4778/9000
[2026-07-12T10:02:29.736Z] 🔍 "三重 ホテル": 掲載 96社（新規 13社）｜ 累計担当者名 4778/9000
[2026-07-12T10:03:10.999Z]   処理 2020｜ 掲載 15520｜ 担当者名 4779（30.8%）
[2026-07-12T10:04:09.688Z] 🔍 "滋賀 メーカー": 掲載 100社（新規 37社）｜ 累計担当者名 4782/9000
[2026-07-12T10:04:33.878Z]   処理 2030｜ 掲載 15530｜ 担当者名 4783（30.8%）
[2026-07-12T10:06:01.882Z]   処理 2040｜ 掲載 15540｜ 担当者名 4788（30.8%）
[2026-07-12T10:07:05.801Z]   処理 2050｜ 掲載 15550｜ 担当者名 4792（30.8%）
[2026-07-12T10:08:14.760Z]   処理 2060｜ 掲載 15560｜ 担当者名 4795（30.8%）
[2026-07-12T10:08:49.756Z] 🔍 "滋賀 商社": 掲載 51社（新規 5社）｜ 累計担当者名 4796/9000
[2026-07-12T10:09:25.985Z] 🔍 "滋賀 小売": 掲載 25社（新規 1社）｜ 累計担当者名 4797/9000
[2026-07-12T10:09:29.250Z]   処理 2070｜ 掲載 15570｜ 担当者名 4798（30.8%）
[2026-07-12T10:09:32.051Z] 🔍 "滋賀 金融": 掲載 18社（新規 7社）｜ 累計担当者名 4798/9000
[2026-07-12T10:10:15.676Z] 🔍 "滋賀 介護": 掲載 49社（新規 14社）｜ 累計担当者名 4802/9000
[2026-07-12T10:10:37.405Z]   処理 2080｜ 掲載 15580｜ 担当者名 4803（30.8%）
[2026-07-12T10:11:30.779Z]   処理 2090｜ 掲載 15590｜ 担当者名 4808（30.8%）
[2026-07-12T10:11:40.978Z] 🔍 "滋賀 医療": 掲載 100社（新規 15社）｜ 累計担当者名 4808/9000
[2026-07-12T10:12:39.979Z]   処理 2100｜ 掲載 15600｜ 担当者名 4812（30.8%）
[2026-07-12T10:13:30.122Z] 🔍 "滋賀 食品": 掲載 73社（新規 5社）｜ 累計担当者名 4812/9000
[2026-07-12T10:13:56.273Z]   処理 2110｜ 掲載 15610｜ 担当者名 4813（30.8%）
[2026-07-12T10:14:05.913Z] 🔍 "滋賀 建設": 掲載 100社（新規 27社）｜ 累計担当者名 4813/9000
[2026-07-12T10:14:59.910Z]   処理 2120｜ 掲載 15620｜ 担当者名 4814（30.8%）
[2026-07-12T10:16:08.978Z]   処理 2130｜ 掲載 15630｜ 担当者名 4817（30.8%）
[2026-07-12T10:17:13.804Z] 🔍 "滋賀 不動産": 掲載 47社（新規 6社）｜ 累計担当者名 4820/9000
[2026-07-12T10:17:24.000Z]   処理 2140｜ 掲載 15640｜ 担当者名 4821（30.8%）
[2026-07-12T10:17:52.505Z] 🔍 "滋賀 物流": 掲載 36社（新規 1社）｜ 累計担当者名 4822/9000
[2026-07-12T10:18:02.876Z] 🔍 "滋賀 外食": 掲載 6社（新規 1社）｜ 累計担当者名 4822/9000
[2026-07-12T10:18:15.351Z] 🔍 "滋賀 自動車": 掲載 100社（新規 10社）｜ 累計担当者名 4822/9000
[2026-07-12T10:18:41.697Z]   処理 2150｜ 掲載 15650｜ 担当者名 4824（30.8%）
[2026-07-12T10:19:31.458Z] 🔍 "滋賀 人材": 掲載 34社（新規 3社）｜ 累計担当者名 4826/9000
[2026-07-12T10:19:49.161Z] 🔍 "滋賀 教育": 掲載 100社（新規 11社）｜ 累計担当者名 4828/9000
[2026-07-12T10:19:53.389Z]   処理 2160｜ 掲載 15660｜ 担当者名 4828（30.8%）
[2026-07-12T10:20:57.795Z]   処理 2170｜ 掲載 15670｜ 担当者名 4831（30.8%）
[2026-07-12T10:21:01.913Z] 🔍 "滋賀 化学": 掲載 87社（新規 18社）｜ 累計担当者名 4831/9000
[2026-07-12T10:22:05.575Z]   処理 2180｜ 掲載 15680｜ 担当者名 4833（30.8%）
[2026-07-12T10:23:05.515Z] 🔍 "滋賀 機械": 掲載 98社（新規 9社）｜ 累計担当者名 4836/9000
[2026-07-12T10:23:21.978Z]   処理 2190｜ 掲載 15690｜ 担当者名 4836（30.8%）
[2026-07-12T10:24:10.143Z] 🔍 "滋賀 アパレル": 掲載 20社（新規 0社）｜ 累計担当者名 4842/9000
[2026-07-12T10:24:13.140Z] 🔍 "滋賀 ホテル": 掲載 95社（新規 16社）｜ 累計担当者名 4842/9000
[2026-07-12T10:24:25.110Z]   処理 2200｜ 掲載 15700｜ 担当者名 4844（30.9%）
[2026-07-12T10:25:35.234Z]   処理 2210｜ 掲載 15710｜ 担当者名 4848（30.9%）
[2026-07-12T10:25:55.797Z] 🔍 "京都 メーカー": 掲載 100社（新規 18社）｜ 累計担当者名 4848/9000
[2026-07-12T10:26:38.580Z]   処理 2220｜ 掲載 15720｜ 担当者名 4849（30.8%）
[2026-07-12T10:27:53.767Z]   処理 2230｜ 掲載 15730｜ 担当者名 4852（30.8%）
[2026-07-12T10:28:05.295Z] 🔍 "京都 商社": 掲載 100社（新規 10社）｜ 累計担当者名 4852/9000
[2026-07-12T10:28:59.933Z]   処理 2240｜ 掲載 15740｜ 担当者名 4855（30.8%）
[2026-07-12T10:29:10.725Z] 🔍 "京都 小売": 掲載 82社（新規 10社）｜ 累計担当者名 4856/9000
[2026-07-12T10:29:59.901Z]   処理 2250｜ 掲載 15750｜ 担当者名 4858（30.8%）
[2026-07-12T10:30:09.774Z] 🔍 "京都 金融": 掲載 100社（新規 17社）｜ 累計担当者名 4858/9000
[2026-07-12T10:30:55.697Z]   処理 2260｜ 掲載 15760｜ 担当者名 4860（30.8%）
[2026-07-12T10:31:36.518Z] 🔍 "京都 介護": 掲載 100社（新規 14社）｜ 累計担当者名 4864/9000
[2026-07-12T10:31:45.204Z]   処理 2270｜ 掲載 15770｜ 担当者名 4866（30.9%）
[2026-07-12T10:32:46.806Z]   処理 2280｜ 掲載 15780｜ 担当者名 4868（30.8%）
[2026-07-12T10:33:05.345Z] 🔍 "京都 医療": 掲載 100社（新規 19社）｜ 累計担当者名 4868/9000
[2026-07-12T10:33:52.087Z]   処理 2290｜ 掲載 15790｜ 担当者名 4874（30.9%）
[2026-07-12T10:35:03.066Z]   処理 2300｜ 掲載 15800｜ 担当者名 4875（30.9%）
[2026-07-12T10:35:16.659Z] 🔍 "京都 食品": 掲載 100社（新規 6社）｜ 累計担当者名 4875/9000
[2026-07-12T10:35:59.021Z] 🔍 "京都 建設": 掲載 100社（新規 13社）｜ 累計担当者名 4879/9000
[2026-07-12T10:36:17.136Z]   処理 2310｜ 掲載 15810｜ 担当者名 4880（30.9%）
[2026-07-12T10:37:30.469Z]   処理 2320｜ 掲載 15820｜ 担当者名 4884（30.9%）
[2026-07-12T10:37:35.206Z] 🔍 "京都 不動産": 掲載 100社（新規 16社）｜ 累計担当者名 4884/9000
[2026-07-12T10:38:32.310Z]   処理 2330｜ 掲載 15830｜ 担当者名 4887（30.9%）
[2026-07-12T10:39:18.943Z] 🔍 "京都 物流": 掲載 100社（新規 10社）｜ 累計担当者名 4887/9000
[2026-07-12T10:39:42.564Z]   処理 2340｜ 掲載 15840｜ 担当者名 4887（30.9%）
[2026-07-12T10:40:28.530Z] 🔍 "京都 外食": 掲載 40社（新規 6社）｜ 累計担当者名 4887/9000
[2026-07-12T10:40:55.602Z]   処理 2350｜ 掲載 15850｜ 担当者名 4888（30.8%）
[2026-07-12T10:41:16.500Z] 🔍 "京都 自動車": 掲載 100社（新規 9社）｜ 累計担当者名 4889/9000
[2026-07-12T10:42:11.329Z]   処理 2360｜ 掲載 15860｜ 担当者名 4893（30.9%）
[2026-07-12T10:42:21.884Z] 🔍 "京都 人材": 掲載 100社（新規 7社）｜ 累計担当者名 4893/9000
[2026-07-12T10:43:14.847Z] 🔍 "京都 教育": 掲載 100社（新規 6社）｜ 累計担当者名 4893/9000
[2026-07-12T10:43:24.205Z]   処理 2370｜ 掲載 15870｜ 担当者名 4893（30.8%）
[2026-07-12T10:43:56.923Z] 🔍 "京都 化学": 掲載 100社（新規 12社）｜ 累計担当者名 4893/9000
[2026-07-12T10:44:37.789Z]   処理 2380｜ 掲載 15880｜ 担当者名 4893（30.8%）
[2026-07-12T10:45:26.543Z] 🔍 "京都 機械": 掲載 100社（新規 4社）｜ 累計担当者名 4894/9000
[2026-07-12T10:45:53.501Z]   処理 2390｜ 掲載 15890｜ 担当者名 4895（30.8%）
[2026-07-12T10:46:00.354Z] 🔍 "京都 アパレル": 掲載 100社（新規 5社）｜ 累計担当者名 4895/9000
[2026-07-12T10:46:37.377Z] 🔍 "京都 ホテル": 掲載 100社（新規 5社）｜ 累計担当者名 4896/9000
[2026-07-12T10:47:05.181Z]   処理 2400｜ 掲載 15900｜ 担当者名 4898（30.8%）
[2026-07-12T10:47:09.933Z] 🔍 "大阪 メーカー": 掲載 100社（新規 22社）｜ 累計担当者名 4898/9000
[2026-07-12T10:48:23.591Z]   処理 2410｜ 掲載 15910｜ 担当者名 4900（30.8%）
[2026-07-12T10:49:33.480Z]   処理 2420｜ 掲載 15920｜ 担当者名 4906（30.8%）
[2026-07-12T10:49:52.033Z] 🔍 "大阪 商社": 掲載 100社（新規 14社）｜ 累計担当者名 4906/9000
[2026-07-12T10:50:45.639Z]   処理 2430｜ 掲載 15930｜ 担当者名 4911（30.8%）
[2026-07-12T10:51:36.002Z] 🔍 "大阪 小売": 掲載 100社（新規 16社）｜ 累計担当者名 4911/9000
[2026-07-12T10:51:56.945Z]   処理 2440｜ 掲載 15940｜ 担当者名 4912（30.8%）
[2026-07-12T10:53:10.792Z]   処理 2450｜ 掲載 15950｜ 担当者名 4914（30.8%）
[2026-07-12T10:53:25.705Z] 🔍 "大阪 金融": 掲載 100社（新規 28社）｜ 累計担当者名 4914/9000
[2026-07-12T10:54:10.425Z]   処理 2460｜ 掲載 15960｜ 担当者名 4917（30.8%）
[2026-07-12T10:55:03.637Z]   処理 2470｜ 掲載 15970｜ 担当者名 4921（30.8%）
[2026-07-12T10:56:01.119Z]   処理 2480｜ 掲載 15980｜ 担当者名 4924（30.8%）
[2026-07-12T10:56:05.594Z] 🔍 "大阪 介護": 掲載 100社（新規 21社）｜ 累計担当者名 4924/9000
[2026-07-12T10:57:11.906Z]   処理 2490｜ 掲載 15990｜ 担当者名 4928（30.8%）
[2026-07-12T10:58:20.178Z]   処理 2500｜ 掲載 16000｜ 担当者名 4930（30.8%）
[2026-07-12T10:58:30.564Z] 🔍 "大阪 医療": 掲載 100社（新規 8社）｜ 累計担当者名 4930/9000
[2026-07-12T10:59:28.881Z] 🔍 "大阪 食品": 掲載 100社（新規 10社）｜ 累計担当者名 4932/9000
[2026-07-12T10:59:33.210Z]   処理 2510｜ 掲載 16010｜ 担当者名 4932（30.8%）
[2026-07-12T11:00:29.532Z] 🔍 "大阪 建設": 掲載 100社（新規 16社）｜ 累計担当者名 4935/9000
[2026-07-12T11:00:33.706Z]   処理 2520｜ 掲載 16020｜ 担当者名 4935（30.8%）
[2026-07-12T11:01:36.107Z]   処理 2530｜ 掲載 16030｜ 担当者名 4940（30.8%）
[2026-07-12T11:02:13.837Z] 🔍 "大阪 不動産": 掲載 100社（新規 19社）｜ 累計担当者名 4940/9000
[2026-07-12T11:02:42.477Z]   処理 2540｜ 掲載 16040｜ 担当者名 4940（30.8%）
[2026-07-12T11:03:46.757Z]   処理 2550｜ 掲載 16050｜ 担当者名 4944（30.8%）
[2026-07-12T11:04:13.115Z] 🔍 "大阪 物流": 掲載 100社（新規 6社）｜ 累計担当者名 4946/9000
[2026-07-12T11:04:41.649Z]   処理 2560｜ 掲載 16060｜ 担当者名 4949（30.8%）
[2026-07-12T11:04:44.820Z] 🔍 "大阪 外食": 掲載 40社（新規 4社）｜ 累計担当者名 4949/9000
[2026-07-12T11:05:05.702Z] 🔍 "大阪 自動車": 掲載 100社（新規 12社）｜ 累計担当者名 4951/9000
[2026-07-12T11:05:48.465Z]   処理 2570｜ 掲載 16070｜ 担当者名 4952（30.8%）
[2026-07-12T11:06:29.475Z] 🔍 "大阪 人材": 掲載 100社（新規 11社）｜ 累計担当者名 4955/9000
[2026-07-12T11:06:49.638Z]   処理 2580｜ 掲載 16080｜ 担当者名 4957（30.8%）
[2026-07-12T11:07:36.600Z] 🔍 "大阪 教育": 掲載 100社（新規 8社）｜ 累計担当者名 4959/9000
[2026-07-12T11:07:54.969Z]   処理 2590｜ 掲載 16090｜ 担当者名 4959（30.8%）
[2026-07-12T11:08:28.956Z] 🔍 "大阪 化学": 掲載 100社（新規 7社）｜ 累計担当者名 4962/9000
[2026-07-12T11:09:03.996Z]   処理 2600｜ 掲載 16100｜ 担当者名 4964（30.8%）
[2026-07-12T11:09:16.822Z] 🔍 "大阪 機械": 掲載 100社（新規 2社）｜ 累計担当者名 4965/9000
[2026-07-12T11:09:34.894Z] 🔍 "大阪 アパレル": 掲載 100社（新規 8社）｜ 累計担当者名 4965/9000
[2026-07-12T11:10:12.224Z]   処理 2610｜ 掲載 16110｜ 担当者名 4968（30.8%）
[2026-07-12T11:10:28.665Z] 🔍 "大阪 ホテル": 掲載 100社（新規 4社）｜ 累計担当者名 4968/9000
[2026-07-12T11:10:58.356Z] 🔍 "兵庫 メーカー": 掲載 100社（新規 21社）｜ 累計担当者名 4969/9000
[2026-07-12T11:11:29.269Z]   処理 2620｜ 掲載 16120｜ 担当者名 4970（30.8%）
[2026-07-12T11:12:32.465Z]   処理 2630｜ 掲載 16130｜ 担当者名 4973（30.8%）
[2026-07-12T11:13:16.420Z] 🔍 "兵庫 商社": 掲載 74社（新規 7社）｜ 累計担当者名 4976/9000
[2026-07-12T11:13:34.771Z]   処理 2640｜ 掲載 16140｜ 担当者名 4978（30.8%）
[2026-07-12T11:13:56.766Z] 🔍 "兵庫 小売": 掲載 56社（新規 6社）｜ 累計担当者名 4979/9000
[2026-07-12T11:14:28.162Z]   処理 2650｜ 掲載 16150｜ 担当者名 4982（30.8%）
[2026-07-12T11:14:31.439Z] 🔍 "兵庫 金融": 掲載 38社（新規 12社）｜ 累計担当者名 4982/9000
[2026-07-12T11:15:27.421Z]   処理 2660｜ 掲載 16160｜ 担当者名 4985（30.8%）
[2026-07-12T11:15:42.406Z] 🔍 "兵庫 介護": 掲載 100社（新規 19社）｜ 累計担当者名 4986/9000
[2026-07-12T11:16:26.233Z]   処理 2670｜ 掲載 16170｜ 担当者名 4989（30.9%）
[2026-07-12T11:17:35.032Z]   処理 2680｜ 掲載 16180｜ 担当者名 4995（30.9%）
[2026-07-12T11:17:48.448Z] 🔍 "兵庫 医療": 掲載 100社（新規 11社）｜ 累計担当者名 4995/9000
[2026-07-12T11:18:43.488Z]   処理 2690｜ 掲載 16190｜ 担当者名 4997（30.9%）
[2026-07-12T11:19:04.003Z] 🔍 "兵庫 食品": 掲載 100社（新規 3社）｜ 累計担当者名 4997/9000
[2026-07-12T11:19:32.585Z] 🔍 "兵庫 建設": 掲載 100社（新規 21社）｜ 累計担当者名 4999/9000
[2026-07-12T11:19:58.757Z]   処理 2700｜ 掲載 16200｜ 担当者名 5000（30.9%）
[2026-07-12T11:21:12.249Z]   処理 2710｜ 掲載 16210｜ 担当者名 5003（30.9%）
[2026-07-12T11:21:57.805Z] 🔍 "兵庫 不動産": 掲載 81社（新規 10社）｜ 累計担当者名 5006/9000
[2026-07-12T11:22:21.542Z]   処理 2720｜ 掲載 16220｜ 担当者名 5007（30.9%）
[2026-07-12T11:23:08.542Z] 🔍 "兵庫 物流": 掲載 78社（新規 4社）｜ 累計担当者名 5010/9000
[2026-07-12T11:23:38.296Z]   処理 2730｜ 掲載 16230｜ 担当者名 5011（30.9%）
[2026-07-12T11:23:40.954Z] 🔍 "兵庫 外食": 掲載 11社（新規 0社）｜ 累計担当者名 5011/9000
[2026-07-12T11:23:44.185Z] 🔍 "兵庫 自動車": 掲載 100社（新規 13社）｜ 累計担当者名 5011/9000
[2026-07-12T11:25:02.856Z]   処理 2740｜ 掲載 16240｜ 担当者名 5014（30.9%）
[2026-07-12T11:25:27.709Z] 🔍 "兵庫 人材": 掲載 84社（新規 7社）｜ 累計担当者名 5016/9000
[2026-07-12T11:26:02.443Z]   処理 2750｜ 掲載 16250｜ 担当者名 5018（30.9%）
[2026-07-12T11:26:07.127Z] 🔍 "兵庫 教育": 掲載 100社（新規 2社）｜ 累計担当者名 5018/9000
[2026-07-12T11:26:24.531Z] 🔍 "兵庫 化学": 掲載 100社（新規 11社）｜ 累計担当者名 5018/9000
[2026-07-12T11:27:27.333Z]   処理 2760｜ 掲載 16260｜ 担当者名 5018（30.9%）
[2026-07-12T11:27:55.867Z] 🔍 "兵庫 機械": 掲載 100社（新規 7社）｜ 累計担当者名 5019/9000
[2026-07-12T11:28:40.017Z]   処理 2770｜ 掲載 16270｜ 担当者名 5020（30.9%）
[2026-07-12T11:28:43.285Z] 🔍 "兵庫 アパレル": 掲載 46社（新規 0社）｜ 累計担当者名 5020/9000
[2026-07-12T11:28:46.452Z] 🔍 "兵庫 ホテル": 掲載 100社（新規 3社）｜ 累計担当者名 5020/9000
[2026-07-12T11:29:06.337Z] 🔍 "奈良 メーカー": 掲載 84社（新規 24社）｜ 累計担当者名 5021/9000
[2026-07-12T11:29:44.850Z]   処理 2780｜ 掲載 16280｜ 担当者名 5025（30.9%）
[2026-07-12T11:30:49.359Z]   処理 2790｜ 掲載 16290｜ 担当者名 5028（30.9%）
[2026-07-12T11:31:32.234Z] 🔍 "奈良 商社": 掲載 26社（新規 2社）｜ 累計担当者名 5029/9000
[2026-07-12T11:31:47.878Z] 🔍 "奈良 小売": 掲載 25社（新規 1社）｜ 累計担当者名 5029/9000
[2026-07-12T11:31:55.529Z]   処理 2800｜ 掲載 16300｜ 担当者名 5029（30.9%）
[2026-07-12T11:31:58.177Z] 🔍 "奈良 金融": 掲載 19社（新規 7社）｜ 累計担当者名 5029/9000
[2026-07-12T11:32:36.628Z] 🔍 "奈良 介護": 掲載 47社（新規 9社）｜ 累計担当者名 5030/9000
[2026-07-12T11:32:58.364Z]   処理 2810｜ 掲載 16310｜ 担当者名 5030（30.8%）
[2026-07-12T11:33:52.436Z] 🔍 "奈良 医療": 掲載 100社（新規 16社）｜ 累計担当者名 5030/9000
[2026-07-12T11:34:14.302Z]   処理 2820｜ 掲載 16320｜ 担当者名 5032（30.8%）
[2026-07-12T11:35:17.419Z]   処理 2830｜ 掲載 16330｜ 担当者名 5035（30.8%）
[2026-07-12T11:35:35.341Z] 🔍 "奈良 食品": 掲載 74社（新規 3社）｜ 累計担当者名 5035/9000
[2026-07-12T11:35:57.578Z] 🔍 "奈良 建設": 掲載 85社（新規 15社）｜ 累計担当者名 5036/9000
[2026-07-12T11:36:37.517Z]   処理 2840｜ 掲載 16340｜ 担当者名 5036（30.8%）
[2026-07-12T11:37:36.207Z]   処理 2850｜ 掲載 16350｜ 担当者名 5041（30.8%）
[2026-07-12T11:37:39.321Z] 🔍 "奈良 不動産": 掲載 34社（新規 0社）｜ 累計担当者名 5041/9000
[2026-07-12T11:37:40.980Z] 🔍 "奈良 物流": 掲載 28社（新規 1社）｜ 累計担当者名 5041/9000
[2026-07-12T11:37:50.950Z] 🔍 "奈良 外食": 掲載 3社（新規 0社）｜ 累計担当者名 5041/9000
[2026-07-12T11:37:54.114Z] 🔍 "奈良 自動車": 掲載 100社（新規 11社）｜ 累計担当者名 5041/9000
[2026-07-12T11:38:42.083Z]   処理 2860｜ 掲載 16360｜ 担当者名 5045（30.8%）
[2026-07-12T11:39:02.747Z] 🔍 "奈良 人材": 掲載 39社（新規 1社）｜ 累計担当者名 5045/9000
[2026-07-12T11:39:11.256Z] 🔍 "奈良 教育": 掲載 100社（新規 9社）｜ 累計担当者名 5045/9000
[2026-07-12T11:40:01.584Z]   処理 2870｜ 掲載 16370｜ 担当者名 5047（30.8%）
[2026-07-12T11:40:18.835Z] 🔍 "奈良 化学": 掲載 100社（新規 19社）｜ 累計担当者名 5047/9000
[2026-07-12T11:41:18.260Z]   処理 2880｜ 掲載 16380｜ 担当者名 5049（30.8%）
[2026-07-12T11:42:22.863Z]   処理 2890｜ 掲載 16390｜ 担当者名 5052（30.8%）
[2026-07-12T11:42:31.201Z] 🔍 "奈良 機械": 掲載 31社（新規 4社）｜ 累計担当者名 5052/9000
[2026-07-12T11:43:04.932Z] 🔍 "奈良 アパレル": 掲載 27社（新規 1社）｜ 累計担当者名 5052/9000
[2026-07-12T11:43:12.848Z] 🔍 "奈良 ホテル": 掲載 100社（新規 12社）｜ 累計担当者名 5053/9000
[2026-07-12T11:43:33.912Z]   処理 2900｜ 掲載 16400｜ 担当者名 5054（30.8%）
[2026-07-12T11:44:33.033Z] 🔍 "和歌山 メーカー": 掲載 51社（新規 17社）｜ 累計担当者名 5055/9000
[2026-07-12T11:44:45.737Z]   処理 2910｜ 掲載 16410｜ 担当者名 5055（30.8%）
[2026-07-12T11:45:27.830Z]   処理 2920｜ 掲載 16420｜ 担当者名 5062（30.8%）
[2026-07-12T11:46:04.097Z] 🔍 "和歌山 商社": 掲載 23社（新規 1社）｜ 累計担当者名 5065/9000
[2026-07-12T11:46:10.074Z] 🔍 "和歌山 小売": 掲載 16社（新規 1社）｜ 累計担当者名 5066/9000
[2026-07-12T11:46:20.308Z] 🔍 "和歌山 金融": 掲載 9社（新規 3社）｜ 累計担当者名 5066/9000
[2026-07-12T11:46:33.922Z]   処理 2930｜ 掲載 16430｜ 担当者名 5067（30.8%）
[2026-07-12T11:46:37.106Z] 🔍 "和歌山 介護": 掲載 21社（新規 1社）｜ 累計担当者名 5067/9000
[2026-07-12T11:46:45.409Z] 🔍 "和歌山 医療": 掲載 100社（新規 16社）｜ 累計担当者名 5067/9000
[2026-07-12T11:47:49.831Z]   処理 2940｜ 掲載 16440｜ 担当者名 5067（30.8%）
[2026-07-12T11:48:40.589Z] 🔍 "和歌山 食品": 掲載 37社（新規 2社）｜ 累計担当者名 5068/9000
[2026-07-12T11:48:55.541Z] 🔍 "和歌山 建設": 掲載 78社（新規 14社）｜ 累計担当者名 5069/9000
[2026-07-12T11:48:59.777Z]   処理 2950｜ 掲載 16450｜ 担当者名 5069（30.8%）
[2026-07-12T11:50:06.717Z]   処理 2960｜ 掲載 16460｜ 担当者名 5070（30.8%）
[2026-07-12T11:50:29.673Z] 🔍 "和歌山 不動産": 掲載 18社（新規 1社）｜ 累計担当者名 5071/9000
[2026-07-12T11:50:33.850Z] 🔍 "和歌山 物流": 掲載 15社（新規 0社）｜ 累計担当者名 5072/9000
[2026-07-12T11:50:35.046Z] 🔍 "和歌山 外食": 掲載 1社（新規 0社）｜ 累計担当者名 5072/9000
[2026-07-12T11:50:37.944Z] 🔍 "和歌山 自動車": 掲載 89社（新規 21社）｜ 累計担当者名 5072/9000
[2026-07-12T11:51:19.892Z]   処理 2970｜ 掲載 16470｜ 担当者名 5074（30.8%）
[2026-07-12T11:52:20.401Z]   処理 2980｜ 掲載 16480｜ 担当者名 5077（30.8%）
[2026-07-12T11:52:53.125Z] 🔍 "和歌山 人材": 掲載 32社（新規 3社）｜ 累計担当者名 5079/9000
[2026-07-12T11:53:12.065Z] 🔍 "和歌山 教育": 掲載 100社（新規 17社）｜ 累計担当者名 5079/9000
[2026-07-12T11:53:23.027Z]   処理 2990｜ 掲載 16490｜ 担当者名 5080（30.8%）
[2026-07-12T11:54:34.618Z]   処理 3000｜ 掲載 16500｜ 担当者名 5081（30.8%）
[2026-07-12T11:55:13.109Z] 🔍 "和歌山 化学": 掲載 76社（新規 18社）｜ 累計担当者名 5083/9000
[2026-07-12T11:55:56.283Z]   処理 3010｜ 掲載 16510｜ 担当者名 5083（30.8%）
[2026-07-12T11:57:11.247Z]   処理 3020｜ 掲載 16520｜ 担当者名 5085（30.8%）
[2026-07-12T11:57:30.140Z] 🔍 "和歌山 機械": 掲載 23社（新規 2社）｜ 累計担当者名 5085/9000
[2026-07-12T11:57:46.213Z] 🔍 "和歌山 アパレル": 掲載 8社（新規 0社）｜ 累計担当者名 5085/9000
[2026-07-12T11:57:48.812Z] 🔍 "和歌山 ホテル": 掲載 72社（新規 6社）｜ 累計担当者名 5085/9000
[2026-07-12T11:58:17.569Z]   処理 3030｜ 掲載 16530｜ 担当者名 5086（30.8%）
[2026-07-12T11:58:29.513Z] 🔍 "鳥取 メーカー": 掲載 35社（新規 8社）｜ 累計担当者名 5086/9000
[2026-07-12T11:59:24.984Z] 🔍 "鳥取 商社": 掲載 11社（新規 2社）｜ 累計担当者名 5087/9000
[2026-07-12T11:59:32.768Z]   処理 3040｜ 掲載 16540｜ 担当者名 5087（30.8%）
[2026-07-12T11:59:40.719Z] 🔍 "鳥取 小売": 掲載 11社（新規 2社）｜ 累計担当者名 5087/9000
[2026-07-12T11:59:52.520Z] 🔍 "鳥取 金融": 掲載 10社（新規 4社）｜ 累計担当者名 5087/9000
[2026-07-12T12:00:17.776Z] 🔍 "鳥取 介護": 掲載 19社（新規 1社）｜ 累計担当者名 5089/9000
[2026-07-12T12:00:30.001Z] 🔍 "鳥取 医療": 掲載 100社（新規 23社）｜ 累計担当者名 5090/9000
[2026-07-12T12:00:46.699Z]   処理 3050｜ 掲載 16550｜ 担当者名 5091（30.8%）
[2026-07-12T12:01:50.480Z]   処理 3060｜ 掲載 16560｜ 担当者名 5093（30.8%）
[2026-07-12T12:02:58.596Z]   処理 3070｜ 掲載 16570｜ 担当者名 5097（30.8%）
[2026-07-12T12:03:06.633Z] 🔍 "鳥取 食品": 掲載 23社（新規 4社）｜ 累計担当者名 5097/9000
[2026-07-12T12:03:32.264Z] 🔍 "鳥取 建設": 掲載 72社（新規 19社）｜ 累計担当者名 5099/9000
[2026-07-12T12:03:59.500Z]   処理 3080｜ 掲載 16580｜ 担当者名 5101（30.8%）
[2026-07-12T12:05:00.734Z]   処理 3090｜ 掲載 16590｜ 担当者名 5104（30.8%）
[2026-07-12T12:05:31.374Z] 🔍 "鳥取 不動産": 掲載 9社（新規 0社）｜ 累計担当者名 5106/9000
[2026-07-12T12:05:32.745Z] 🔍 "鳥取 物流": 掲載 12社（新規 2社）｜ 累計担当者名 5106/9000
[2026-07-12T12:05:47.232Z] 🔍 "鳥取 外食": 掲載 1社（新規 0社）｜ 累計担当者名 5107/9000
[2026-07-12T12:05:50.627Z] 🔍 "鳥取 自動車": 掲載 68社（新規 13社）｜ 累計担当者名 5107/9000
[2026-07-12T12:06:05.202Z]   処理 3100｜ 掲載 16600｜ 担当者名 5111（30.8%）
[2026-07-12T12:06:59.408Z] 🔍 "鳥取 人材": 掲載 26社（新規 2社）｜ 累計担当者名 5115/9000
[2026-07-12T12:07:07.416Z]   処理 3110｜ 掲載 16610｜ 担当者名 5115（30.8%）
[2026-07-12T12:07:20.483Z] 🔍 "鳥取 教育": 掲載 100社（新規 17社）｜ 累計担当者名 5116/9000
[2026-07-12T12:08:07.848Z]   処理 3120｜ 掲載 16620｜ 担当者名 5118（30.8%）
[2026-07-12T12:09:09.691Z] 🔍 "鳥取 化学": 掲載 100社（新規 14社）｜ 累計担当者名 5119/9000
[2026-07-12T12:09:22.834Z]   処理 3130｜ 掲載 16630｜ 担当者名 5119（30.8%）
[2026-07-12T12:10:32.596Z]   処理 3140｜ 掲載 16640｜ 担当者名 5121（30.8%）
[2026-07-12T12:10:53.272Z] 🔍 "鳥取 機械": 掲載 17社（新規 3社）｜ 累計担当者名 5122/9000
[2026-07-12T12:11:15.568Z] 🔍 "鳥取 アパレル": 掲載 9社（新規 0社）｜ 累計担当者名 5123/9000
[2026-07-12T12:11:17.422Z] 🔍 "鳥取 ホテル": 掲載 35社（新規 3社）｜ 累計担当者名 5123/9000
[2026-07-12T12:11:40.777Z] 🔍 "島根 メーカー": 掲載 49社（新規 13社）｜ 累計担当者名 5124/9000
[2026-07-12T12:11:44.828Z]   処理 3150｜ 掲載 16650｜ 担当者名 5126（30.8%）
[2026-07-12T12:12:45.417Z]   処理 3160｜ 掲載 16660｜ 担当者名 5130（30.8%）
[2026-07-12T12:12:56.949Z] 🔍 "島根 商社": 掲載 18社（新規 1社）｜ 累計担当者名 5131/9000
[2026-07-12T12:13:07.109Z] 🔍 "島根 小売": 掲載 10社（新規 1社）｜ 累計担当者名 5131/9000
[2026-07-12T12:13:13.797Z] 🔍 "島根 金融": 掲載 14社（新規 5社）｜ 累計担当者名 5131/9000
[2026-07-12T12:13:45.807Z] 🔍 "島根 介護": 掲載 12社（新規 3社）｜ 累計担当者名 5131/9000
[2026-07-12T12:13:58.601Z]   処理 3170｜ 掲載 16670｜ 担当者名 5133（30.8%）
[2026-07-12T12:14:13.579Z] 🔍 "島根 医療": 掲載 100社（新規 18社）｜ 累計担当者名 5133/9000
[2026-07-12T12:15:10.852Z]   処理 3180｜ 掲載 16680｜ 担当者名 5135（30.8%）
[2026-07-12T12:16:18.201Z] 🔍 "島根 食品": 掲載 30社（新規 5社）｜ 累計担当者名 5139/9000
[2026-07-12T12:16:22.202Z]   処理 3190｜ 掲載 16690｜ 担当者名 5139（30.8%）
[2026-07-12T12:16:58.660Z] 🔍 "島根 建設": 掲載 86社（新規 23社）｜ 累計担当者名 5139/9000
[2026-07-12T12:17:42.915Z]   処理 3200｜ 掲載 16700｜ 担当者名 5142（30.8%）
[2026-07-12T12:18:44.868Z]   処理 3210｜ 掲載 16710｜ 担当者名 5147（30.8%）
[2026-07-12T12:19:33.910Z] 🔍 "島根 不動産": 掲載 10社（新規 1社）｜ 累計担当者名 5149/9000
[2026-07-12T12:19:37.948Z] 🔍 "島根 物流": 掲載 11社（新規 1社）｜ 累計担当者名 5150/9000
[2026-07-12T12:19:44.461Z] 🔍 "島根 外食": 掲載 1社（新規 0社）｜ 累計担当者名 5150/9000
[2026-07-12T12:19:49.632Z] 🔍 "島根 自動車": 掲載 92社（新規 12社）｜ 累計担当者名 5150/9000
[2026-07-12T12:19:53.863Z]   処理 3220｜ 掲載 16720｜ 担当者名 5150（30.8%）
[2026-07-12T12:20:57.583Z]   処理 3230｜ 掲載 16730｜ 担当者名 5155（30.8%）
[2026-07-12T12:21:06.100Z] 🔍 "島根 人材": 掲載 24社（新規 1社）｜ 累計担当者名 5155/9000
[2026-07-12T12:21:18.697Z] 🔍 "島根 教育": 掲載 100社（新規 16社）｜ 累計担当者名 5155/9000
[2026-07-12T12:22:06.335Z]   処理 3240｜ 掲載 16740｜ 担当者名 5156（30.8%）
[2026-07-12T12:23:07.335Z] 🔍 "島根 化学": 掲載 100社（新規 19社）｜ 累計担当者名 5156/9000
[2026-07-12T12:23:20.793Z]   処理 3250｜ 掲載 16750｜ 担当者名 5157（30.8%）
[2026-07-12T12:24:34.426Z]   処理 3260｜ 掲載 16760｜ 担当者名 5163（30.8%）
[2026-07-12T12:25:28.512Z] 🔍 "島根 機械": 掲載 36社（新規 1社）｜ 累計担当者名 5164/9000
[2026-07-12T12:25:35.103Z] 🔍 "島根 アパレル": 掲載 8社（新規 0社）｜ 累計担当者名 5164/9000
[2026-07-12T12:25:39.350Z] 🔍 "島根 ホテル": 掲載 55社（新規 12社）｜ 累計担当者名 5164/9000
[2026-07-12T12:25:52.207Z]   処理 3270｜ 掲載 16770｜ 担当者名 5164（30.8%）
[2026-07-12T12:27:02.834Z]   処理 3280｜ 掲載 16780｜ 担当者名 5167（30.8%）
[2026-07-12T12:27:07.659Z] 🔍 "岡山 メーカー": 掲載 100社（新規 20社）｜ 累計担当者名 5167/9000
[2026-07-12T12:28:02.456Z]   処理 3290｜ 掲載 16790｜ 担当者名 5172（30.8%）
[2026-07-12T12:29:00.553Z]   処理 3300｜ 掲載 16800｜ 担当者名 5176（30.8%）
[2026-07-12T12:29:04.564Z] 🔍 "岡山 商社": 掲載 69社（新規 16社）｜ 累計担当者名 5176/9000
[2026-07-12T12:30:04.919Z]   処理 3310｜ 掲載 16810｜ 担当者名 5181（30.8%）
[2026-07-12T12:30:47.087Z] 🔍 "岡山 小売": 掲載 32社（新規 2社）｜ 累計担当者名 5182/9000
[2026-07-12T12:30:59.174Z] 🔍 "岡山 金融": 掲載 20社（新規 7社）｜ 累計担当者名 5182/9000
[2026-07-12T12:31:08.476Z]   処理 3320｜ 掲載 16820｜ 担当者名 5183（30.8%）
[2026-07-12T12:31:35.139Z] 🔍 "岡山 介護": 掲載 63社（新規 15社）｜ 累計担当者名 5187/9000
[2026-07-12T12:32:10.120Z]   処理 3330｜ 掲載 16830｜ 担当者名 5189（30.8%）
[2026-07-12T12:33:18.090Z]   処理 3340｜ 掲載 16840｜ 担当者名 5194（30.8%）
[2026-07-12T12:33:22.664Z] 🔍 "岡山 医療": 掲載 100社（新規 22社）｜ 累計担当者名 5194/9000
[2026-07-12T12:34:18.538Z]   処理 3350｜ 掲載 16850｜ 担当者名 5197（30.8%）
[2026-07-12T12:35:24.933Z]   処理 3360｜ 掲載 16860｜ 担当者名 5199（30.8%）
[2026-07-12T12:35:47.518Z] 🔍 "岡山 食品": 掲載 89社（新規 10社）｜ 累計担当者名 5199/9000
[2026-07-12T12:36:34.985Z]   処理 3370｜ 掲載 16870｜ 担当者名 5203（30.8%）
[2026-07-12T12:36:59.385Z] 🔍 "岡山 建設": 掲載 100社（新規 20社）｜ 累計担当者名 5203/9000
[2026-07-12T12:37:45.469Z]   処理 3380｜ 掲載 16880｜ 担当者名 5207（30.8%）
[2026-07-12T12:38:43.860Z]   処理 3390｜ 掲載 16890｜ 担当者名 5210（30.8%）
[2026-07-12T12:39:01.677Z] 🔍 "岡山 不動産": 掲載 57社（新規 15社）｜ 累計担当者名 5211/9000
[2026-07-12T12:39:56.208Z]   処理 3400｜ 掲載 16900｜ 担当者名 5212（30.8%）
[2026-07-12T12:40:41.934Z] 🔍 "岡山 物流": 掲載 64社（新規 7社）｜ 累計担当者名 5216/9000
[2026-07-12T12:40:59.238Z]   処理 3410｜ 掲載 16910｜ 担当者名 5217（30.9%）
[2026-07-12T12:41:30.803Z] 🔍 "岡山 外食": 掲載 11社（新規 0社）｜ 累計担当者名 5220/9000
[2026-07-12T12:41:34.061Z] 🔍 "岡山 自動車": 掲載 100社（新規 16社）｜ 累計担当者名 5220/9000
[2026-07-12T12:42:07.258Z]   処理 3420｜ 掲載 16920｜ 担当者名 5222（30.9%）
[2026-07-12T12:43:13.852Z]   処理 3430｜ 掲載 16930｜ 担当者名 5224（30.9%）
[2026-07-12T12:43:18.273Z] 🔍 "岡山 人材": 掲載 65社（新規 9社）｜ 累計担当者名 5224/9000
[2026-07-12T12:44:13.296Z] 🔍 "岡山 教育": 掲載 100社（新規 9社）｜ 累計担当者名 5227/9000
[2026-07-12T12:44:17.480Z]   処理 3440｜ 掲載 16940｜ 担当者名 5227（30.9%）
[2026-07-12T12:45:20.201Z] 🔍 "岡山 化学": 掲載 100社（新規 11社）｜ 累計担当者名 5229/9000
[2026-07-12T12:45:33.283Z]   処理 3450｜ 掲載 16950｜ 担当者名 5229（30.8%）
[2026-07-12T12:46:31.370Z] 🔍 "岡山 機械": 掲載 90社（新規 7社）｜ 累計担当者名 5233/9000
[2026-07-12T12:46:36.627Z]   処理 3460｜ 掲載 16960｜ 担当者名 5234（30.9%）
[2026-07-12T12:47:16.662Z] 🔍 "岡山 アパレル": 掲載 27社（新規 1社）｜ 累計担当者名 5236/9000
[2026-07-12T12:47:25.523Z] 🔍 "岡山 ホテル": 掲載 100社（新規 14社）｜ 累計担当者名 5237/9000
[2026-07-12T12:47:42.135Z]   処理 3470｜ 掲載 16970｜ 担当者名 5239（30.9%）
[2026-07-12T12:49:02.390Z]   処理 3480｜ 掲載 16980｜ 担当者名 5241（30.9%）
[2026-07-12T12:49:14.646Z] 🔍 "広島 メーカー": 掲載 100社（新規 23社）｜ 累計担当者名 5241/9000
[2026-07-12T12:50:12.330Z]   処理 3490｜ 掲載 16990｜ 担当者名 5245（30.9%）
[2026-07-12T12:51:18.483Z]   処理 3500｜ 掲載 17000｜ 担当者名 5250（30.9%）
[2026-07-12T12:51:48.838Z] 🔍 "広島 商社": 掲載 100社（新規 14社）｜ 累計担当者名 5251/9000
[2026-07-12T12:52:26.252Z]   処理 3510｜ 掲載 17010｜ 担当者名 5251（30.9%）
[2026-07-12T12:53:22.191Z] 🔍 "広島 小売": 掲載 47社（新規 2社）｜ 累計担当者名 5253/9000
[2026-07-12T12:53:30.633Z]   処理 3520｜ 掲載 17020｜ 担当者名 5254（30.9%）
[2026-07-12T12:53:33.711Z] 🔍 "広島 金融": 掲載 42社（新規 11社）｜ 累計担当者名 5254/9000
[2026-07-12T12:54:35.480Z]   処理 3530｜ 掲載 17030｜ 担当者名 5256（30.9%）
[2026-07-12T12:54:47.548Z] 🔍 "広島 介護": 掲載 80社（新規 13社）｜ 累計担当者名 5256/9000
[2026-07-12T12:55:44.154Z]   処理 3540｜ 掲載 17040｜ 担当者名 5259（30.9%）
[2026-07-12T12:56:16.002Z] 🔍 "広島 医療": 掲載 100社（新規 16社）｜ 累計担当者名 5260/9000
[2026-07-12T12:56:55.189Z]   処理 3550｜ 掲載 17050｜ 担当者名 5262（30.9%）
[2026-07-12T12:57:59.776Z]   処理 3560｜ 掲載 17060｜ 担当者名 5267（30.9%）
[2026-07-12T12:58:04.630Z] 🔍 "広島 食品": 掲載 100社（新規 7社）｜ 累計担当者名 5267/9000
[2026-07-12T12:58:54.676Z] 🔍 "広島 建設": 掲載 100社（新規 26社）｜ 累計担当者名 5268/9000
[2026-07-12T12:59:08.606Z]   処理 3570｜ 掲載 17070｜ 担当者名 5270（30.9%）
[2026-07-12T13:00:19.676Z]   処理 3580｜ 掲載 17080｜ 担当者名 5274（30.9%）
[2026-07-12T13:01:21.932Z]   処理 3590｜ 掲載 17090｜ 担当者名 5276（30.9%）
[2026-07-12T13:01:43.839Z] 🔍 "広島 不動産": 掲載 96社（新規 11社）｜ 累計担当者名 5277/9000
[2026-07-12T13:02:21.332Z]   処理 3600｜ 掲載 17100｜ 担当者名 5279（30.9%）
[2026-07-12T13:02:49.581Z] 🔍 "広島 物流": 掲載 95社（新規 12社）｜ 累計担当者名 5281/9000
[2026-07-12T13:03:27.525Z]   処理 3610｜ 掲載 17110｜ 担当者名 5284（30.9%）
[2026-07-12T13:04:13.365Z] 🔍 "広島 外食": 掲載 17社（新規 2社）｜ 累計担当者名 5286/9000
[2026-07-12T13:04:28.370Z] 🔍 "広島 自動車": 掲載 100社（新規 11社）｜ 累計担当者名 5287/9000
[2026-07-12T13:04:42.052Z]   処理 3620｜ 掲載 17120｜ 担当者名 5288（30.9%）
[2026-07-12T13:05:34.281Z] 🔍 "広島 人材": 掲載 98社（新規 9社）｜ 累計担当者名 5294/9000
[2026-07-12T13:05:41.935Z]   処理 3630｜ 掲載 17130｜ 担当者名 5294（30.9%）
[2026-07-12T13:06:37.088Z] 🔍 "広島 教育": 掲載 100社（新規 2社）｜ 累計担当者名 5299/9000
[2026-07-12T13:06:46.422Z]   処理 3640｜ 掲載 17140｜ 担当者名 5299（30.9%）
[2026-07-12T13:06:51.061Z] 🔍 "広島 化学": 掲載 100社（新規 2社）｜ 累計担当者名 5299/9000
[2026-07-12T13:07:12.894Z] 🔍 "広島 機械": 掲載 100社（新規 3社）｜ 累計担当者名 5299/9000
[2026-07-12T13:07:35.766Z] 🔍 "広島 アパレル": 掲載 58社（新規 1社）｜ 累計担当者名 5299/9000
[2026-07-12T13:07:45.051Z] 🔍 "広島 ホテル": 掲載 100社（新規 4社）｜ 累計担当者名 5299/9000
[2026-07-12T13:08:08.712Z]   処理 3650｜ 掲載 17150｜ 担当者名 5299（30.9%）
[2026-07-12T13:08:13.029Z] 🔍 "山口 メーカー": 掲載 80社（新規 26社）｜ 累計担当者名 5299/9000
[2026-07-12T13:09:25.182Z]   処理 3660｜ 掲載 17160｜ 担当者名 5302（30.9%）
[2026-07-12T13:10:27.457Z]   処理 3670｜ 掲載 17170｜ 担当者名 5306（30.9%）
[2026-07-12T13:11:07.115Z] 🔍 "山口 商社": 掲載 37社（新規 7社）｜ 累計担当者名 5308/9000
[2026-07-12T13:11:25.210Z]   処理 3680｜ 掲載 17180｜ 担当者名 5310（30.9%）
[2026-07-12T13:11:40.966Z] 🔍 "山口 小売": 掲載 19社（新規 1社）｜ 累計担当者名 5313/9000
[2026-07-12T13:11:47.686Z] 🔍 "山口 金融": 掲載 16社（新規 5社）｜ 累計担当者名 5314/9000
[2026-07-12T13:12:18.584Z] 🔍 "山口 介護": 掲載 31社（新規 7社）｜ 累計担当者名 5315/9000
[2026-07-12T13:12:22.611Z]   処理 3690｜ 掲載 17190｜ 担当者名 5315（30.9%）
[2026-07-12T13:13:12.612Z] 🔍 "山口 医療": 掲載 100社（新規 19社）｜ 累計担当者名 5316/9000
[2026-07-12T13:13:43.090Z]   処理 3700｜ 掲載 17200｜ 担当者名 5316（30.9%）
[2026-07-12T13:14:58.349Z]   処理 3710｜ 掲載 17210｜ 担当者名 5317（30.9%）
[2026-07-12T13:15:42.141Z] 🔍 "山口 食品": 掲載 58社（新規 3社）｜ 累計担当者名 5319/9000
[2026-07-12T13:16:01.391Z] 🔍 "山口 建設": 掲載 100社（新規 22社）｜ 累計担当者名 5320/9000
[2026-07-12T13:16:10.841Z]   処理 3720｜ 掲載 17220｜ 担当者名 5320（30.9%）
[2026-07-12T13:17:21.060Z]   処理 3730｜ 掲載 17230｜ 担当者名 5323（30.9%）
[2026-07-12T13:18:27.906Z]   処理 3740｜ 掲載 17240｜ 担当者名 5327（30.9%）
[2026-07-12T13:18:31.534Z] 🔍 "山口 不動産": 掲載 22社（新規 1社）｜ 累計担当者名 5327/9000
[2026-07-12T13:18:36.256Z] 🔍 "山口 物流": 掲載 34社（新規 3社）｜ 累計担当者名 5328/9000
[2026-07-12T13:18:57.120Z] 🔍 "山口 外食": 掲載 3社（新規 1社）｜ 累計担当者名 5330/9000
[2026-07-12T13:19:03.137Z] 🔍 "山口 自動車": 掲載 100社（新規 12社）｜ 累計担当者名 5331/9000
[2026-07-12T13:19:35.501Z]   処理 3750｜ 掲載 17250｜ 担当者名 5334（30.9%）
[2026-07-12T13:20:22.340Z] 🔍 "山口 人材": 掲載 30社（新規 3社）｜ 累計担当者名 5339/9000
[2026-07-12T13:20:36.896Z]   処理 3760｜ 掲載 17260｜ 担当者名 5340（30.9%）
[2026-07-12T13:20:41.350Z] 🔍 "山口 教育": 掲載 100社（新規 24社）｜ 累計担当者名 5340/9000
[2026-07-12T13:21:53.655Z]   処理 3770｜ 掲載 17270｜ 担当者名 5340（30.9%）
[2026-07-12T13:23:00.711Z]   処理 3780｜ 掲載 17280｜ 担当者名 5342（30.9%）
[2026-07-12T13:23:37.050Z] 🔍 "山口 化学": 掲載 100社（新規 5社）｜ 累計担当者名 5342/9000
[2026-07-12T13:24:18.112Z] 🔍 "山口 機械": 掲載 48社（新規 2社）｜ 累計担当者名 5342/9000
[2026-07-12T13:24:25.609Z]   処理 3790｜ 掲載 17290｜ 担当者名 5342（30.9%）
[2026-07-12T13:24:34.383Z] 🔍 "山口 アパレル": 掲載 12社（新規 0社）｜ 累計担当者名 5343/9000
[2026-07-12T13:24:36.645Z] 🔍 "山口 ホテル": 掲載 58社（新規 6社）｜ 累計担当者名 5343/9000
[2026-07-12T13:25:24.892Z] 🔍 "徳島 メーカー": 掲載 41社（新規 12社）｜ 累計担当者名 5345/9000
[2026-07-12T13:25:40.035Z]   処理 3800｜ 掲載 17300｜ 担当者名 5347（30.9%）
[2026-07-12T13:26:43.159Z] 🔍 "徳島 商社": 掲載 23社（新規 8社）｜ 累計担当者名 5352/9000
[2026-07-12T13:26:50.615Z]   処理 3810｜ 掲載 17310｜ 担当者名 5352（30.9%）
[2026-07-12T13:27:36.333Z] 🔍 "徳島 小売": 掲載 16社（新規 3社）｜ 累計担当者名 5356/9000
[2026-07-12T13:27:52.777Z]   処理 3820｜ 掲載 17320｜ 担当者名 5358（30.9%）
[2026-07-12T13:27:55.353Z] 🔍 "徳島 金融": 掲載 11社（新規 6社）｜ 累計担当者名 5358/9000
[2026-07-12T13:28:31.865Z] 🔍 "徳島 介護": 掲載 14社（新規 2社）｜ 累計担当者名 5361/9000
[2026-07-12T13:28:46.677Z] 🔍 "徳島 医療": 掲載 100社（新規 9社）｜ 累計担当者名 5362/9000
[2026-07-12T13:28:53.405Z]   処理 3830｜ 掲載 17330｜ 担当者名 5363（30.9%）
[2026-07-12T13:29:46.293Z] 🔍 "徳島 食品": 掲載 38社（新規 5社）｜ 累計担当者名 5366/9000
[2026-07-12T13:30:11.607Z]   処理 3840｜ 掲載 17340｜ 担当者名 5366（30.9%）
[2026-07-12T13:30:30.579Z] 🔍 "徳島 建設": 掲載 95社（新規 18社）｜ 累計担当者名 5366/9000
[2026-07-12T13:31:06.794Z]   処理 3850｜ 掲載 17350｜ 担当者名 5372（31.0%）
[2026-07-12T13:32:19.193Z]   処理 3860｜ 掲載 17360｜ 担当者名 5377（31.0%）
[2026-07-12T13:32:21.893Z] 🔍 "徳島 不動産": 掲載 13社（新規 3社）｜ 累計担当者名 5377/9000
[2026-07-12T13:32:43.332Z] 🔍 "徳島 物流": 掲載 10社（新規 1社）｜ 累計担当者名 5378/9000
[2026-07-12T13:32:50.742Z] 🔍 "徳島 外食": 掲載 2社（新規 0社）｜ 累計担当者名 5379/9000
[2026-07-12T13:32:54.768Z] 🔍 "徳島 自動車": 掲載 100社（新規 23社）｜ 累計担当者名 5379/9000
[2026-07-12T13:33:28.046Z]   処理 3870｜ 掲載 17370｜ 担当者名 5383（31.0%）
[2026-07-12T13:34:26.290Z]   処理 3880｜ 掲載 17380｜ 担当者名 5387（31.0%）
[2026-07-12T13:35:16.577Z] 🔍 "徳島 人材": 掲載 15社（新規 3社）｜ 累計担当者名 5390/9000
[2026-07-12T13:35:35.513Z]   処理 3890｜ 掲載 17390｜ 担当者名 5391（31.0%）
[2026-07-12T13:35:40.146Z] 🔍 "徳島 教育": 掲載 100社（新規 13社）｜ 累計担当者名 5391/9000
[2026-07-12T13:36:42.852Z]   処理 3900｜ 掲載 17400｜ 担当者名 5394（31.0%）
[2026-07-12T13:37:02.080Z] 🔍 "徳島 化学": 掲載 100社（新規 8社）｜ 累計担当者名 5396/9000
[2026-07-12T13:37:52.418Z]   処理 3910｜ 掲載 17410｜ 担当者名 5397（31.0%）
[2026-07-12T13:38:00.660Z] 🔍 "徳島 機械": 掲載 28社（新規 2社）｜ 累計担当者名 5398/9000
[2026-07-12T13:38:12.470Z] 🔍 "徳島 アパレル": 掲載 7社（新規 0社）｜ 累計担当者名 5399/9000
[2026-07-12T13:38:14.733Z] 🔍 "徳島 ホテル": 掲載 52社（新規 5社）｜ 累計担当者名 5399/9000
[2026-07-12T13:38:51.970Z] 🔍 "香川 メーカー": 掲載 65社（新規 15社）｜ 累計担当者名 5402/9000
[2026-07-12T13:39:01.482Z]   処理 3920｜ 掲載 17420｜ 担当者名 5402（31.0%）
[2026-07-12T13:40:13.471Z]   処理 3930｜ 掲載 17430｜ 担当者名 5405（31.0%）
[2026-07-12T13:40:39.541Z] 🔍 "香川 商社": 掲載 33社（新規 1社）｜ 累計担当者名 5405/9000
[2026-07-12T13:40:45.429Z] 🔍 "香川 小売": 掲載 15社（新規 0社）｜ 累計担当者名 5406/9000
[2026-07-12T13:40:46.734Z] 🔍 "香川 金融": 掲載 10社（新規 2社）｜ 累計担当者名 5406/9000
[2026-07-12T13:40:58.902Z] 🔍 "香川 介護": 掲載 28社（新規 14社）｜ 累計担当者名 5406/9000
[2026-07-12T13:41:26.759Z]   処理 3940｜ 掲載 17440｜ 担当者名 5409（31.0%）
[2026-07-12T13:42:21.904Z]   処理 3950｜ 掲載 17450｜ 担当者名 5413（31.0%）
[2026-07-12T13:42:26.104Z] 🔍 "香川 医療": 掲載 100社（新規 6社）｜ 累計担当者名 5413/9000
[2026-07-12T13:43:11.628Z] 🔍 "香川 食品": 掲載 54社（新規 2社）｜ 累計担当者名 5415/9000
[2026-07-12T13:43:26.175Z] 🔍 "香川 建設": 掲載 100社（新規 17社）｜ 累計担当者名 5416/9000
[2026-07-12T13:43:37.415Z]   処理 3960｜ 掲載 17460｜ 担当者名 5417（31.0%）
[2026-07-12T13:44:49.398Z]   処理 3970｜ 掲載 17470｜ 担当者名 5421（31.0%）
[2026-07-12T13:45:27.236Z] 🔍 "香川 不動産": 掲載 18社（新規 2社）｜ 累計担当者名 5424/9000
[2026-07-12T13:45:43.160Z] 🔍 "香川 物流": 掲載 23社（新規 3社）｜ 累計担当者名 5424/9000
[2026-07-12T13:46:08.263Z]   処理 3980｜ 掲載 17480｜ 担当者名 5425（31.0%）
[2026-07-12T13:46:10.701Z] 🔍 "香川 外食": 掲載 2社（新規 0社）｜ 累計担当者名 5425/9000
[2026-07-12T13:46:14.944Z] 🔍 "香川 自動車": 掲載 100社（新規 8社）｜ 累計担当者名 5425/9000
[2026-07-12T13:47:10.578Z] 🔍 "香川 人材": 掲載 24社（新規 3社）｜ 累計担当者名 5427/9000
[2026-07-12T13:47:19.782Z]   処理 3990｜ 掲載 17490｜ 担当者名 5427（31.0%）
[2026-07-12T13:47:33.968Z] 🔍 "香川 教育": 掲載 100社（新規 16社）｜ 累計担当者名 5427/9000
[2026-07-12T13:48:35.296Z]   処理 4000｜ 掲載 17500｜ 担当者名 5428（31.0%）
[2026-07-12T13:49:25.782Z] 🔍 "香川 化学": 掲載 78社（新規 8社）｜ 累計担当者名 5430/9000
[2026-07-12T13:49:40.403Z]   処理 4010｜ 掲載 17510｜ 担当者名 5430（31.0%）
[2026-07-12T13:50:17.175Z] 🔍 "香川 機械": 掲載 35社（新規 5社）｜ 累計担当者名 5430/9000
[2026-07-12T13:50:41.421Z]   処理 4020｜ 掲載 17520｜ 担当者名 5433（31.0%）
[2026-07-12T13:50:44.110Z] 🔍 "香川 アパレル": 掲載 8社（新規 0社）｜ 累計担当者名 5433/9000
[2026-07-12T13:50:47.422Z] 🔍 "香川 ホテル": 掲載 100社（新規 9社）｜ 累計担当者名 5433/9000
[2026-07-12T13:51:41.762Z] 🔍 "愛媛 メーカー": 掲載 58社（新規 19社）｜ 累計担当者名 5435/9000
[2026-07-12T13:51:49.490Z]   処理 4030｜ 掲載 17530｜ 担当者名 5436（31.0%）
[2026-07-12T13:52:53.529Z]   処理 4040｜ 掲載 17540｜ 担当者名 5441（31.0%）
[2026-07-12T13:53:44.936Z] 🔍 "愛媛 商社": 掲載 30社（新規 3社）｜ 累計担当者名 5445/9000
[2026-07-12T13:53:51.964Z]   処理 4050｜ 掲載 17550｜ 担当者名 5446（31.0%）
[2026-07-12T13:54:03.679Z] 🔍 "愛媛 小売": 掲載 22社（新規 3社）｜ 累計担当者名 5446/9000
[2026-07-12T13:54:24.417Z] 🔍 "愛媛 金融": 掲載 15社（新規 8社）｜ 累計担当者名 5446/9000
[2026-07-12T13:54:51.470Z]   処理 4060｜ 掲載 17560｜ 担当者名 5449（31.0%）
[2026-07-12T13:55:02.208Z] 🔍 "愛媛 介護": 掲載 25社（新規 1社）｜ 累計担当者名 5450/9000
[2026-07-12T13:55:11.326Z] 🔍 "愛媛 医療": 掲載 100社（新規 5社）｜ 累計担当者名 5450/9000
[2026-07-12T13:55:55.572Z] 🔍 "愛媛 食品": 掲載 52社（新規 4社）｜ 累計担当者名 5451/9000
[2026-07-12T13:56:09.524Z]   処理 4070｜ 掲載 17570｜ 担当者名 5452（31.0%）
[2026-07-12T13:56:21.930Z] 🔍 "愛媛 建設": 掲載 100社（新規 14社）｜ 累計担当者名 5454/9000
[2026-07-12T13:57:03.004Z]   処理 4080｜ 掲載 17580｜ 担当者名 5457（31.0%）
[2026-07-12T13:57:48.238Z] 🔍 "愛媛 不動産": 掲載 25社（新規 4社）｜ 累計担当者名 5458/9000
[2026-07-12T13:58:08.945Z]   処理 4090｜ 掲載 17590｜ 担当者名 5459（31.0%）
[2026-07-12T13:58:11.796Z] 🔍 "愛媛 物流": 掲載 21社（新規 2社）｜ 累計担当者名 5459/9000
[2026-07-12T13:58:27.158Z] 🔍 "愛媛 外食": 掲載 4社（新規 1社）｜ 累計担当者名 5460/9000
[2026-07-12T13:58:35.654Z] 🔍 "愛媛 自動車": 掲載 100社（新規 7社）｜ 累計担当者名 5461/9000
[2026-07-12T13:59:20.548Z]   処理 4100｜ 掲載 17600｜ 担当者名 5465（31.1%）
[2026-07-12T13:59:23.901Z] 🔍 "愛媛 人材": 掲載 23社（新規 2社）｜ 累計担当者名 5465/9000
[2026-07-12T13:59:41.338Z] 🔍 "愛媛 教育": 掲載 100社（新規 6社）｜ 累計担当者名 5465/9000
[2026-07-12T14:00:21.235Z] 🔍 "愛媛 化学": 掲載 100社（新規 11社）｜ 累計担当者名 5466/9000
[2026-07-12T14:00:30.636Z]   処理 4110｜ 掲載 17610｜ 担当者名 5466（31.0%）
[2026-07-12T14:01:38.032Z] 🔍 "愛媛 機械": 掲載 38社（新規 0社）｜ 累計担当者名 5468/9000
[2026-07-12T14:01:40.838Z] 🔍 "愛媛 アパレル": 掲載 10社（新規 0社）｜ 累計担当者名 5468/9000
[2026-07-12T14:01:44.254Z] 🔍 "愛媛 ホテル": 掲載 78社（新規 14社）｜ 累計担当者名 5468/9000
[2026-07-12T14:01:48.864Z]   処理 4120｜ 掲載 17620｜ 担当者名 5469（31.0%）
[2026-07-12T14:02:46.691Z]   処理 4130｜ 掲載 17630｜ 担当者名 5472（31.0%）
[2026-07-12T14:03:06.876Z] 🔍 "高知 メーカー": 掲載 25社（新規 4社）｜ 累計担当者名 5474/9000
[2026-07-12T14:03:25.222Z] 🔍 "高知 商社": 掲載 19社（新規 1社）｜ 累計担当者名 5478/9000
[2026-07-12T14:03:32.152Z] 🔍 "高知 小売": 掲載 12社（新規 1社）｜ 累計担当者名 5478/9000
[2026-07-12T14:03:42.355Z] 🔍 "高知 金融": 掲載 7社（新規 3社）｜ 累計担当者名 5478/9000
[2026-07-12T14:03:43.794Z]   処理 4140｜ 掲載 17640｜ 担当者名 5479（31.1%）
[2026-07-12T14:03:57.798Z] 🔍 "高知 介護": 掲載 18社（新規 0社）｜ 累計担当者名 5480/9000
[2026-07-12T14:04:00.823Z] 🔍 "高知 医療": 掲載 100社（新規 7社）｜ 累計担当者名 5480/9000
[2026-07-12T14:04:42.632Z] 🔍 "高知 食品": 掲載 25社（新規 1社）｜ 累計担当者名 5480/9000
[2026-07-12T14:04:46.622Z]   処理 4150｜ 掲載 17650｜ 担当者名 5480（31.0%）
[2026-07-12T14:04:52.587Z] 🔍 "高知 建設": 掲載 95社（新規 11社）｜ 累計担当者名 5480/9000
[2026-07-12T14:05:55.522Z]   処理 4160｜ 掲載 17660｜ 担当者名 5482（31.0%）
[2026-07-12T14:06:03.377Z] 🔍 "高知 不動産": 掲載 10社（新規 0社）｜ 累計担当者名 5482/9000
[2026-07-12T14:06:04.885Z] 🔍 "高知 物流": 掲載 10社（新規 0社）｜ 累計担当者名 5482/9000
[2026-07-12T14:06:06.159Z] 🔍 "高知 外食": 掲載 4社（新規 0社）｜ 累計担当者名 5482/9000
[2026-07-12T14:06:09.973Z] 🔍 "高知 自動車": 掲載 100社（新規 14社）｜ 累計担当者名 5482/9000
[2026-07-12T14:07:08.547Z]   処理 4170｜ 掲載 17670｜ 担当者名 5484（31.0%）
[2026-07-12T14:07:50.088Z] 🔍 "高知 人材": 掲載 13社（新規 1社）｜ 累計担当者名 5485/9000
[2026-07-12T14:08:03.827Z] 🔍 "高知 教育": 掲載 100社（新規 13社）｜ 累計担当者名 5485/9000
[2026-07-12T14:08:21.292Z]   処理 4180｜ 掲載 17680｜ 担当者名 5487（31.0%）
[2026-07-12T14:09:26.756Z] 🔍 "高知 化学": 掲載 79社（新規 8社）｜ 累計担当者名 5488/9000
[2026-07-12T14:09:34.449Z]   処理 4190｜ 掲載 17690｜ 担当者名 5488（31.0%）
[2026-07-12T14:10:21.101Z] 🔍 "高知 機械": 掲載 24社（新規 0社）｜ 累計担当者名 5492/9000
[2026-07-12T14:10:22.368Z] 🔍 "高知 アパレル": 掲載 4社（新規 0社）｜ 累計担当者名 5492/9000
[2026-07-12T14:10:25.051Z] 🔍 "高知 ホテル": 掲載 72社（新規 9社）｜ 累計担当者名 5492/9000
[2026-07-12T14:10:43.677Z]   処理 4200｜ 掲載 17700｜ 担当者名 5494（31.0%）
[2026-07-12T14:11:28.146Z] 🔍 "福岡 メーカー": 掲載 100社（新規 13社）｜ 累計担当者名 5494/9000
[2026-07-12T14:11:56.105Z]   処理 4210｜ 掲載 17710｜ 担当者名 5495（31.0%）
[2026-07-12T14:13:07.201Z] 🔍 "福岡 商社": 掲載 100社（新規 19社）｜ 累計担当者名 5496/9000
[2026-07-12T14:13:11.562Z]   処理 4220｜ 掲載 17720｜ 担当者名 5496（31.0%）
[2026-07-12T14:14:23.522Z]   処理 4230｜ 掲載 17730｜ 担当者名 5499（31.0%）
[2026-07-12T14:15:09.732Z] 🔍 "福岡 小売": 掲載 59社（新規 15社）｜ 累計担当者名 5504/9000
[2026-07-12T14:15:19.345Z]   処理 4240｜ 掲載 17740｜ 担当者名 5504（31.0%）
[2026-07-12T14:16:21.570Z]   処理 4250｜ 掲載 17750｜ 担当者名 5505（31.0%）
[2026-07-12T14:16:45.963Z] 🔍 "福岡 金融": 掲載 72社（新規 27社）｜ 累計担当者名 5506/9000
[2026-07-12T14:17:25.831Z]   処理 4260｜ 掲載 17760｜ 担当者名 5508（31.0%）
[2026-07-12T14:18:29.969Z]   処理 4270｜ 掲載 17770｜ 担当者名 5513（31.0%）
[2026-07-12T14:19:27.433Z]   処理 4280｜ 掲載 17780｜ 担当者名 5516（31.0%）
[2026-07-12T14:19:31.988Z] 🔍 "福岡 介護": 掲載 100社（新規 25社）｜ 累計担当者名 5516/9000
[2026-07-12T14:20:32.520Z]   処理 4290｜ 掲載 17790｜ 担当者名 5518（31.0%）
[2026-07-12T14:21:29.817Z]   処理 4300｜ 掲載 17800｜ 担当者名 5522（31.0%）
[2026-07-12T14:22:10.618Z] 🔍 "福岡 医療": 掲載 100社（新規 20社）｜ 累計担当者名 5524/9000
[2026-07-12T14:22:36.999Z]   処理 4310｜ 掲載 17810｜ 担当者名 5527（31.0%）
[2026-07-12T14:23:43.599Z]   処理 4320｜ 掲載 17820｜ 担当者名 5527（31.0%）
[2026-07-12T14:24:26.648Z] 🔍 "福岡 食品": 掲載 100社（新規 9社）｜ 累計担当者名 5527/9000
[2026-07-12T14:24:55.025Z]   処理 4330｜ 掲載 17830｜ 担当者名 5528（31.0%）
[2026-07-12T14:25:17.762Z] 🔍 "福岡 建設": 掲載 100社（新規 15社）｜ 累計担当者名 5529/9000
[2026-07-12T14:25:55.115Z]   処理 4340｜ 掲載 17840｜ 担当者名 5529（31.0%）
[2026-07-12T14:26:57.234Z] 🔍 "福岡 不動産": 掲載 100社（新規 15社）｜ 累計担当者名 5532/9000
[2026-07-12T14:27:01.479Z]   処理 4350｜ 掲載 17850｜ 担当者名 5533（31.0%）
[2026-07-12T14:28:14.904Z]   処理 4360｜ 掲載 17860｜ 担当者名 5534（31.0%）
[2026-07-12T14:29:00.007Z] 🔍 "福岡 物流": 掲載 100社（新規 9社）｜ 累計担当者名 5534/9000
[2026-07-12T14:29:37.352Z]   処理 4370｜ 掲載 17870｜ 担当者名 5535（31.0%）
[2026-07-12T14:29:58.450Z] 🔍 "福岡 外食": 掲載 24社（新規 3社）｜ 累計担当者名 5538/9000
[2026-07-12T14:30:24.325Z] 🔍 "福岡 自動車": 掲載 100社（新規 10社）｜ 累計担当者名 5540/9000
[2026-07-12T14:30:52.404Z]   処理 4380｜ 掲載 17880｜ 担当者名 5541（31.0%）
[2026-07-12T14:31:38.086Z] 🔍 "福岡 人材": 掲載 100社（新規 14社）｜ 累計担当者名 5544/9000
[2026-07-12T14:32:05.895Z]   処理 4390｜ 掲載 17890｜ 担当者名 5545（31.0%）
[2026-07-12T14:33:06.653Z]   処理 4400｜ 掲載 17900｜ 担当者名 5547（31.0%）
[2026-07-12T14:33:12.133Z] 🔍 "福岡 教育": 掲載 100社（新規 5社）｜ 累計担当者名 5547/9000
[2026-07-12T14:33:44.994Z] 🔍 "福岡 化学": 掲載 100社（新規 4社）｜ 累計担当者名 5549/9000
[2026-07-12T14:34:15.348Z] 🔍 "福岡 機械": 掲載 100社（新規 8社）｜ 累計担当者名 5549/9000
[2026-07-12T14:34:19.525Z]   処理 4410｜ 掲載 17910｜ 担当者名 5549（31.0%）
[2026-07-12T14:35:15.688Z] 🔍 "福岡 アパレル": 掲載 95社（新規 10社）｜ 累計担当者名 5552/9000
[2026-07-12T14:35:33.801Z]   処理 4420｜ 掲載 17920｜ 担当者名 5553（31.0%）
[2026-07-12T14:36:27.424Z] 🔍 "福岡 ホテル": 掲載 100社（新規 4社）｜ 累計担当者名 5553/9000
[2026-07-12T14:36:42.950Z]   処理 4430｜ 掲載 17930｜ 担当者名 5554（31.0%）
[2026-07-12T14:36:52.795Z] 🔍 "佐賀 メーカー": 掲載 52社（新規 11社）｜ 累計担当者名 5555/9000
[2026-07-12T14:37:57.241Z]   処理 4440｜ 掲載 17940｜ 担当者名 5556（31.0%）
[2026-07-12T14:38:17.352Z] 🔍 "佐賀 商社": 掲載 10社（新規 0社）｜ 累計担当者名 5557/9000
[2026-07-12T14:38:18.824Z] 🔍 "佐賀 小売": 掲載 19社（新規 0社）｜ 累計担当者名 5557/9000
[2026-07-12T14:38:20.210Z] 🔍 "佐賀 金融": 掲載 14社（新規 6社）｜ 累計担当者名 5557/9000
[2026-07-12T14:39:00.028Z] 🔍 "佐賀 介護": 掲載 19社（新規 4社）｜ 累計担当者名 5558/9000
[2026-07-12T14:39:09.381Z]   処理 4450｜ 掲載 17950｜ 担当者名 5559（31.0%）
[2026-07-12T14:39:28.001Z] 🔍 "佐賀 医療": 掲載 100社（新規 19社）｜ 累計担当者名 5559/9000
[2026-07-12T14:40:11.932Z]   処理 4460｜ 掲載 17960｜ 担当者名 5564（31.0%）
[2026-07-12T14:41:07.513Z]   処理 4470｜ 掲載 17970｜ 担当者名 5568（31.0%）
[2026-07-12T14:41:16.368Z] 🔍 "佐賀 食品": 掲載 47社（新規 3社）｜ 累計担当者名 5569/9000
[2026-07-12T14:41:36.366Z] 🔍 "佐賀 建設": 掲載 100社（新規 13社）｜ 累計担当者名 5570/9000
[2026-07-12T14:42:03.840Z]   処理 4480｜ 掲載 17980｜ 担当者名 5574（31.0%）
[2026-07-12T14:42:46.583Z] 🔍 "佐賀 不動産": 掲載 19社（新規 4社）｜ 累計担当者名 5578/9000
[2026-07-12T14:43:08.165Z]   処理 4490｜ 掲載 17990｜ 担当者名 5578（31.0%）
[2026-07-12T14:43:17.610Z] 🔍 "佐賀 物流": 掲載 22社（新規 0社）｜ 累計担当者名 5578/9000
[2026-07-12T14:43:18.860Z] 🔍 "佐賀 外食": 掲載 3社（新規 0社）｜ 累計担当者名 5578/9000
[2026-07-12T14:43:22.044Z] 🔍 "佐賀 自動車": 掲載 100社（新規 14社）｜ 累計担当者名 5578/9000
[2026-07-12T14:44:04.170Z]   処理 4500｜ 掲載 18000｜ 担当者名 5583（31.0%）
[2026-07-12T14:44:41.031Z] 🔍 "佐賀 人材": 掲載 24社（新規 1社）｜ 累計担当者名 5584/9000
[2026-07-12T14:44:50.328Z] 🔍 "佐賀 教育": 掲載 100社（新規 13社）｜ 累計担当者名 5584/9000
[2026-07-12T14:45:17.256Z]   処理 4510｜ 掲載 18010｜ 担当者名 5584（31.0%）
[2026-07-12T14:46:18.525Z] 🔍 "佐賀 化学": 掲載 45社（新規 5社）｜ 累計担当者名 5584/9000
[2026-07-12T14:46:26.907Z]   処理 4520｜ 掲載 18020｜ 担当者名 5584（31.0%）
[2026-07-12T14:46:51.187Z] 🔍 "佐賀 機械": 掲載 29社（新規 0社）｜ 累計担当者名 5588/9000
[2026-07-12T14:46:52.864Z] 🔍 "佐賀 アパレル": 掲載 12社（新規 0社）｜ 累計担当者名 5588/9000
[2026-07-12T14:46:55.382Z] 🔍 "佐賀 ホテル": 掲載 72社（新規 5社）｜ 累計担当者名 5588/9000
[2026-07-12T14:47:28.001Z] 🔍 "長崎 メーカー": 掲載 46社（新規 10社）｜ 累計担当者名 5589/9000
[2026-07-12T14:47:29.469Z]   処理 4530｜ 掲載 18030｜ 担当者名 5590（31.0%）
[2026-07-12T14:48:32.313Z] 🔍 "長崎 商社": 掲載 20社（新規 2社）｜ 累計担当者名 5594/9000
[2026-07-12T14:48:40.039Z]   処理 4540｜ 掲載 18040｜ 担当者名 5594（31.0%）
[2026-07-12T14:48:48.081Z] 🔍 "長崎 小売": 掲載 16社（新規 1社）｜ 累計担当者名 5594/9000
[2026-07-12T14:48:54.660Z] 🔍 "長崎 金融": 掲載 18社（新規 2社）｜ 累計担当者名 5594/9000
[2026-07-12T14:49:05.982Z] 🔍 "長崎 介護": 掲載 28社（新規 5社）｜ 累計担当者名 5596/9000
[2026-07-12T14:49:50.579Z] 🔍 "長崎 医療": 掲載 100社（新規 9社）｜ 累計担当者名 5597/9000
[2026-07-12T14:49:54.086Z]   処理 4550｜ 掲載 18050｜ 担当者名 5598（31.0%）
[2026-07-12T14:50:39.677Z] 🔍 "長崎 食品": 掲載 39社（新規 3社）｜ 累計担当者名 5601/9000
[2026-07-12T14:50:46.592Z]   処理 4560｜ 掲載 18060｜ 担当者名 5602（31.0%）
[2026-07-12T14:51:01.639Z] 🔍 "長崎 建設": 掲載 100社（新規 19社）｜ 累計担当者名 5602/9000
[2026-07-12T14:51:57.638Z]   処理 4570｜ 掲載 18070｜ 担当者名 5605（31.0%）
[2026-07-12T14:53:12.222Z]   処理 4580｜ 掲載 18080｜ 担当者名 5607（31.0%）
[2026-07-12T14:53:15.552Z] 🔍 "長崎 不動産": 掲載 20社（新規 4社）｜ 累計担当者名 5607/9000
[2026-07-12T14:53:42.428Z] 🔍 "長崎 物流": 掲載 16社（新規 1社）｜ 累計担当者名 5610/9000
[2026-07-12T14:53:52.459Z] 🔍 "長崎 外食": 掲載 3社（新規 0社）｜ 累計担当者名 5611/9000
[2026-07-12T14:53:56.506Z] 🔍 "長崎 自動車": 掲載 100社（新規 11社）｜ 累計担当者名 5611/9000
[2026-07-12T14:54:31.827Z]   処理 4590｜ 掲載 18090｜ 担当者名 5613（31.0%）
[2026-07-12T14:55:18.273Z] 🔍 "長崎 人材": 掲載 30社（新規 3社）｜ 累計担当者名 5613/9000
[2026-07-12T14:55:37.256Z] 🔍 "長崎 教育": 掲載 100社（新規 6社）｜ 累計担当者名 5615/9000
[2026-07-12T14:55:41.499Z]   処理 4600｜ 掲載 18100｜ 担当者名 5615（31.0%）
[2026-07-12T14:56:12.434Z] 🔍 "長崎 化学": 掲載 100社（新規 4社）｜ 累計担当者名 5618/9000
[2026-07-12T14:56:42.314Z] 🔍 "長崎 機械": 掲載 37社（新規 1社）｜ 累計担当者名 5619/9000
[2026-07-12T14:56:49.849Z]   処理 4610｜ 掲載 18110｜ 担当者名 5619（31.0%）
[2026-07-12T14:56:52.696Z] 🔍 "長崎 アパレル": 掲載 9社（新規 0社）｜ 累計担当者名 5619/9000
[2026-07-12T14:56:56.402Z] 🔍 "長崎 ホテル": 掲載 93社（新規 7社）｜ 累計担当者名 5619/9000
[2026-07-12T14:57:39.862Z] 🔍 "熊本 メーカー": 掲載 96社（新規 27社）｜ 累計担当者名 5620/9000
[2026-07-12T14:57:59.047Z]   処理 4620｜ 掲載 18120｜ 担当者名 5621（31.0%）
[2026-07-12T14:59:00.028Z]   処理 4630｜ 掲載 18130｜ 担当者名 5623（31.0%）
[2026-07-12T14:59:58.157Z]   処理 4640｜ 掲載 18140｜ 担当者名 5626（31.0%）
[2026-07-12T15:00:27.446Z] 🔍 "熊本 商社": 掲載 33社（新規 3社）｜ 累計担当者名 5627/9000
[2026-07-12T15:00:51.637Z] 🔍 "熊本 小売": 掲載 20社（新規 1社）｜ 累計担当者名 5629/9000
[2026-07-12T15:00:58.547Z] 🔍 "熊本 金融": 掲載 33社（新規 5社）｜ 累計担当者名 5629/9000
[2026-07-12T15:01:07.864Z]   処理 4650｜ 掲載 18150｜ 担当者名 5629（31.0%）
[2026-07-12T15:01:26.857Z] 🔍 "熊本 介護": 掲載 32社（新規 1社）｜ 累計担当者名 5630/9000
[2026-07-12T15:01:33.279Z] 🔍 "熊本 医療": 掲載 100社（新規 11社）｜ 累計担当者名 5631/9000
[2026-07-12T15:02:11.739Z]   処理 4660｜ 掲載 18160｜ 担当者名 5634（31.0%）
[2026-07-12T15:02:51.397Z] 🔍 "熊本 食品": 掲載 80社（新規 13社）｜ 累計担当者名 5637/9000
[2026-07-12T15:03:18.561Z]   処理 4670｜ 掲載 18170｜ 担当者名 5639（31.0%）
[2026-07-12T15:04:16.682Z] 🔍 "熊本 建設": 掲載 100社（新規 16社）｜ 累計担当者名 5640/9000
[2026-07-12T15:04:33.458Z]   処理 4680｜ 掲載 18180｜ 担当者名 5641（31.0%）
[2026-07-12T15:05:38.466Z]   処理 4690｜ 掲載 18190｜ 担当者名 5644（31.0%）
[2026-07-12T15:06:05.397Z] 🔍 "熊本 不動産": 掲載 40社（新規 9社）｜ 累計担当者名 5646/9000
[2026-07-12T15:06:39.131Z]   処理 4700｜ 掲載 18200｜ 担当者名 5647（31.0%）
[2026-07-12T15:06:56.575Z] 🔍 "熊本 物流": 掲載 37社（新規 2社）｜ 累計担当者名 5648/9000
[2026-07-12T15:07:11.935Z] 🔍 "熊本 外食": 掲載 5社（新規 0社）｜ 累計担当者名 5648/9000
[2026-07-12T15:07:16.801Z] 🔍 "熊本 自動車": 掲載 100社（新規 10社）｜ 累計担当者名 5648/9000
[2026-07-12T15:07:46.698Z]   処理 4710｜ 掲載 18210｜ 担当者名 5649（31.0%）
[2026-07-12T15:08:33.034Z] 🔍 "熊本 人材": 掲載 57社（新規 6社）｜ 累計担当者名 5649/9000
[2026-07-12T15:09:05.349Z]   処理 4720｜ 掲載 18220｜ 担当者名 5649（31.0%）
[2026-07-12T15:09:22.432Z] 🔍 "熊本 教育": 掲載 100社（新規 5社）｜ 累計担当者名 5649/9000
[2026-07-12T15:10:00.386Z] 🔍 "熊本 化学": 掲載 94社（新規 14社）｜ 累計担当者名 5650/9000
[2026-07-12T15:10:31.048Z]   処理 4730｜ 掲載 18230｜ 担当者名 5650（31.0%）
[2026-07-12T15:11:33.653Z]   処理 4740｜ 掲載 18240｜ 担当者名 5651（31.0%）
[2026-07-12T15:11:37.807Z] 🔍 "熊本 機械": 掲載 57社（新規 4社）｜ 累計担当者名 5651/9000
[2026-07-12T15:12:05.868Z] 🔍 "熊本 アパレル": 掲載 22社（新規 1社）｜ 累計担当者名 5653/9000
[2026-07-12T15:12:18.413Z] 🔍 "熊本 ホテル": 掲載 100社（新規 6社）｜ 累計担当者名 5653/9000
[2026-07-12T15:12:57.736Z]   処理 4750｜ 掲載 18250｜ 担当者名 5654（31.0%）
[2026-07-12T15:13:11.880Z] 🔍 "大分 メーカー": 掲載 52社（新規 12社）｜ 累計担当者名 5654/9000
[2026-07-12T15:14:12.906Z]   処理 4760｜ 掲載 18260｜ 担当者名 5657（31.0%）
[2026-07-12T15:14:29.220Z] 🔍 "大分 商社": 掲載 18社（新規 1社）｜ 累計担当者名 5658/9000
[2026-07-12T15:14:36.082Z] 🔍 "大分 小売": 掲載 15社（新規 2社）｜ 累計担当者名 5658/9000
[2026-07-12T15:14:45.452Z] 🔍 "大分 金融": 掲載 31社（新規 9社）｜ 累計担当者名 5659/9000
[2026-07-12T15:15:03.684Z]   処理 4770｜ 掲載 18270｜ 担当者名 5661（31.0%）
[2026-07-12T15:15:30.050Z] 🔍 "大分 介護": 掲載 20社（新規 5社）｜ 累計担当者名 5665/9000
[2026-07-12T15:16:02.804Z]   処理 4780｜ 掲載 18280｜ 担当者名 5666（31.0%）
[2026-07-12T15:16:08.452Z] 🔍 "大分 医療": 掲載 100社（新規 5社）｜ 累計担当者名 5666/9000
[2026-07-12T15:16:38.884Z] 🔍 "大分 食品": 掲載 41社（新規 4社）｜ 累計担当者名 5668/9000
[2026-07-12T15:17:06.993Z] 🔍 "大分 建設": 掲載 100社（新規 9社）｜ 累計担当者名 5669/9000
[2026-07-12T15:17:14.700Z]   処理 4790｜ 掲載 18290｜ 担当者名 5669（31.0%）
[2026-07-12T15:18:01.660Z] 🔍 "大分 不動産": 掲載 25社（新規 3社）｜ 累計担当者名 5672/9000
[2026-07-12T15:18:13.648Z]   処理 4800｜ 掲載 18300｜ 担当者名 5673（31.0%）
[2026-07-12T15:18:20.000Z] 🔍 "大分 物流": 掲載 17社（新規 0社）｜ 累計担当者名 5674/9000
[2026-07-12T15:18:21.136Z] 🔍 "大分 外食": 掲載 0社（新規 0社）｜ 累計担当者名 5674/9000
[2026-07-12T15:18:26.412Z] 🔍 "大分 自動車": 掲載 100社（新規 6社）｜ 累計担当者名 5674/9000
[2026-07-12T15:18:56.938Z] 🔍 "大分 人材": 掲載 31社（新規 6社）｜ 累計担当者名 5678/9000
[2026-07-12T15:19:08.847Z]   処理 4810｜ 掲載 18310｜ 担当者名 5679（31.0%）
[2026-07-12T15:19:33.142Z] 🔍 "大分 教育": 掲載 100社（新規 7社）｜ 累計担当者名 5680/9000
[2026-07-12T15:20:20.889Z]   処理 4820｜ 掲載 18320｜ 担当者名 5681（31.0%）
[2026-07-12T15:20:24.652Z] 🔍 "大分 化学": 掲載 64社（新規 8社）｜ 累計担当者名 5681/9000
[2026-07-12T15:21:09.077Z] 🔍 "大分 機械": 掲載 36社（新規 2社）｜ 累計担当者名 5683/9000
[2026-07-12T15:21:18.401Z]   処理 4830｜ 掲載 18330｜ 担当者名 5683（31.0%）
[2026-07-12T15:21:21.012Z] 🔍 "大分 アパレル": 掲載 11社（新規 0社）｜ 累計担当者名 5683/9000
[2026-07-12T15:21:24.494Z] 🔍 "大分 ホテル": 掲載 93社（新規 8社）｜ 累計担当者名 5683/9000
[2026-07-12T15:22:33.507Z] 🔍 "宮崎 メーカー": 掲載 47社（新規 11社）｜ 累計担当者名 5684/9000
[2026-07-12T15:22:47.256Z]   処理 4840｜ 掲載 18340｜ 担当者名 5685（31.0%）
[2026-07-12T15:23:41.935Z] 🔍 "宮崎 商社": 掲載 15社（新規 2社）｜ 累計担当者名 5688/9000
[2026-07-12T15:23:45.979Z]   処理 4850｜ 掲載 18350｜ 担当者名 5689（31.0%）
[2026-07-12T15:23:51.306Z] 🔍 "宮崎 小売": 掲載 11社（新規 1社）｜ 累計担当者名 5690/9000
[2026-07-12T15:23:59.530Z] 🔍 "宮崎 金融": 掲載 32社（新規 5社）｜ 累計担当者名 5691/9000
[2026-07-12T15:24:31.800Z] 🔍 "宮崎 介護": 掲載 13社（新規 3社）｜ 累計担当者名 5692/9000
[2026-07-12T15:24:47.193Z]   処理 4860｜ 掲載 18360｜ 担当者名 5694（31.0%）
[2026-07-12T15:24:51.490Z] 🔍 "宮崎 医療": 掲載 100社（新規 15社）｜ 累計担当者名 5694/9000
[2026-07-12T15:26:02.363Z]   処理 4870｜ 掲載 18370｜ 担当者名 5698（31.0%）
[2026-07-12T15:26:39.649Z] 🔍 "宮崎 食品": 掲載 48社（新規 11社）｜ 累計担当者名 5700/9000
[2026-07-12T15:27:01.404Z]   処理 4880｜ 掲載 18380｜ 担当者名 5703（31.0%）
[2026-07-12T15:27:42.580Z] 🔍 "宮崎 建設": 掲載 88社（新規 14社）｜ 累計担当者名 5707/9000
[2026-07-12T15:28:04.242Z]   処理 4890｜ 掲載 18390｜ 担当者名 5709（31.0%）
[2026-07-12T15:29:05.189Z]   処理 4900｜ 掲載 18400｜ 担当者名 5711（31.0%）
[2026-07-12T15:29:08.031Z] 🔍 "宮崎 不動産": 掲載 22社（新規 4社）｜ 累計担当者名 5711/9000
[2026-07-12T15:29:31.539Z] 🔍 "宮崎 物流": 掲載 15社（新規 2社）｜ 累計担当者名 5712/9000
[2026-07-12T15:29:44.313Z] 🔍 "宮崎 外食": 掲載 7社（新規 1社）｜ 累計担当者名 5713/9000
[2026-07-12T15:29:49.885Z] 🔍 "宮崎 自動車": 掲載 91社（新規 12社）｜ 累計担当者名 5714/9000
[2026-07-12T15:30:05.730Z]   処理 4910｜ 掲載 18410｜ 担当者名 5715（31.0%）
[2026-07-12T15:31:02.459Z] 🔍 "宮崎 人材": 掲載 28社（新規 3社）｜ 累計担当者名 5717/9000
[2026-07-12T15:31:10.118Z]   処理 4920｜ 掲載 18420｜ 担当者名 5717（31.0%）
[2026-07-12T15:31:32.269Z] 🔍 "宮崎 教育": 掲載 100社（新規 13社）｜ 累計担当者名 5717/9000
[2026-07-12T15:32:23.611Z]   処理 4930｜ 掲載 18430｜ 担当者名 5720（31.0%）
[2026-07-12T15:32:55.738Z] 🔍 "宮崎 化学": 掲載 100社（新規 9社）｜ 累計担当者名 5723/9000
[2026-07-12T15:33:27.831Z]   処理 4940｜ 掲載 18440｜ 担当者名 5724（31.0%）
[2026-07-12T15:34:02.824Z] 🔍 "宮崎 機械": 掲載 34社（新規 2社）｜ 累計担当者名 5725/9000
[2026-07-12T15:34:18.597Z] 🔍 "宮崎 アパレル": 掲載 13社（新規 1社）｜ 累計担当者名 5726/9000
[2026-07-12T15:34:30.513Z] 🔍 "宮崎 ホテル": 掲載 49社（新規 2社）｜ 累計担当者名 5727/9000
[2026-07-12T15:34:43.370Z] 🔍 "鹿児島 メーカー": 掲載 56社（新規 12社）｜ 累計担当者名 5727/9000
[2026-07-12T15:34:51.153Z]   処理 4950｜ 掲載 18450｜ 担当者名 5727（31.0%）
[2026-07-12T15:35:57.313Z]   処理 4960｜ 掲載 18460｜ 担当者名 5731（31.0%）
[2026-07-12T15:36:08.939Z] 🔍 "鹿児島 商社": 掲載 32社（新規 3社）｜ 累計担当者名 5731/9000
[2026-07-12T15:36:28.662Z] 🔍 "鹿児島 小売": 掲載 15社（新規 1社）｜ 累計担当者名 5732/9000
[2026-07-12T15:36:35.472Z] 🔍 "鹿児島 金融": 掲載 37社（新規 8社）｜ 累計担当者名 5732/9000
[2026-07-12T15:37:04.915Z]   処理 4970｜ 掲載 18470｜ 担当者名 5733（31.0%）
[2026-07-12T15:37:23.403Z] 🔍 "鹿児島 介護": 掲載 24社（新規 2社）｜ 累計担当者名 5733/9000
[2026-07-12T15:37:40.408Z] 🔍 "鹿児島 医療": 掲載 100社（新規 21社）｜ 累計担当者名 5734/9000
[2026-07-12T15:38:09.371Z]   処理 4980｜ 掲載 18480｜ 担当者名 5735（31.0%）
[2026-07-12T15:39:30.516Z]   処理 4990｜ 掲載 18490｜ 担当者名 5736（31.0%）
[2026-07-12T15:40:18.580Z] 🔍 "鹿児島 食品": 掲載 68社（新規 3社）｜ 累計担当者名 5738/9000
[2026-07-12T15:40:40.551Z] 🔍 "鹿児島 建設": 掲載 100社（新規 19社）｜ 累計担当者名 5741/9000
[2026-07-12T15:40:45.706Z]   処理 5000｜ 掲載 18500｜ 担当者名 5742（31.0%）
[2026-07-12T15:41:45.513Z]   処理 5010｜ 掲載 18510｜ 担当者名 5747（31.0%）
[2026-07-12T15:42:30.669Z] 🔍 "鹿児島 不動産": 掲載 36社（新規 3社）｜ 累計担当者名 5749/9000
[2026-07-12T15:42:42.714Z]   処理 5020｜ 掲載 18520｜ 担当者名 5750（31.0%）
[2026-07-12T15:42:48.172Z] 🔍 "鹿児島 物流": 掲載 27社（新規 3社）｜ 累計担当者名 5751/9000
[2026-07-12T15:43:02.546Z] 🔍 "鹿児島 外食": 掲載 7社（新規 1社）｜ 累計担当者名 5752/9000
[2026-07-12T15:43:11.434Z] 🔍 "鹿児島 自動車": 掲載 100社（新規 3社）｜ 累計担当者名 5753/9000
[2026-07-12T15:43:33.464Z] 🔍 "鹿児島 人材": 掲載 30社（新規 5社）｜ 累計担当者名 5754/9000
[2026-07-12T15:43:42.640Z]   処理 5030｜ 掲載 18530｜ 担当者名 5754（31.1%）
[2026-07-12T15:44:05.159Z] 🔍 "鹿児島 教育": 掲載 100社（新規 20社）｜ 累計担当者名 5755/9000
[2026-07-12T15:44:45.352Z]   処理 5040｜ 掲載 18540｜ 担当者名 5757（31.1%）
[2026-07-12T15:45:50.315Z]   処理 5050｜ 掲載 18550｜ 担当者名 5758（31.0%）
[2026-07-12T15:46:12.993Z] 🔍 "鹿児島 化学": 掲載 87社（新規 3社）｜ 累計担当者名 5759/9000
[2026-07-12T15:46:34.426Z] 🔍 "鹿児島 機械": 掲載 40社（新規 2社）｜ 累計担当者名 5759/9000
[2026-07-12T15:46:46.823Z] 🔍 "鹿児島 アパレル": 掲載 13社（新規 0社）｜ 累計担当者名 5761/9000
[2026-07-12T15:46:50.020Z] 🔍 "鹿児島 ホテル": 掲載 100社（新規 6社）｜ 累計担当者名 5761/9000
[2026-07-12T15:47:02.244Z]   処理 5060｜ 掲載 18560｜ 担当者名 5762（31.0%）
[2026-07-12T15:47:30.641Z] 🔍 "沖縄 メーカー": 掲載 100社（新規 30社）｜ 累計担当者名 5763/9000
[2026-07-12T15:48:11.449Z]   処理 5070｜ 掲載 18570｜ 担当者名 5767（31.1%）
[2026-07-12T15:49:09.436Z]   処理 5080｜ 掲載 18580｜ 担当者名 5769（31.0%）
[2026-07-12T15:50:06.744Z]   処理 5090｜ 掲載 18590｜ 担当者名 5772（31.0%）
[2026-07-12T15:50:37.180Z] 🔍 "沖縄 商社": 掲載 42社（新規 9社）｜ 累計担当者名 5773/9000
[2026-07-12T15:51:09.415Z]   処理 5100｜ 掲載 18600｜ 担当者名 5775（31.0%）
[2026-07-12T15:51:31.312Z] 🔍 "沖縄 小売": 掲載 30社（新規 2社）｜ 累計担当者名 5775/9000
[2026-07-12T15:51:46.875Z] 🔍 "沖縄 金融": 掲載 36社（新規 8社）｜ 累計担当者名 5775/9000
[2026-07-12T15:52:08.905Z]   処理 5110｜ 掲載 18610｜ 担当者名 5776（31.0%）
[2026-07-12T15:52:28.713Z] 🔍 "沖縄 介護": 掲載 45社（新規 6社）｜ 累計担当者名 5777/9000
[2026-07-12T15:53:13.116Z] 🔍 "沖縄 医療": 掲載 100社（新規 13社）｜ 累計担当者名 5777/9000
[2026-07-12T15:53:16.899Z]   処理 5120｜ 掲載 18620｜ 担当者名 5778（31.0%）
[2026-07-12T15:54:20.000Z]   処理 5130｜ 掲載 18630｜ 担当者名 5780（31.0%）
[2026-07-12T15:54:38.268Z] 🔍 "沖縄 食品": 掲載 83社（新規 8社）｜ 累計担当者名 5781/9000
[2026-07-12T15:55:22.180Z]   処理 5140｜ 掲載 18640｜ 担当者名 5786（31.0%）
[2026-07-12T15:55:27.854Z] 🔍 "沖縄 建設": 掲載 100社（新規 18社）｜ 累計担当者名 5786/9000
[2026-07-12T15:56:29.928Z]   処理 5150｜ 掲載 18650｜ 担当者名 5790（31.0%）
[2026-07-12T15:57:24.358Z] 🔍 "沖縄 不動産": 掲載 52社（新規 7社）｜ 累計担当者名 5793/9000
[2026-07-12T15:57:37.158Z]   処理 5160｜ 掲載 18660｜ 担当者名 5793（31.0%）
[2026-07-12T15:58:03.403Z] 🔍 "沖縄 物流": 掲載 48社（新規 4社）｜ 累計担当者名 5794/9000
[2026-07-12T15:58:25.397Z] 🔍 "沖縄 外食": 掲載 11社（新規 0社）｜ 累計担当者名 5796/9000
[2026-07-12T15:58:28.683Z] 🔍 "沖縄 自動車": 掲載 100社（新規 12社）｜ 累計担当者名 5796/9000
[2026-07-12T15:58:36.231Z]   処理 5170｜ 掲載 18670｜ 担当者名 5796（31.0%）
[2026-07-12T15:59:47.826Z]   処理 5180｜ 掲載 18680｜ 担当者名 5797（31.0%）
[2026-07-12T15:59:54.313Z] 🔍 "沖縄 人材": 掲載 84社（新規 11社）｜ 累計担当者名 5798/9000
[2026-07-12T16:00:55.372Z]   処理 5190｜ 掲載 18690｜ 担当者名 5801（31.0%）
[2026-07-12T16:01:10.194Z] 🔍 "沖縄 教育": 掲載 100社（新規 15社）｜ 累計担当者名 5801/9000
[2026-07-12T16:01:57.992Z]   処理 5200｜ 掲載 18700｜ 担当者名 5802（31.0%）
[2026-07-12T16:02:51.456Z] 🔍 "沖縄 化学": 掲載 51社（新規 1社）｜ 累計担当者名 5802/9000
[2026-07-12T16:02:56.371Z] 🔍 "沖縄 機械": 掲載 64社（新規 4社）｜ 累計担当者名 5803/9000
[2026-07-12T16:03:08.345Z]   処理 5210｜ 掲載 18710｜ 担当者名 5804（31.0%）
[2026-07-12T16:03:25.151Z] 🔍 "沖縄 アパレル": 掲載 21社（新規 0社）｜ 累計担当者名 5804/9000
[2026-07-12T16:03:28.427Z] 🔍 "沖縄 ホテル": 掲載 100社（新規 4社）｜ 累計担当者名 5804/9000
[2026-07-12T16:03:59.952Z] 🔍 "北海道 新卒": 掲載 100社（新規 6社）｜ 累計担当者名 5804/9000
[2026-07-12T16:04:23.215Z]   処理 5220｜ 掲載 18720｜ 担当者名 5807（31.0%）
[2026-07-12T16:04:40.636Z] 🔍 "青森 新卒": 掲載 28社（新規 3社）｜ 累計担当者名 5808/9000
[2026-07-12T16:04:58.492Z] 🔍 "岩手 新卒": 掲載 35社（新規 2社）｜ 累計担当者名 5810/9000
[2026-07-12T16:05:12.214Z] 🔍 "宮城 新卒": 掲載 77社（新規 4社）｜ 累計担当者名 5810/9000
[2026-07-12T16:05:27.439Z]   処理 5230｜ 掲載 18730｜ 担当者名 5812（31.0%）
[2026-07-12T16:05:33.021Z] 🔍 "秋田 新卒": 掲載 33社（新規 2社）｜ 累計担当者名 5813/9000
[2026-07-12T16:05:48.859Z] 🔍 "山形 新卒": 掲載 52社（新規 9社）｜ 累計担当者名 5813/9000
[2026-07-12T16:06:23.749Z]   処理 5240｜ 掲載 18740｜ 担当者名 5816（31.0%）
[2026-07-12T16:06:34.709Z] 🔍 "福島 新卒": 掲載 58社（新規 10社）｜ 累計担当者名 5817/9000
[2026-07-12T16:07:26.111Z]   処理 5250｜ 掲載 18750｜ 担当者名 5819（31.0%）
[2026-07-12T16:07:43.725Z] 🔍 "茨城 新卒": 掲載 81社（新規 16社）｜ 累計担当者名 5820/9000
[2026-07-12T16:08:33.972Z]   処理 5260｜ 掲載 18760｜ 担当者名 5820（31.0%）
[2026-07-12T16:09:19.468Z] 🔍 "栃木 新卒": 掲載 50社（新規 3社）｜ 累計担当者名 5822/9000
[2026-07-12T16:09:27.838Z]   処理 5270｜ 掲載 18770｜ 担当者名 5823（31.0%）
[2026-07-12T16:09:39.677Z] 🔍 "群馬 新卒": 掲載 53社（新規 5社）｜ 累計担当者名 5823/9000
[2026-07-12T16:10:08.286Z] 🔍 "埼玉 新卒": 掲載 100社（新規 1社）｜ 累計担当者名 5824/9000
[2026-07-12T16:10:17.219Z] 🔍 "千葉 新卒": 掲載 100社（新規 2社）｜ 累計担当者名 5824/9000
[2026-07-12T16:10:34.435Z] 🔍 "東京 新卒": 掲載 100社（新規 6社）｜ 累計担当者名 5824/9000
[2026-07-12T16:10:42.226Z]   処理 5280｜ 掲載 18780｜ 担当者名 5824（31.0%）
[2026-07-12T16:11:19.287Z] 🔍 "神奈川 新卒": 掲載 100社（新規 2社）｜ 累計担当者名 5825/9000
[2026-07-12T16:11:36.018Z] 🔍 "新潟 新卒": 掲載 72社（新規 0社）｜ 累計担当者名 5827/9000
[2026-07-12T16:11:38.036Z] 🔍 "富山 新卒": 掲載 37社（新規 1社）｜ 累計担当者名 5827/9000
[2026-07-12T16:11:48.546Z] 🔍 "石川 新卒": 掲載 33社（新規 2社）｜ 累計担当者名 5828/9000
[2026-07-12T16:12:01.124Z]   処理 5290｜ 掲載 18790｜ 担当者名 5828（31.0%）
[2026-07-12T16:12:03.910Z] 🔍 "福井 新卒": 掲載 21社（新規 1社）｜ 累計担当者名 5828/9000
[2026-07-12T16:12:10.654Z] 🔍 "山梨 新卒": 掲載 27社（新規 6社）｜ 累計担当者名 5828/9000
[2026-07-12T16:12:55.314Z] 🔍 "長野 新卒": 掲載 100社（新規 0社）｜ 累計担当者名 5829/9000
[2026-07-12T16:12:57.836Z] 🔍 "岐阜 新卒": 掲載 47社（新規 0社）｜ 累計担当者名 5829/9000
[2026-07-12T16:13:01.228Z] 🔍 "静岡 新卒": 掲載 98社（新規 0社）｜ 累計担当者名 5829/9000
[2026-07-12T16:13:04.488Z] 🔍 "愛知 新卒": 掲載 100社（新規 0社）｜ 累計担当者名 5829/9000
[2026-07-12T16:13:06.707Z] 🔍 "三重 新卒": 掲載 41社（新規 0社）｜ 累計担当者名 5829/9000
[2026-07-12T16:13:08.681Z] 🔍 "滋賀 新卒": 掲載 44社（新規 2社）｜ 累計担当者名 5829/9000
[2026-07-12T16:13:29.102Z] 🔍 "京都 新卒": 掲載 100社（新規 1社）｜ 累計担当者名 5830/9000
[2026-07-12T16:13:36.701Z]   処理 5300｜ 掲載 18800｜ 担当者名 5830（31.0%）
[2026-07-12T16:13:41.118Z] 🔍 "大阪 新卒": 掲載 100社（新規 3社）｜ 累計担当者名 5830/9000
[2026-07-12T16:13:59.003Z] 🔍 "兵庫 新卒": 掲載 90社（新規 0社）｜ 累計担当者名 5832/9000
[2026-07-12T16:14:01.032Z] 🔍 "奈良 新卒": 掲載 31社（新規 1社）｜ 累計担当者名 5832/9000
[2026-07-12T16:14:09.495Z] 🔍 "和歌山 新卒": 掲載 33社（新規 4社）｜ 累計担当者名 5832/9000
[2026-07-12T16:14:32.531Z] 🔍 "鳥取 新卒": 掲載 13社（新規 3社）｜ 累計担当者名 5833/9000
[2026-07-12T16:14:44.521Z]   処理 5310｜ 掲載 18810｜ 担当者名 5834（31.0%）
[2026-07-12T16:14:49.751Z] 🔍 "島根 新卒": 掲載 16社（新規 2社）｜ 累計担当者名 5835/9000
[2026-07-12T16:15:04.882Z] 🔍 "岡山 新卒": 掲載 57社（新規 0社）｜ 累計担当者名 5836/9000
[2026-07-12T16:15:08.136Z] 🔍 "広島 新卒": 掲載 100社（新規 1社）｜ 累計担当者名 5836/9000
[2026-07-12T16:15:16.435Z] 🔍 "山口 新卒": 掲載 43社（新規 5社）｜ 累計担当者名 5836/9000
[2026-07-12T16:15:54.228Z] 🔍 "徳島 新卒": 掲載 14社（新規 1社）｜ 累計担当者名 5840/9000
[2026-07-12T16:15:58.167Z]   処理 5320｜ 掲載 18820｜ 担当者名 5840（31.0%）
[2026-07-12T16:16:01.125Z] 🔍 "香川 新卒": 掲載 18社（新規 1社）｜ 累計担当者名 5840/9000
[2026-07-12T16:16:11.435Z] 🔍 "愛媛 新卒": 掲載 29社（新規 6社）｜ 累計担当者名 5840/9000
[2026-07-12T16:16:40.297Z] 🔍 "高知 新卒": 掲載 19社（新規 0社）｜ 累計担当者名 5843/9000
[2026-07-12T16:16:43.856Z] 🔍 "福岡 新卒": 掲載 100社（新規 2社）｜ 累計担当者名 5843/9000
[2026-07-12T16:16:56.051Z] 🔍 "佐賀 新卒": 掲載 24社（新規 2社）｜ 累計担当者名 5843/9000
[2026-07-12T16:16:59.283Z]   処理 5330｜ 掲載 18830｜ 担当者名 5844（31.0%）
[2026-07-12T16:17:07.369Z] 🔍 "長崎 新卒": 掲載 28社（新規 4社）｜ 累計担当者名 5844/9000
[2026-07-12T16:17:34.506Z] 🔍 "熊本 新卒": 掲載 43社（新規 7社）｜ 累計担当者名 5845/9000
[2026-07-12T16:18:10.772Z]   処理 5340｜ 掲載 18840｜ 担当者名 5845（31.0%）
[2026-07-12T16:18:27.355Z] 🔍 "大分 新卒": 掲載 31社（新規 4社）｜ 累計担当者名 5846/9000
[2026-07-12T16:18:49.360Z] 🔍 "宮崎 新卒": 掲載 31社（新規 3社）｜ 累計担当者名 5846/9000
[2026-07-12T16:19:04.947Z] 🔍 "鹿児島 新卒": 掲載 45社（新規 5社）｜ 累計担当者名 5848/9000
[2026-07-12T16:19:12.735Z]   処理 5350｜ 掲載 18850｜ 担当者名 5848（31.0%）
[2026-07-12T16:19:40.876Z] 🔍 "沖縄 新卒": 掲載 75社（新規 0社）｜ 累計担当者名 5850/9000
[2026-07-12T16:19:49.701Z] 🔍 "メーカー": 掲載 100社（新規 24社）｜ 累計担当者名 5850/9000
[2026-07-12T16:20:26.608Z]   処理 5360｜ 掲載 18860｜ 担当者名 5850（31.0%）
[2026-07-12T16:21:36.453Z]   処理 5370｜ 掲載 18870｜ 担当者名 5851（31.0%）
[2026-07-12T16:22:37.977Z] 🔍 "食品": 掲載 100社（新規 0社）｜ 累計担当者名 5852/9000
[2026-07-12T16:22:41.216Z] 🔍 "飲料": 掲載 100社（新規 35社）｜ 累計担当者名 5852/9000
[2026-07-12T16:22:50.489Z]   処理 5380｜ 掲載 18880｜ 担当者名 5852（31.0%）
[2026-07-12T16:23:46.627Z]   処理 5390｜ 掲載 18890｜ 担当者名 5855（31.0%）
[2026-07-12T16:24:52.394Z]   処理 5400｜ 掲載 18900｜ 担当者名 5855（31.0%）
[2026-07-12T16:25:58.362Z]   処理 5410｜ 掲載 18910｜ 担当者名 5856（31.0%）
[2026-07-12T16:26:28.843Z] 🔍 "自動車部品": 掲載 100社（新規 16社）｜ 累計担当者名 5856/9000
[2026-07-12T16:27:14.398Z]   処理 5420｜ 掲載 18920｜ 担当者名 5859（31.0%）
[2026-07-12T16:28:15.835Z] 🔍 "機械": 掲載 100社（新規 2社）｜ 累計担当者名 5863/9000
[2026-07-12T16:28:20.109Z]   処理 5430｜ 掲載 18930｜ 担当者名 5864（31.0%）
[2026-07-12T16:28:29.835Z] 🔍 "電機": 掲載 100社（新規 21社）｜ 累計担当者名 5865/9000
[2026-07-12T16:29:31.564Z]   処理 5440｜ 掲載 18940｜ 担当者名 5870（31.0%）
[2026-07-12T16:30:42.761Z]   処理 5450｜ 掲載 18950｜ 担当者名 5873（31.0%）
[2026-07-12T16:31:01.705Z] 🔍 "電子部品": 掲載 100社（新規 16社）｜ 累計担当者名 5874/9000
[2026-07-12T16:31:50.692Z]   処理 5460｜ 掲載 18960｜ 担当者名 5878（31.0%）
[2026-07-12T16:33:02.259Z] 🔍 "半導体": 掲載 100社（新規 20社）｜ 累計担当者名 5880/9000
[2026-07-12T16:33:18.492Z]   処理 5470｜ 掲載 18970｜ 担当者名 5881（31.0%）
[2026-07-12T16:34:23.069Z]   処理 5480｜ 掲載 18980｜ 担当者名 5883（31.0%）
[2026-07-12T16:35:15.558Z] 🔍 "化学": 掲載 100社（新規 1社）｜ 累計担当者名 5885/9000
[2026-07-12T16:35:24.045Z] 🔍 "医薬品": 掲載 100社（新規 21社）｜ 累計担当者名 5886/9000
[2026-07-12T16:35:31.684Z]   処理 5490｜ 掲載 18990｜ 担当者名 5887（31.0%）
[2026-07-12T16:36:39.343Z]   処理 5500｜ 掲載 19000｜ 担当者名 5889（31.0%）
[2026-07-12T16:37:45.988Z]   処理 5510｜ 掲載 19010｜ 担当者名 5891（31.0%）
[2026-07-12T16:37:51.280Z] 🔍 "化粧品": 掲載 100社（新規 12社）｜ 累計担当者名 5891/9000
[2026-07-12T16:38:59.253Z]   処理 5520｜ 掲載 19020｜ 担当者名 5891（31.0%）
[2026-07-12T16:39:14.499Z] 🔍 "日用品": 掲載 100社（新規 25社）｜ 累計担当者名 5891/9000
[2026-07-12T16:40:08.715Z]   処理 5530｜ 掲載 19030｜ 担当者名 5891（31.0%）
[2026-07-12T16:41:07.888Z]   処理 5540｜ 掲載 19040｜ 担当者名 5896（31.0%）
[2026-07-12T16:41:53.239Z] 🔍 "金属": 掲載 100社（新規 0社）｜ 累計担当者名 5897/9000
[2026-07-12T16:41:57.261Z] 🔍 "鉄鋼": 掲載 100社（新規 20社）｜ 累計担当者名 5897/9000
[2026-07-12T16:42:16.366Z]   処理 5550｜ 掲載 19050｜ 担当者名 5898（31.0%）
[2026-07-12T16:43:23.967Z]   処理 5560｜ 掲載 19060｜ 担当者名 5900（31.0%）
[2026-07-12T16:44:05.309Z] 🔍 "非鉄": 掲載 100社（新規 19社）｜ 累計担当者名 5901/9000
[2026-07-12T16:44:23.257Z]   処理 5570｜ 掲載 19070｜ 担当者名 5902（30.9%）
[2026-07-12T16:45:24.286Z]   処理 5580｜ 掲載 19080｜ 担当者名 5905（30.9%）
[2026-07-12T16:46:11.149Z] 🔍 "繊維": 掲載 100社（新規 11社）｜ 累計担当者名 5906/9000
[2026-07-12T16:46:38.187Z]   処理 5590｜ 掲載 19090｜ 担当者名 5908（30.9%）
[2026-07-12T16:47:31.708Z] 🔍 "アパレル": 掲載 100社（新規 13社）｜ 累計担当者名 5910/9000
[2026-07-12T16:47:45.428Z]   処理 5600｜ 掲載 19100｜ 担当者名 5911（30.9%）
[2026-07-12T16:48:45.002Z]   処理 5610｜ 掲載 19110｜ 担当者名 5916（31.0%）
[2026-07-12T16:48:49.800Z] 🔍 "印刷": 掲載 100社（新規 3社）｜ 累計担当者名 5916/9000
[2026-07-12T16:49:06.156Z] 🔍 "包装": 掲載 100社（新規 29社）｜ 累計担当者名 5917/9000
[2026-07-12T16:49:50.333Z]   処理 5620｜ 掲載 19120｜ 担当者名 5920（31.0%）
[2026-07-12T16:50:44.666Z]   処理 5630｜ 掲載 19130｜ 担当者名 5926（31.0%）
[2026-07-12T16:51:39.486Z]   処理 5640｜ 掲載 19140｜ 担当者名 5928（31.0%）
[2026-07-12T16:51:59.070Z] 🔍 "紙": 掲載 100社（新規 1社）｜ 累計担当者名 5928/9000
[2026-07-12T16:52:07.310Z] 🔍 "ガラス": 掲載 100社（新規 9社）｜ 累計担当者名 5928/9000
[2026-07-12T16:52:41.419Z]   処理 5650｜ 掲載 19150｜ 担当者名 5933（31.0%）
[2026-07-12T16:53:00.271Z] 🔍 "セラミック": 掲載 100社（新規 9社）｜ 累計担当者名 5934/9000
[2026-07-12T16:53:47.965Z]   処理 5660｜ 掲載 19160｜ 担当者名 5937（31.0%）
[2026-07-12T16:53:57.219Z] 🔍 "ゴム": 掲載 100社（新規 5社）｜ 累計担当者名 5937/9000
[2026-07-12T16:54:26.481Z] 🔍 "プラスチック": 掲載 100社（新規 18社）｜ 累計担当者名 5939/9000
[2026-07-12T16:54:54.098Z]   処理 5670｜ 掲載 19170｜ 担当者名 5942（31.0%）
[2026-07-12T16:55:55.546Z]   処理 5680｜ 掲載 19180｜ 担当者名 5947（31.0%）
[2026-07-12T16:56:39.332Z] 🔍 "住宅": 掲載 100社（新規 5社）｜ 累計担当者名 5949/9000
[2026-07-12T16:57:22.354Z] 🔍 "建材": 掲載 100社（新規 21社）｜ 累計担当者名 5949/9000
[2026-07-12T16:57:26.482Z]   処理 5690｜ 掲載 19190｜ 担当者名 5949（31.0%）
[2026-07-12T16:58:28.809Z]   処理 5700｜ 掲載 19200｜ 担当者名 5950（31.0%）
[2026-07-12T16:59:33.496Z]   処理 5710｜ 掲載 19210｜ 担当者名 5954（31.0%）
[2026-07-12T16:59:42.300Z] 🔍 "建設": 掲載 100社（新規 20社）｜ 累計担当者名 5954/9000
[2026-07-12T17:00:38.017Z]   処理 5720｜ 掲載 19220｜ 担当者名 5956（31.0%）
[2026-07-12T17:01:49.534Z]   処理 5730｜ 掲載 19230｜ 担当者名 5957（31.0%）
[2026-07-12T17:01:57.878Z] 🔍 "建築": 掲載 100社（新規 5社）｜ 累計担当者名 5957/9000
[2026-07-12T17:02:33.286Z] 🔍 "土木": 掲載 100社（新規 8社）｜ 累計担当者名 5959/9000
[2026-07-12T17:03:04.639Z]   処理 5740｜ 掲載 19240｜ 担当者名 5960（31.0%）
[2026-07-12T17:03:28.079Z] 🔍 "設備工事": 掲載 100社（新規 19社）｜ 累計担当者名 5960/9000
[2026-07-12T17:04:10.074Z]   処理 5750｜ 掲載 19250｜ 担当者名 5961（31.0%）
[2026-07-12T17:05:22.466Z]   処理 5760｜ 掲載 19260｜ 担当者名 5963（31.0%）
[2026-07-12T17:05:40.467Z] 🔍 "電気工事": 掲載 100社（新規 28社）｜ 累計担当者名 5963/9000
[2026-07-12T17:06:34.625Z]   処理 5770｜ 掲載 19270｜ 担当者名 5963（30.9%）
[2026-07-12T17:07:34.155Z]   処理 5780｜ 掲載 19280｜ 担当者名 5965（30.9%）
[2026-07-12T17:08:35.970Z]   処理 5790｜ 掲載 19290｜ 担当者名 5967（30.9%）
[2026-07-12T17:08:40.300Z] 🔍 "空調": 掲載 100社（新規 23社）｜ 累計担当者名 5967/9000
[2026-07-12T17:09:43.402Z]   処理 5800｜ 掲載 19300｜ 担当者名 5969（30.9%）
[2026-07-12T17:10:40.906Z]   処理 5810｜ 掲載 19310｜ 担当者名 5971（30.9%）
[2026-07-12T17:11:12.456Z] 🔍 "不動産": 掲載 100社（新規 1社）｜ 累計担当者名 5972/9000
[2026-07-12T17:11:24.190Z] 🔍 "総合商社": 掲載 100社（新規 17社）｜ 累計担当者名 5972/9000
[2026-07-12T17:12:02.314Z]   処理 5820｜ 掲載 19320｜ 担当者名 5973（30.9%）
[2026-07-12T17:13:15.366Z]   処理 5830｜ 掲載 19330｜ 担当者名 5977（30.9%）
[2026-07-12T17:13:25.094Z] 🔍 "専門商社": 掲載 100社（新規 8社）｜ 累計担当者名 5977/9000
[2026-07-12T17:14:20.370Z] 🔍 "卸売": 掲載 100社（新規 13社）｜ 累計担当者名 5980/9000
[2026-07-12T17:14:24.511Z]   処理 5840｜ 掲載 19340｜ 担当者名 5980（30.9%）
[2026-07-12T17:15:29.789Z]   処理 5850｜ 掲載 19350｜ 担当者名 5982（30.9%）
[2026-07-12T17:15:46.952Z] 🔍 "小売": 掲載 100社（新規 12社）｜ 累計担当者名 5982/9000
[2026-07-12T17:16:34.045Z]   処理 5860｜ 掲載 19360｜ 担当者名 5987（30.9%）
[2026-07-12T17:17:04.044Z] 🔍 "スーパー": 掲載 100社（新規 4社）｜ 累計担当者名 5989/9000
[2026-07-12T17:17:37.168Z] 🔍 "ホームセンター": 掲載 100社（新規 21社）｜ 累計担当者名 5990/9000
[2026-07-12T17:17:50.027Z]   処理 5870｜ 掲載 19370｜ 担当者名 5991（30.9%）
[2026-07-12T17:18:48.584Z]   処理 5880｜ 掲載 19380｜ 担当者名 5996（30.9%）
[2026-07-12T17:19:50.377Z] 🔍 "ドラッグストア": 掲載 100社（新規 13社）｜ 累計担当者名 5996/9000
[2026-07-12T17:19:53.716Z]   処理 5890｜ 掲載 19390｜ 担当者名 5997（30.9%）
[2026-07-12T17:20:54.000Z]   処理 5900｜ 掲載 19400｜ 担当者名 6000（30.9%）
[2026-07-12T17:21:06.121Z] 🔍 "百貨店": 掲載 100社（新規 12社）｜ 累計担当者名 6001/9000
[2026-07-12T17:21:58.617Z]   処理 5910｜ 掲載 19410｜ 担当者名 6002（30.9%）
[2026-07-12T17:22:27.803Z] 🔍 "専門店": 掲載 100社（新規 5社）｜ 累計担当者名 6003/9000
[2026-07-12T17:23:04.858Z] 🔍 "家具": 掲載 100社（新規 23社）｜ 累計担当者名 6004/9000
[2026-07-12T17:23:09.395Z]   処理 5920｜ 掲載 19420｜ 担当者名 6005（30.9%）
[2026-07-12T17:24:11.952Z]   処理 5930｜ 掲載 19430｜ 担当者名 6009（30.9%）
[2026-07-12T17:25:23.176Z]   処理 5940｜ 掲載 19440｜ 担当者名 6012（30.9%）
[2026-07-12T17:25:38.325Z] 🔍 "外食": 掲載 100社（新規 18社）｜ 累計担当者名 6013/9000
[2026-07-12T17:26:29.075Z]   処理 5950｜ 掲載 19450｜ 担当者名 6015（30.9%）
[2026-07-12T17:27:24.943Z]   処理 5960｜ 掲載 19460｜ 担当者名 6019（30.9%）
[2026-07-12T17:27:29.716Z] 🔍 "飲食": 掲載 100社（新規 13社）｜ 累計担当者名 6019/9000
[2026-07-12T17:28:27.259Z]   処理 5970｜ 掲載 19470｜ 担当者名 6023（30.9%）
[2026-07-12T17:28:51.614Z] 🔍 "ホテル": 掲載 100社（新規 3社）｜ 累計担当者名 6023/9000
[2026-07-12T17:29:14.798Z] 🔍 "旅館": 掲載 100社（新規 14社）｜ 累計担当者名 6024/9000
[2026-07-12T17:29:35.459Z]   処理 5980｜ 掲載 19480｜ 担当者名 6025（30.9%）
[2026-07-12T17:30:39.946Z]   処理 5990｜ 掲載 19490｜ 担当者名 6030（30.9%）
[2026-07-12T17:30:44.779Z] 🔍 "ブライダル": 掲載 100社（新規 5社）｜ 累計担当者名 6030/9000
[2026-07-12T17:31:17.805Z] 🔍 "冠婚葬祭": 掲載 100社（新規 21社）｜ 累計担当者名 6031/9000
[2026-07-12T17:31:45.352Z]   処理 6000｜ 掲載 19500｜ 担当者名 6032（30.9%）
[2026-07-12T17:32:40.044Z]   処理 6010｜ 掲載 19510｜ 担当者名 6035（30.9%）
[2026-07-12T17:33:24.429Z] 🔍 "物流": 掲載 100社（新規 3社）｜ 累計担当者名 6037/9000
[2026-07-12T17:33:46.466Z] 🔍 "運輸": 掲載 100社（新規 0社）｜ 累計担当者名 6038/9000
[2026-07-12T17:33:50.061Z] 🔍 "倉庫": 掲載 100社（新規 0社）｜ 累計担当者名 6038/9000
[2026-07-12T17:33:53.226Z] 🔍 "陸運": 掲載 100社（新規 10社）｜ 累計担当者名 6038/9000
[2026-07-12T17:34:00.832Z]   処理 6020｜ 掲載 19520｜ 担当者名 6038（30.9%）
[2026-07-12T17:35:04.502Z] 🔍 "鉄道": 掲載 100社（新規 32社）｜ 累計担当者名 6039/9000
[2026-07-12T17:35:12.195Z]   処理 6030｜ 掲載 19530｜ 担当者名 6039（30.9%）
[2026-07-12T17:36:27.174Z]   処理 6040｜ 掲載 19540｜ 担当者名 6042（30.9%）
[2026-07-12T17:37:27.498Z]   処理 6050｜ 掲載 19550｜ 担当者名 6043（30.9%）
[2026-07-12T17:38:36.712Z]   処理 6060｜ 掲載 19560｜ 担当者名 6043（30.9%）
[2026-07-12T17:38:49.836Z] 🔍 "バス": 掲載 100社（新規 30社）｜ 累計担当者名 6043/9000
[2026-07-12T17:39:41.649Z]   処理 6070｜ 掲載 19570｜ 担当者名 6046（30.9%）
[2026-07-12T17:40:47.429Z]   処理 6080｜ 掲載 19580｜ 担当者名 6047（30.9%）
[2026-07-12T17:41:41.586Z]   処理 6090｜ 掲載 19590｜ 担当者名 6048（30.9%）
[2026-07-12T17:41:51.499Z] 🔍 "タクシー": 掲載 100社（新規 4社）｜ 累計担当者名 6048/9000
[2026-07-12T17:42:12.977Z] 🔍 "金融": 掲載 100社（新規 14社）｜ 累計担当者名 6050/9000
[2026-07-12T17:42:37.977Z]   処理 6100｜ 掲載 19600｜ 担当者名 6052（30.9%）
[2026-07-12T17:43:46.332Z] 🔍 "地方銀行": 掲載 83社（新規 18社）｜ 累計担当者名 6054/9000
[2026-07-12T17:43:50.254Z]   処理 6110｜ 掲載 19610｜ 担当者名 6054（30.9%）
[2026-07-12T17:44:48.653Z]   処理 6120｜ 掲載 19620｜ 担当者名 6055（30.9%）
[2026-07-12T17:45:35.643Z] 🔍 "信用金庫": 掲載 100社（新規 13社）｜ 累計担当者名 6059/9000
[2026-07-12T17:45:47.510Z]   処理 6130｜ 掲載 19630｜ 担当者名 6060（30.9%）
[2026-07-12T17:46:45.932Z]   処理 6140｜ 掲載 19640｜ 担当者名 6061（30.9%）
[2026-07-12T17:46:49.982Z] 🔍 "証券": 掲載 100社（新規 2社）｜ 累計担当者名 6061/9000
[2026-07-12T17:47:03.405Z] 🔍 "生命保険": 掲載 100社（新規 16社）｜ 累計担当者名 6062/9000
[2026-07-12T17:47:57.820Z]   処理 6150｜ 掲載 19650｜ 担当者名 6062（30.8%）
[2026-07-12T17:48:51.567Z] 🔍 "損害保険": 掲載 100社（新規 8社）｜ 累計担当者名 6063/9000
[2026-07-12T17:49:04.356Z]   処理 6160｜ 掲載 19660｜ 担当者名 6064（30.8%）
[2026-07-12T17:49:39.682Z] 🔍 "リース": 掲載 100社（新規 0社）｜ 累計担当者名 6064/9000
[2026-07-12T17:49:42.978Z] 🔍 "クレジット": 掲載 100社（新規 39社）｜ 累計担当者名 6064/9000
[2026-07-12T17:50:01.054Z]   処理 6170｜ 掲載 19670｜ 担当者名 6066（30.8%）
[2026-07-12T17:51:07.112Z]   処理 6180｜ 掲載 19680｜ 担当者名 6068（30.8%）
[2026-07-12T17:52:02.315Z]   処理 6190｜ 掲載 19690｜ 担当者名 6072（30.8%）
[2026-07-12T17:52:55.133Z]   処理 6200｜ 掲載 19700｜ 担当者名 6073（30.8%）
[2026-07-12T17:53:32.922Z] 🔍 "人材サービス": 掲載 100社（新規 24社）｜ 累計担当者名 6074/9000
[2026-07-12T17:53:58.652Z]   処理 6210｜ 掲載 19710｜ 担当者名 6078（30.8%）
[2026-07-12T17:55:07.949Z]   処理 6220｜ 掲載 19720｜ 担当者名 6078（30.8%）
[2026-07-12T17:56:10.392Z] 🔍 "教育": 掲載 100社（新規 7社）｜ 累計担当者名 6079/9000
[2026-07-12T17:56:11.976Z]   処理 6230｜ 掲載 19730｜ 担当者名 6080（30.8%）
[2026-07-12T17:56:57.987Z] 🔍 "学習塾": 掲載 100社（新規 26社）｜ 累計担当者名 6081/9000
[2026-07-12T17:57:18.526Z]   処理 6240｜ 掲載 19740｜ 担当者名 6082（30.8%）
[2026-07-12T17:58:25.458Z]   処理 6250｜ 掲載 19750｜ 担当者名 6083（30.8%）
[2026-07-12T17:59:17.482Z]   処理 6260｜ 掲載 19760｜ 担当者名 6084（30.8%）
[2026-07-12T17:59:36.457Z] 🔍 "保育": 掲載 100社（新規 25社）｜ 累計担当者名 6085/9000
[2026-07-12T18:00:25.547Z]   処理 6270｜ 掲載 19770｜ 担当者名 6086（30.8%）
[2026-07-12T18:01:24.293Z]   処理 6280｜ 掲載 19780｜ 担当者名 6089（30.8%）
[2026-07-12T18:02:13.588Z] 🔍 "福祉": 掲載 100社（新規 23社）｜ 累計担当者名 6090/9000
[2026-07-12T18:02:32.528Z]   処理 6290｜ 掲載 19790｜ 担当者名 6091（30.8%）
[2026-07-12T18:03:25.737Z]   処理 6300｜ 掲載 19800｜ 担当者名 6097（30.8%）
[2026-07-12T18:04:29.633Z]   処理 6310｜ 掲載 19810｜ 担当者名 6099（30.8%）
[2026-07-12T18:04:34.804Z] 🔍 "介護": 掲載 100社（新規 2社）｜ 累計担当者名 6099/9000
[2026-07-12T18:04:56.463Z] 🔍 "医療機器": 掲載 100社（新規 9社）｜ 累計担当者名 6099/9000
[2026-07-12T18:05:43.637Z]   処理 6320｜ 掲載 19820｜ 担当者名 6102（30.8%）
[2026-07-12T18:05:57.933Z] 🔍 "病院": 掲載 100社（新規 9社）｜ 累計担当者名 6102/9000
[2026-07-12T18:07:03.917Z]   処理 6330｜ 掲載 19830｜ 担当者名 6103（30.8%）
[2026-07-12T18:07:09.655Z] 🔍 "調剤薬局": 掲載 100社（新規 10社）｜ 累計担当者名 6103/9000
[2026-07-12T18:08:15.543Z]   処理 6340｜ 掲載 19840｜ 担当者名 6105（30.8%）
[2026-07-12T18:08:19.926Z] 🔍 "歯科": 掲載 100社（新規 18社）｜ 累計担当者名 6105/9000
[2026-07-12T18:09:24.791Z]   処理 6350｜ 掲載 19850｜ 担当者名 6107（30.8%）
[2026-07-12T18:10:35.020Z] 🔍 "農業": 掲載 100社（新規 25社）｜ 累計担当者名 6109/9000
[2026-07-12T18:10:41.886Z]   処理 6360｜ 掲載 19860｜ 担当者名 6110（30.8%）
[2026-07-12T18:11:34.614Z]   処理 6370｜ 掲載 19870｜ 担当者名 6112（30.8%）
[2026-07-12T18:12:31.787Z]   処理 6380｜ 掲載 19880｜ 担当者名 6115（30.8%）
[2026-07-12T18:12:49.331Z] 🔍 "水産": 掲載 100社（新規 2社）｜ 累計担当者名 6117/9000
[2026-07-12T18:13:06.490Z] 🔍 "食品加工": 掲載 100社（新規 23社）｜ 累計担当者名 6117/9000
[2026-07-12T18:13:44.627Z]   処理 6390｜ 掲載 19890｜ 担当者名 6119（30.8%）
[2026-07-12T18:14:54.206Z]   処理 6400｜ 掲載 19900｜ 担当者名 6120（30.8%）
[2026-07-12T18:16:08.070Z] 🔍 "環境": 掲載 100社（新規 4社）｜ 累計担当者名 6121/9000
[2026-07-12T18:16:20.890Z]   処理 6410｜ 掲載 19910｜ 担当者名 6121（30.7%）
[2026-07-12T18:16:40.637Z] 🔍 "リサイクル": 掲載 100社（新規 11社）｜ 累計担当者名 6121/9000
[2026-07-12T18:17:35.477Z]   処理 6420｜ 掲載 19920｜ 担当者名 6122（30.7%）
[2026-07-12T18:18:05.346Z] 🔍 "エネルギー": 掲載 100社（新規 4社）｜ 累計担当者名 6123/9000
[2026-07-12T18:18:34.387Z] 🔍 "電力": 掲載 100社（新規 9社）｜ 累計担当者名 6126/9000
[2026-07-12T18:18:52.428Z]   処理 6430｜ 掲載 19930｜ 担当者名 6126（30.7%）
[2026-07-12T18:19:35.353Z] 🔍 "ガス": 掲載 100社（新規 20社）｜ 累計担当者名 6128/9000
[2026-07-12T18:19:52.702Z]   処理 6440｜ 掲載 19940｜ 担当者名 6130（30.7%）
[2026-07-12T18:20:54.532Z]   処理 6450｜ 掲載 19950｜ 担当者名 6135（30.8%）
[2026-07-12T18:21:35.647Z] 🔍 "石油": 掲載 100社（新規 2社）｜ 累計担当者名 6136/9000
[2026-07-12T18:21:53.616Z] 🔍 "警備": 掲載 100社（新規 13社）｜ 累計担当者名 6136/9000
[2026-07-12T18:22:06.485Z]   処理 6460｜ 掲載 19960｜ 担当者名 6136（30.7%）
[2026-07-12T18:23:09.213Z]   処理 6470｜ 掲載 19970｜ 担当者名 6138（30.7%）
[2026-07-12T18:23:18.643Z] 🔍 "ビルメンテナンス": 掲載 100社（新規 6社）｜ 累計担当者名 6138/9000
[2026-07-12T18:24:07.382Z] 🔍 "清掃": 掲載 100社（新規 11社）｜ 累計担当者名 6138/9000
[2026-07-12T18:24:26.145Z]   処理 6480｜ 掲載 19980｜ 担当者名 6139（30.7%）
[2026-07-12T18:25:20.400Z] 🔍 "自動車ディーラー": 掲載 100社（新規 13社）｜ 累計担当者名 6142/9000
[2026-07-12T18:25:33.495Z]   処理 6490｜ 掲載 19990｜ 担当者名 6142（30.7%）
[2026-07-12T18:26:25.442Z]   処理 6500｜ 掲載 20000｜ 担当者名 6149（30.7%）
[2026-07-12T18:26:35.170Z] 🔍 "自動車整備": 掲載 100社（新規 6社）｜ 累計担当者名 6149/9000
[2026-07-12T18:27:17.677Z] 🔍 "農機": 掲載 100社（新規 23社）｜ 累計担当者名 6150/9000
[2026-07-12T18:27:32.486Z]   処理 6510｜ 掲載 20010｜ 担当者名 6151（30.7%）
[2026-07-12T18:28:35.803Z]   処理 6520｜ 掲載 20020｜ 担当者名 6153（30.7%）
[2026-07-12T18:29:27.533Z]   処理 6530｜ 掲載 20030｜ 担当者名 6158（30.7%）
[2026-07-12T18:29:32.530Z] 🔍 "産業機械": 掲載 100社（新規 17社）｜ 累計担当者名 6158/9000
[2026-07-12T18:30:29.683Z]   処理 6540｜ 掲載 20040｜ 担当者名 6161（30.7%）
[2026-07-12T18:31:23.487Z] 🔍 "計測機器": 掲載 100社（新規 33社）｜ 累計担当者名 6163/9000
[2026-07-12T18:31:45.136Z]   処理 6550｜ 掲載 20050｜ 担当者名 6163（30.7%）
[2026-07-12T18:32:57.686Z]   処理 6560｜ 掲載 20060｜ 担当者名 6165（30.7%）
[2026-07-12T18:33:51.727Z]   処理 6570｜ 掲載 20070｜ 担当者名 6169（30.7%）
[2026-07-12T18:34:57.395Z]   処理 6580｜ 掲載 20080｜ 担当者名 6171（30.7%）
[2026-07-12T18:35:01.664Z] 🔍 "工具": 掲載 100社（新規 11社）｜ 累計担当者名 6171/9000
[2026-07-12T18:36:04.554Z]   処理 6590｜ 掲載 20090｜ 担当者名 6175（30.7%）
[2026-07-12T18:36:17.462Z] 🔍 "事務機器": 掲載 100社（新規 26社）｜ 累計担当者名 6175/9000
[2026-07-12T18:37:09.984Z]   処理 6600｜ 掲載 20100｜ 担当者名 6176（30.7%）
[2026-07-12T18:38:21.812Z]   処理 6610｜ 掲載 20110｜ 担当者名 6177（30.7%）
[2026-07-12T18:39:15.762Z] 🔍 "技術職 新卒": 掲載 100社（新規 23社）｜ 累計担当者名 6178/9000
[2026-07-12T18:39:37.706Z]   処理 6620｜ 掲載 20120｜ 担当者名 6178（30.7%）
[2026-07-12T18:40:33.671Z]   処理 6630｜ 掲載 20130｜ 担当者名 6183（30.7%）
[2026-07-12T18:41:32.491Z]   処理 6640｜ 掲載 20140｜ 担当者名 6185（30.7%）
[2026-07-12T18:41:37.143Z] 🔍 "営業職 新卒": 掲載 100社（新規 20社）｜ 累計担当者名 6185/9000
[2026-07-12T18:42:54.891Z]   処理 6650｜ 掲載 20150｜ 担当者名 6186（30.7%）
[2026-07-12T18:44:13.081Z]   処理 6660｜ 掲載 20160｜ 担当者名 6188（30.7%）
[2026-07-12T18:44:17.319Z] 🔍 "事務職 新卒": 掲載 100社（新規 15社）｜ 累計担当者名 6188/9000
[2026-07-12T18:45:22.258Z]   処理 6670｜ 掲載 20170｜ 担当者名 6190（30.7%）
[2026-07-12T18:46:08.355Z] 🔍 "施工管理 新卒": 掲載 100社（新規 10社）｜ 累計担当者名 6190/9000
[2026-07-12T18:46:39.819Z]   処理 6680｜ 掲載 20180｜ 担当者名 6191（30.7%）
[2026-07-12T18:47:13.673Z] 🔍 "生産技術 新卒": 掲載 47社（新規 10社）｜ 累計担当者名 6192/9000
[2026-07-12T18:47:45.556Z]   処理 6690｜ 掲載 20190｜ 担当者名 6193（30.7%）
[2026-07-12T18:48:30.175Z] 🔍 "品質管理 新卒": 掲載 100社（新規 17社）｜ 累計担当者名 6194/9000
[2026-07-12T18:49:01.567Z]   処理 6700｜ 掲載 20200｜ 担当者名 6195（30.7%）
[2026-07-12T18:50:11.590Z]   処理 6710｜ 掲載 20210｜ 担当者名 6198（30.7%）
[2026-07-12T18:50:26.556Z] 🔍 "研究開発 新卒": 掲載 94社（新規 25社）｜ 累計担当者名 6198/9000
[2026-07-12T18:51:21.573Z]   処理 6720｜ 掲載 20220｜ 担当者名 6199（30.7%）
[2026-07-12T18:52:34.837Z]   処理 6730｜ 掲載 20230｜ 担当者名 6201（30.7%）
[2026-07-12T18:53:30.785Z] 🔍 "設計 新卒": 掲載 100社（新規 17社）｜ 累計担当者名 6202/9000
[2026-07-12T18:53:42.943Z]   処理 6740｜ 掲載 20240｜ 担当者名 6203（30.6%）
[2026-07-12T18:54:49.151Z]   処理 6750｜ 掲載 20250｜ 担当者名 6206（30.6%）
[2026-07-12T18:55:17.948Z] 🔍 "販売職 新卒": 掲載 39社（新規 7社）｜ 累計担当者名 6208/9000
[2026-07-12T18:55:51.658Z]   処理 6760｜ 掲載 20260｜ 担当者名 6209（30.6%）
[2026-07-12T18:56:05.180Z] 🔍 "総合職 新卒": 掲載 100社（新規 7社）｜ 累計担当者名 6209/9000
[2026-07-12T18:56:55.485Z] 🔍 "企画職 新卒": 掲載 38社（新規 10社）｜ 累計担当者名 6211/9000
[2026-07-12T18:57:04.626Z]   処理 6770｜ 掲載 20270｜ 担当者名 6211（30.6%）
[2026-07-12T18:58:06.141Z] 🔍 "ルート営業 新卒": 掲載 71社（新規 7社）｜ 累計担当者名 6212/9000
[2026-07-12T18:58:18.772Z]   処理 6780｜ 掲載 20280｜ 担当者名 6212（30.6%）
[2026-07-12T18:58:53.077Z] 🔍 "法人営業 新卒": 掲載 81社（新規 14社）｜ 累計担当者名 6214/9000
[2026-07-12T18:59:36.157Z]   処理 6790｜ 掲載 20290｜ 担当者名 6215（30.6%）
[2026-07-12T19:00:55.603Z] 🔍 "サービス職 新卒": 掲載 11社（新規 0社）｜ 累計担当者名 6216/9000
[2026-07-12T19:00:57.173Z] 完了: 20299社処理 ｜ 担当者名 6216件（30.6%）
[2026-07-12T19:00:57.173Z] 出力: C:\Users\shofu\Desktop\saiyo_tantousha_poc\poc\data\recruiter-mynavi-1000.csv
[2026-07-12T19:00:57.175Z] パターン別: {"伝言板の名乗り":1328,"担当者メッセージ":2702,"問合せ先":1695,"メール推定":403,"インタビュー話者注記":69,"インタビュー帰属":19}
