企業名,電話,メール,業種,従業員数レンジ,採用人数,リード状況,経路温度,セグメント,提案プラン,類似スコア,成約見込み,経路lift,業種lift,規模lift,採用lift,確信軸数,なぜ類似
株式会社クレスコ・ジェイキューブ,03-6417-9995,recruit@cresco-jcube.co.jp,メーカー （機械・電気・電子）,300～500人未満,16～20名,02：担当者未接触,アウトバウンド架電,主戦場(スイート),ミニマム/ミドル,95,95.0%,1.77x,1.75x,1.41x,1.52x,4,経路[アウトバウンド架電]1.77x｜業種[メーカー （機械・電気・電子）]1.75x｜規模[300-500名]1.41x｜新卒採用[16-20名]1.52x｜ミニマム/ミドル｜成約見込95.0%
ミノリ農業協同組合,0795-42-0920,jinjikyouiku@ja-minori.or.jp,公共インフラ・エネルギー・環境,300～500人未満,6～10名,89：リサイクル,アウトバウンド架電,主戦場(スイート),ミニマム/ミドル,95,95.0%,1.77x,1.58x,1.41x,1.55x,4,経路[アウトバウンド架電]1.77x｜業種[公共インフラ・エネルギー・環境]1.58x｜規模[300-500名]1.41x｜新卒採用[6-10名]1.55x｜ミニマム/ミドル｜成約見込95.0%
マツサカ株式会社,086-425-9111,,流通・小売・物販,100～300人未満,6～10名,89：リサイクル,アウトバウンド架電,主戦場(スイート),ミニマム/ミドル,95,95.0%,1.77x,2.35x,1.12x,1.55x,4,経路[アウトバウンド架電]1.77x｜業種[流通・小売・物販]2.35x｜規模[100-300名]1.12x｜新卒採用[6-10名]1.55x｜ミニマム/ミドル｜成約見込95.0%
株式会社トキハインダストリー,097-553-1111,,流通・小売・物販,1千～2千人未満,6～10名,89：リサイクル,未タグ(温/手入力),有効(上限),スタンダード提案,95,95.0%,1.26x,2.35x,1.30x,1.55x,4,経路[未タグ(温/手入力)]1.26x｜業種[流通・小売・物販]2.35x｜規模[1000-2000名]1.30x｜新卒採用[6-10名]1.55x｜スタンダード提案｜成約見込95.0%
株式会社中京銀行,052-249-1609,,金融・保険,1千～2千人未満,31～35名,89：リサイクル,アウトバウンド架電,有効(上限),スタンダード提案,95,95.0%,1.77x,2.07x,1.30x,1.41x,4,経路[アウトバウンド架電]1.77x｜業種[金融・保険]2.07x｜規模[1000-2000名]1.30x｜新卒採用[31-50名]1.41x｜スタンダード提案｜成約見込95.0%
菊池地域農業協同組合,0968-23-3501,soumu-jinj03@kik.kasias.or.jp,公共インフラ・エネルギー・環境,300～500人未満,11～15名,89：リサイクル,アウトバウンド架電,主戦場(スイート),ミニマム/ミドル,95,95.0%,1.77x,1.58x,1.41x,1.52x,4,経路[アウトバウンド架電]1.77x｜業種[公共インフラ・エネルギー・環境]1.58x｜規模[300-500名]1.41x｜新卒採用[11-15名]1.52x｜ミニマム/ミドル｜成約見込95.0%
西村ジョイ株式会社,087-885-8000,fukuhama@nishimura-joy.co.jp,流通・小売・物販,300～500人未満,11～15名,89：リサイクル,アウトバウンド架電,主戦場(スイート),ミニマム/ミドル,95,95.0%,1.77x,2.35x,1.41x,1.52x,4,経路[アウトバウンド架電]1.77x｜業種[流通・小売・物販]2.35x｜規模[300-500名]1.41x｜新卒採用[11-15名]1.52x｜ミニマム/ミドル｜成約見込95.0%
長崎船舶装備株式会社,095-828-6576,saiyou@oo365.nssjpn.co.jp,その他サービス（個人向け）,300～500人未満,6～10名,89：リサイクル,アウトバウンド架電,主戦場(スイート),ミニマム/ミドル,95,95.0%,1.77x,1.45x,1.41x,1.55x,4,経路[アウトバウンド架電]1.77x｜業種[その他サービス（個人向け）]1.45x｜規模[300-500名]1.41x｜新卒採用[6-10名]1.55x｜ミニマム/ミドル｜成約見込95.0%
佐賀トヨタ自動車株式会社,0952-24-4171,,商社,300～500人未満,11～15名,89：リサイクル,アウトバウンド架電,主戦場(スイート),ミニマム/ミドル,95,95.0%,1.77x,1.51x,1.41x,1.52x,4,経路[アウトバウンド架電]1.77x｜業種[商社]1.51x｜規模[300-500名]1.41x｜新卒採用[11-15名]1.52x｜ミニマム/ミドル｜成約見込95.0%
株式会社ホンダモビリティ中四国,086-805-8080,hagihara.ckw00@honda-auto.ne.jp,商社,300～500人未満,6～10名,89：リサイクル,アウトバウンド架電,主戦場(スイート),ミニマム/ミドル,95,95.0%,1.77x,1.51x,1.41x,1.55x,4,経路[アウトバウンド架電]1.77x｜業種[商社]1.51x｜規模[300-500名]1.41x｜新卒採用[6-10名]1.55x｜ミニマム/ミドル｜成約見込95.0%
兵庫トヨタ自動車株式会社,078-252-2800,saiyo@hyogotoyota.co.jp,商社,500～1千人未満,11～15名,89：リサイクル,アウトバウンド架電,有効(中堅上),スタンダード提案,90,89.9%,1.77x,1.51x,1.30x,1.52x,4,経路[アウトバウンド架電]1.77x｜業種[商社]1.51x｜規模[500-1000名]1.30x｜新卒採用[11-15名]1.52x｜スタンダード提案｜成約見込89.9%
野村アセットマネジメント株式会社,03-6387-5000,,金融・保険,500～1千人未満,26～30名,03：コネクト情報獲得,未タグ(温/手入力),有効(中堅上),スタンダード提案,88,88.1%,1.26x,2.07x,1.30x,1.53x,4,経路[未タグ(温/手入力)]1.26x｜業種[金融・保険]2.07x｜規模[500-1000名]1.30x｜新卒採用[21-30名]1.53x｜スタンダード提案｜成約見込88.1%
株式会社但馬銀行,0796-24-2111,jinji@tajimabank.co.jp,金融・保険,500～1千人未満,46～50名,89：リサイクル,未タグ(温/手入力),有効(中堅上),スタンダード提案,81,81.1%,1.26x,2.07x,1.30x,1.41x,4,経路[未タグ(温/手入力)]1.26x｜業種[金融・保険]2.07x｜規模[500-1000名]1.30x｜新卒採用[31-50名]1.41x｜スタンダード提案｜成約見込81.1%
アジレントテクノロジー株式会社,042-660-3111,rec_college@agilent.com,メーカー （機械・電気・電子）,300～500人未満,11～15名,01：新規,未タグ(温/手入力),主戦場(スイート),ミニマム/ミドル,80,79.9%,1.26x,1.75x,1.41x,1.52x,4,経路[未タグ(温/手入力)]1.26x｜業種[メーカー （機械・電気・電子）]1.75x｜規模[300-500名]1.41x｜新卒採用[11-15名]1.52x｜ミニマム/ミドル｜成約見込79.9%
株式会社岡山マツダ,086-243-1538,,商社,100～300人未満,6～10名,89：リサイクル,アウトバウンド架電,主戦場(スイート),ミニマム/ミドル,79,78.9%,1.77x,1.51x,1.12x,1.55x,4,経路[アウトバウンド架電]1.77x｜業種[商社]1.51x｜規模[100-300名]1.12x｜新卒採用[6-10名]1.55x｜ミニマム/ミドル｜成約見込78.9%
コーチ・ジャパン合同会社,03-6894-2600,,流通・小売・物販,2千～5千人未満,51～100名,01：新規,未タグ(温/手入力),要注意(大),競合ATS確認,77,76.5%,1.26x,2.35x,1.15x,1.32x,4,経路[未タグ(温/手入力)]1.26x｜業種[流通・小売・物販]2.35x｜規模[2000-5000名]1.15x｜新卒採用[51-100名]1.32x｜競合ATS確認｜成約見込76.5%
九州カード株式会社,092-452-4520,,金融・保険,100～300人未満,6～10名,89：リサイクル,未タグ(温/手入力),主戦場(スイート),ミニマム/ミドル,77,76.9%,1.26x,2.07x,1.12x,1.55x,4,経路[未タグ(温/手入力)]1.26x｜業種[金融・保険]2.07x｜規模[100-300名]1.12x｜新卒採用[6-10名]1.55x｜ミニマム/ミドル｜成約見込76.9%
東日本建設業保証株式会社,03-3545-5121,,金融・保険,100～300人未満,6～10名,89：リサイクル,未タグ(温/手入力),主戦場(スイート),ミニマム/ミドル,77,76.9%,1.26x,2.07x,1.12x,1.55x,4,経路[未タグ(温/手入力)]1.26x｜業種[金融・保険]2.07x｜規模[100-300名]1.12x｜新卒採用[6-10名]1.55x｜ミニマム/ミドル｜成約見込76.9%
株式会社ヤノメガネ,097-536-5532,,その他サービス（個人向け）,100～300人未満,6～10名,02：担当者未接触,アウトバウンド架電,主戦場(スイート),ミニマム/ミドル,76,75.8%,1.77x,1.45x,1.12x,1.55x,4,経路[アウトバウンド架電]1.77x｜業種[その他サービス（個人向け）]1.45x｜規模[100-300名]1.12x｜新卒採用[6-10名]1.55x｜ミニマム/ミドル｜成約見込75.8%
株式会社グランド商事,087-823-3456,fukui@grand-p.co.jp,その他サービス（個人向け）,100～300人未満,16～20名,89：リサイクル,アウトバウンド架電,主戦場(スイート),ミニマム/ミドル,75,74.5%,1.77x,1.45x,1.12x,1.52x,4,経路[アウトバウンド架電]1.77x｜業種[その他サービス（個人向け）]1.45x｜規模[100-300名]1.12x｜新卒採用[16-20名]1.52x｜ミニマム/ミドル｜成約見込74.5%
アルインコ株式会社,0845-270394,saiyo@alinco.co.jp,メーカー （機械・電気・電子）,500～1千人未満,11～15名,89：リサイクル,未タグ(温/手入力),有効(中堅上),スタンダード提案,74,73.8%,1.26x,1.75x,1.30x,1.52x,4,経路[未タグ(温/手入力)]1.26x｜業種[メーカー （機械・電気・電子）]1.75x｜規模[500-1000名]1.30x｜新卒採用[11-15名]1.52x｜スタンダード提案｜成約見込73.8%
シチズン時計株式会社,042-468-4600,recruiting@citizen.co.jp,メーカー （機械・電気・電子）,500～1千人未満,16～20名,01：新規,未タグ(温/手入力),有効(中堅上),スタンダード提案,74,73.9%,1.26x,1.75x,1.30x,1.52x,4,経路[未タグ(温/手入力)]1.26x｜業種[メーカー （機械・電気・電子）]1.75x｜規模[500-1000名]1.30x｜新卒採用[16-20名]1.52x｜スタンダード提案｜成約見込73.9%
ホクサイ農業協同組合,048-561-6911,,公共インフラ・エネルギー・環境,300～500人未満,6～10名,89：リサイクル,未タグ(温/手入力),主戦場(スイート),ミニマム/ミドル,74,73.7%,1.26x,1.58x,1.41x,1.55x,4,経路[未タグ(温/手入力)]1.26x｜業種[公共インフラ・エネルギー・環境]1.58x｜規模[300-500名]1.41x｜新卒採用[6-10名]1.55x｜ミニマム/ミドル｜成約見込73.7%
三菱自動車エンジニアリング株式会社,0564-31-2715,,メーカー （機械・電気・電子）,1千～2千人未満,21～25名,01：新規,未タグ(温/手入力),有効(上限),スタンダード提案,74,74.4%,1.26x,1.75x,1.30x,1.53x,4,経路[未タグ(温/手入力)]1.26x｜業種[メーカー （機械・電気・電子）]1.75x｜規模[1000-2000名]1.30x｜新卒採用[21-30名]1.53x｜スタンダード提案｜成約見込74.4%
株式会社丸本,0884-73-1113,,メーカー（素材・食品・医薬品他),100～300人未満,16～20名,89：リサイクル,アウトバウンド架電,主戦場(スイート),ミニマム/ミドル,73,73.1%,1.77x,1.43x,1.12x,1.52x,4,経路[アウトバウンド架電]1.77x｜業種[メーカー（素材・食品・医薬品他)]1.43x｜規模[100-300名]1.12x｜新卒採用[16-20名]1.52x｜ミニマム/ミドル｜成約見込73.1%
筑前アサクラ農業協同組合,0946-23-2222,,公共インフラ・エネルギー・環境,300～500人未満,26～30名,89：リサイクル,未タグ(温/手入力),主戦場(スイート),ミニマム/ミドル,73,72.8%,1.26x,1.58x,1.41x,1.53x,4,経路[未タグ(温/手入力)]1.26x｜業種[公共インフラ・エネルギー・環境]1.58x｜規模[300-500名]1.41x｜新卒採用[21-30名]1.53x｜ミニマム/ミドル｜成約見込72.8%
岡山ダイハツ販売株式会社,086-241-5201,,商社,300～500人未満,6～10名,89：リサイクル,未タグ(温/手入力),主戦場(スイート),ミニマム/ミドル,70,70.4%,1.26x,1.51x,1.41x,1.55x,4,経路[未タグ(温/手入力)]1.26x｜業種[商社]1.51x｜規模[300-500名]1.41x｜新卒採用[6-10名]1.55x｜ミニマム/ミドル｜成約見込70.4%
株式会社GSIクレオス,03-5211-1817,saiyo@gsi.co.jp,商社,300～500人未満,11～15名,01：新規,未タグ(温/手入力),主戦場(スイート),ミニマム/ミドル,69,69.2%,1.26x,1.51x,1.41x,1.52x,4,経路[未タグ(温/手入力)]1.26x｜業種[商社]1.51x｜規模[300-500名]1.41x｜新卒採用[11-15名]1.52x｜ミニマム/ミドル｜成約見込69.2%
株式会社ラックコーポレーション,03-3586-7501,saiyou@lac-corp.com,介護・保育・医療法人等,100～300人未満,6～10名,89：リサイクル,未タグ(温/手入力),主戦場(スイート),ミニマム/ミドル,68,67.5%,1.26x,1.82x,1.12x,1.55x,4,経路[未タグ(温/手入力)]1.26x｜業種[介護・保育・医療法人等]1.82x｜規模[100-300名]1.12x｜新卒採用[6-10名]1.55x｜ミニマム/ミドル｜成約見込67.5%
フクシマ未来農業協同組合,024-573-4076,,公共インフラ・エネルギー・環境,1千～2千人未満,16～20名,01：新規,未タグ(温/手入力),有効(上限),スタンダード提案,67,67.1%,1.26x,1.58x,1.30x,1.52x,4,経路[未タグ(温/手入力)]1.26x｜業種[公共インフラ・エネルギー・環境]1.58x｜規模[1000-2000名]1.30x｜新卒採用[16-20名]1.52x｜スタンダード提案｜成約見込67.1%
遠州中央農業協同組合,0538-36-7002,,公共インフラ・エネルギー・環境,500～1千人未満,16～20名,01：新規,未タグ(温/手入力),有効(中堅上),スタンダード提案,67,66.9%,1.26x,1.58x,1.30x,1.52x,4,経路[未タグ(温/手入力)]1.26x｜業種[公共インフラ・エネルギー・環境]1.58x｜規模[500-1000名]1.30x｜新卒採用[16-20名]1.52x｜スタンダード提案｜成約見込66.9%
住友商事フィナンシャルマネジメント株式会社,03-5166-6866,sfm-saiyo@sumitomocorp.com,商社,300～500人未満,11～15名,01：新規,その他タグ,主戦場(スイート),ミニマム/ミドル,67,66.9%,1.22x,1.51x,1.41x,1.52x,4,経路[その他タグ]1.22x｜業種[商社]1.51x｜規模[300-500名]1.41x｜新卒採用[11-15名]1.52x｜ミニマム/ミドル｜成約見込66.9%
都城農業協同組合,0986-22-9815,,公共インフラ・エネルギー・環境,500～1千人未満,11～15名,01：新規,未タグ(温/手入力),有効(中堅上),スタンダード提案,67,66.9%,1.26x,1.58x,1.30x,1.52x,4,経路[未タグ(温/手入力)]1.26x｜業種[公共インフラ・エネルギー・環境]1.58x｜規模[500-1000名]1.30x｜新卒採用[11-15名]1.52x｜スタンダード提案｜成約見込66.9%
東京海上日動ベターライフサービス株式会社,03-5717-1820,saiyo@tnbls.co.jp,介護・保育・医療法人等,100～300人未満,21～25名,01：新規,未タグ(温/手入力),主戦場(スイート),ミニマム/ミドル,67,66.7%,1.26x,1.82x,1.12x,1.53x,4,経路[未タグ(温/手入力)]1.26x｜業種[介護・保育・医療法人等]1.82x｜規模[100-300名]1.12x｜新卒採用[21-30名]1.53x｜ミニマム/ミドル｜成約見込66.7%
日本酪農協同株式会社,0725-41-7111,,メーカー（素材・食品・医薬品他),300～500人未満,6～10名,89：リサイクル,未タグ(温/手入力),主戦場(スイート),ミニマム/ミドル,66,66.4%,1.26x,1.43x,1.41x,1.55x,4,経路[未タグ(温/手入力)]1.26x｜業種[メーカー（素材・食品・医薬品他)]1.43x｜規模[300-500名]1.41x｜新卒採用[6-10名]1.55x｜ミニマム/ミドル｜成約見込66.4%
タカノフーズ株式会社,0299-58-5101,,メーカー（素材・食品・医薬品他),300～500人未満,11～15名,01：新規,未タグ(温/手入力),主戦場(スイート),ミニマム/ミドル,65,65.2%,1.26x,1.43x,1.41x,1.52x,4,経路[未タグ(温/手入力)]1.26x｜業種[メーカー（素材・食品・医薬品他)]1.43x｜規模[300-500名]1.41x｜新卒採用[11-15名]1.52x｜ミニマム/ミドル｜成約見込65.2%
浜松日産自動車株式会社,080-3351-8445,k-yoshida@hamamatsu-nissan.co.jp,商社,500～1千人未満,6～10名,89：リサイクル,未タグ(温/手入力),有効(中堅上),スタンダード提案,65,65.0%,1.26x,1.51x,1.30x,1.55x,4,経路[未タグ(温/手入力)]1.26x｜業種[商社]1.51x｜規模[500-1000名]1.30x｜新卒採用[6-10名]1.55x｜スタンダード提案｜成約見込65.0%
株式会社IHIインフラ建設,03-3699-2790,iik-jinji_iik@ihi-g.com,不動産・建設・設備,300～500人未満,16～20名,01：新規,未タグ(温/手入力),主戦場(スイート),ミニマム/ミドル,64,64.0%,1.26x,1.40x,1.41x,1.52x,4,経路[未タグ(温/手入力)]1.26x｜業種[不動産・建設・設備]1.40x｜規模[300-500名]1.41x｜新卒採用[16-20名]1.52x｜ミニマム/ミドル｜成約見込64.0%
株式会社ネクスティエレクトロニクス,03-5462-9611,nxt-saiyo@nexty-ele.com,商社,500～1千人未満,11～15名,01：新規,未タグ(温/手入力),有効(中堅上),スタンダード提案,64,63.9%,1.26x,1.51x,1.30x,1.52x,4,経路[未タグ(温/手入力)]1.26x｜業種[商社]1.51x｜規模[500-1000名]1.30x｜新卒採用[11-15名]1.52x｜スタンダード提案｜成約見込63.9%
株式会社パパマルハウス,025-290-0880,,不動産・建設・設備,300～500人未満,11～15名,01：新規,未タグ(温/手入力),主戦場(スイート),ミニマム/ミドル,64,64.0%,1.26x,1.40x,1.41x,1.52x,4,経路[未タグ(温/手入力)]1.26x｜業種[不動産・建設・設備]1.40x｜規模[300-500名]1.41x｜新卒採用[11-15名]1.52x｜ミニマム/ミドル｜成約見込64.0%
札幌トヨタ自動車株式会社,011-231-3111,,商社,500～1千人未満,16～20名,01：新規,未タグ(温/手入力),有効(中堅上),スタンダード提案,64,64.0%,1.26x,1.51x,1.30x,1.52x,4,経路[未タグ(温/手入力)]1.26x｜業種[商社]1.51x｜規模[500-1000名]1.30x｜新卒採用[16-20名]1.52x｜スタンダード提案｜成約見込64.0%
住友商事グローバルメタルズ株式会社,03-6285-7141,saiyo@scgm.co.jp,商社,500～1千人未満,16～20名,01：新規,未タグ(温/手入力),有効(中堅上),スタンダード提案,64,64.0%,1.26x,1.51x,1.30x,1.52x,4,経路[未タグ(温/手入力)]1.26x｜業種[商社]1.51x｜規模[500-1000名]1.30x｜新卒採用[16-20名]1.52x｜スタンダード提案｜成約見込64.0%
森川産業株式会社,026-272-0640,ka-yanagisawa@morikawa-inc.com,メーカー （機械・電気・電子）,100～300人未満,11～15名,89：リサイクル,未タグ(温/手入力),主戦場(スイート),ミニマム/ミドル,64,63.7%,1.26x,1.75x,1.12x,1.52x,4,経路[未タグ(温/手入力)]1.26x｜業種[メーカー （機械・電気・電子）]1.75x｜規模[100-300名]1.12x｜新卒採用[11-15名]1.52x｜ミニマム/ミドル｜成約見込63.7%
伊那食品工業株式会社,0265-78-1121,,メーカー（素材・食品・医薬品他),500～1千人未満,21～25名,89：リサイクル,未タグ(温/手入力),有効(中堅上),スタンダード提案,61,60.6%,1.26x,1.43x,1.30x,1.53x,4,経路[未タグ(温/手入力)]1.26x｜業種[メーカー（素材・食品・医薬品他)]1.43x｜規模[500-1000名]1.30x｜新卒採用[21-30名]1.53x｜スタンダード提案｜成約見込60.6%
株式会社NAITO,0561-33-1520,,その他サービス（個人向け）,500～1千人未満,11～15名,01：新規,未タグ(温/手入力),有効(中堅上),スタンダード提案,61,61.4%,1.26x,1.45x,1.30x,1.52x,4,経路[未タグ(温/手入力)]1.26x｜業種[その他サービス（個人向け）]1.45x｜規模[500-1000名]1.30x｜新卒採用[11-15名]1.52x｜スタンダード提案｜成約見込61.4%
株式会社クリスタルインターナショナル,03-5413-6078,saiyou@raphaelchapel.com,その他サービス（個人向け）,500～1千人未満,16～20名,01：新規,未タグ(温/手入力),有効(中堅上),スタンダード提案,61,61.5%,1.26x,1.45x,1.30x,1.52x,4,経路[未タグ(温/手入力)]1.26x｜業種[その他サービス（個人向け）]1.45x｜規模[500-1000名]1.30x｜新卒採用[16-20名]1.52x｜スタンダード提案｜成約見込61.5%
ロート製薬株式会社,06-6758-1231,,メーカー（素材・食品・医薬品他),1千～2千人未満,16～20名,01：新規,未タグ(温/手入力),有効(上限),スタンダード提案,60,60.5%,1.26x,1.43x,1.30x,1.52x,4,経路[未タグ(温/手入力)]1.26x｜業種[メーカー（素材・食品・医薬品他)]1.43x｜規模[1000-2000名]1.30x｜新卒採用[16-20名]1.52x｜スタンダード提案｜成約見込60.5%
三井物産フォーサイト株式会社,03-6772-7501,jinji_saiyo@mb-f.co.jp,不動産・建設・設備,500～1千人未満,6～10名,89：リサイクル,未タグ(温/手入力),有効(中堅上),スタンダード提案,60,60.1%,1.26x,1.40x,1.30x,1.55x,4,経路[未タグ(温/手入力)]1.26x｜業種[不動産・建設・設備]1.40x｜規模[500-1000名]1.30x｜新卒採用[6-10名]1.55x｜スタンダード提案｜成約見込60.1%
長岡市役所,0258-39-2201,jinji@city.nagaoka.lg.jp,公共インフラ・エネルギー・環境,2千～5千人未満,6～10名,89：リサイクル,未タグ(温/手入力),要注意(大),競合ATS確認,60,60.5%,1.26x,1.58x,1.15x,1.55x,4,経路[未タグ(温/手入力)]1.26x｜業種[公共インフラ・エネルギー・環境]1.58x｜規模[2000-5000名]1.15x｜新卒採用[6-10名]1.55x｜競合ATS確認｜成約見込60.5%
JR九州ホテルズ株式会社,092-413-5900,,レジャー・アミューズメントサービス,100～300人未満,26～30名,89：リサイクル,アウトバウンド架電,主戦場(スイート),ミニマム/ミドル,59,59.0%,1.77x,1.14x,1.12x,1.53x,4,経路[アウトバウンド架電]1.77x｜業種[レジャー・アミューズメントサービス]1.14x｜規模[100-300名]1.12x｜新卒採用[21-30名]1.53x｜ミニマム/ミドル｜成約見込59.0%
東宇和農業協同組合,0894-62-1211,soumubu@ec4.technowave.ne.jp,公共インフラ・エネルギー・環境,100～300人未満,6～10名,89：リサイクル,未タグ(温/手入力),主戦場(スイート),ミニマム/ミドル,59,58.7%,1.26x,1.58x,1.12x,1.55x,4,経路[未タグ(温/手入力)]1.26x｜業種[公共インフラ・エネルギー・環境]1.58x｜規模[100-300名]1.12x｜新卒採用[6-10名]1.55x｜ミニマム/ミドル｜成約見込58.7%
サツマ日置農業協同組合,099-273-3290,,公共インフラ・エネルギー・環境,100～300人未満,11～15名,01：新規,未タグ(温/手入力),主戦場(スイート),ミニマム/ミドル,58,57.7%,1.26x,1.58x,1.12x,1.52x,4,経路[未タグ(温/手入力)]1.26x｜業種[公共インフラ・エネルギー・環境]1.58x｜規模[100-300名]1.12x｜新卒採用[11-15名]1.52x｜ミニマム/ミドル｜成約見込57.7%
株式会社サンユテクノスプラントエンジニアズ,03-3876-9061,,公共インフラ・エネルギー・環境,100～300人未満,11～15名,01：新規,未タグ(温/手入力),主戦場(スイート),ミニマム/ミドル,58,57.7%,1.26x,1.58x,1.12x,1.52x,4,経路[未タグ(温/手入力)]1.26x｜業種[公共インフラ・エネルギー・環境]1.58x｜規模[100-300名]1.12x｜新卒採用[11-15名]1.52x｜ミニマム/ミドル｜成約見込57.7%
ダンロップタイヤ四国株式会社,087-882-2729,,商社,100～300人未満,6～10名,89：リサイクル,未タグ(温/手入力),主戦場(スイート),ミニマム/ミドル,56,56.1%,1.26x,1.51x,1.12x,1.55x,4,経路[未タグ(温/手入力)]1.26x｜業種[商社]1.51x｜規模[100-300名]1.12x｜新卒採用[6-10名]1.55x｜ミニマム/ミドル｜成約見込56.1%
株式会社ANACargo,03-6735-1900,saiyou@anacargo.jp,運輸・交通・物流・倉庫,500～1千人未満,21～25名,01：新規,その他タグ,有効(中堅上),スタンダード提案,56,56.2%,1.22x,1.37x,1.30x,1.53x,4,経路[その他タグ]1.22x｜業種[運輸・交通・物流・倉庫]1.37x｜規模[500-1000名]1.30x｜新卒採用[21-30名]1.53x｜スタンダード提案｜成約見込56.2%
株式会社ADEKA,03-4455-2806,saiyou@adeka.co.jp,メーカー（素材・食品・医薬品他),1千～2千人未満,31～35名,02：担当者未接触,未タグ(温/手入力),有効(上限),スタンダード提案,56,55.9%,1.26x,1.43x,1.30x,1.41x,4,経路[未タグ(温/手入力)]1.26x｜業種[メーカー（素材・食品・医薬品他)]1.43x｜規模[1000-2000名]1.30x｜新卒採用[31-50名]1.41x｜スタンダード提案｜成約見込55.9%
トヨタカローラ長崎株式会社,095-861-9490,saiyou@c-nagasaki.co.jp,商社,100～300人未満,6～10名,89：リサイクル,未タグ(温/手入力),主戦場(スイート),ミニマム/ミドル,56,56.1%,1.26x,1.51x,1.12x,1.55x,4,経路[未タグ(温/手入力)]1.26x｜業種[商社]1.51x｜規模[100-300名]1.12x｜新卒採用[6-10名]1.55x｜ミニマム/ミドル｜成約見込56.1%
東京新宿ベジフル株式会社,03-5925-5600,,商社,100～300人未満,11～15名,01：新規,未タグ(温/手入力),主戦場(スイート),ミニマム/ミドル,55,55.1%,1.26x,1.51x,1.12x,1.52x,4,経路[未タグ(温/手入力)]1.26x｜業種[商社]1.51x｜規模[100-300名]1.12x｜新卒採用[11-15名]1.52x｜ミニマム/ミドル｜成約見込55.1%
因幡電機産業株式会社,06-4391-1805,jinji@inaba.co.jp,商社,1千～2千人未満,51～100名,02：担当者未接触,その他タグ,有効(上限),スタンダード提案,54,53.9%,1.22x,1.51x,1.30x,1.32x,4,経路[その他タグ]1.22x｜業種[商社]1.51x｜規模[1000-2000名]1.30x｜新卒採用[51-100名]1.32x｜スタンダード提案｜成約見込53.9%
株式会社エクシオジャパン,050-8881-1333,jobexeo@exeo-japan.co.jp,その他サービス（個人向け）,100～300人未満,6～10名,89：リサイクル,未タグ(温/手入力),主戦場(スイート),ミニマム/ミドル,54,53.9%,1.26x,1.45x,1.12x,1.55x,4,経路[未タグ(温/手入力)]1.26x｜業種[その他サービス（個人向け）]1.45x｜規模[100-300名]1.12x｜新卒採用[6-10名]1.55x｜ミニマム/ミドル｜成約見込53.9%
小野株式会社,087-851-2741,soumu@dream-ono.co.jp,その他サービス（個人向け）,100～300人未満,6～10名,89：リサイクル,未タグ(温/手入力),主戦場(スイート),ミニマム/ミドル,54,53.9%,1.26x,1.45x,1.12x,1.55x,4,経路[未タグ(温/手入力)]1.26x｜業種[その他サービス（個人向け）]1.45x｜規模[100-300名]1.12x｜新卒採用[6-10名]1.55x｜ミニマム/ミドル｜成約見込53.9%
ANA大阪空港株式会社,06-6855-1116,saiyou@osaap-g.com,運輸・交通・物流・倉庫,500～1千人未満,36～40名,89：リサイクル,未タグ(温/手入力),有効(中堅上),スタンダード提案,53,53.5%,1.26x,1.37x,1.30x,1.41x,4,経路[未タグ(温/手入力)]1.26x｜業種[運輸・交通・物流・倉庫]1.37x｜規模[500-1000名]1.30x｜新卒採用[31-50名]1.41x｜スタンダード提案｜成約見込53.5%
株式会社サガシキ,0952-30-8510,recruit@sagasiki.co.jp,メーカー（素材・食品・医薬品他),100～300人未満,6～10名,89：リサイクル,未タグ(温/手入力),主戦場(スイート),ミニマム/ミドル,53,52.9%,1.26x,1.43x,1.12x,1.55x,4,経路[未タグ(温/手入力)]1.26x｜業種[メーカー（素材・食品・医薬品他)]1.43x｜規模[100-300名]1.12x｜新卒採用[6-10名]1.55x｜ミニマム/ミドル｜成約見込52.9%
山梨トヨペット株式会社,055-235-0102,takanaru_koike@p-ymn.co.jp,その他サービス（個人向け）,100～300人未満,11～15名,89：リサイクル,未タグ(温/手入力),主戦場(スイート),ミニマム/ミドル,53,53.0%,1.26x,1.45x,1.12x,1.52x,4,経路[未タグ(温/手入力)]1.26x｜業種[その他サービス（個人向け）]1.45x｜規模[100-300名]1.12x｜新卒採用[11-15名]1.52x｜ミニマム/ミドル｜成約見込53.0%
株式会社STNet,087-887-2400,erika.mitsufuji@stnet.co.jp,通信・インフラ,500～1千人未満,21～25名,89：リサイクル,アウトバウンド架電,有効(中堅上),スタンダード提案,52,51.9%,1.77x,0.87x,1.30x,1.53x,4,経路[アウトバウンド架電]1.77x｜業種[通信・インフラ]0.87x｜規模[500-1000名]1.30x｜新卒採用[21-30名]1.53x｜スタンダード提案｜成約見込51.9%
株式会社トヨタレンタリース鹿児島,099-268-0100,honda@trl-kgsm.co.jp,カーリース,100～300人未満,6～10名,89：リサイクル,アウトバウンド架電,主戦場(スイート),ミニマム/ミドル,52,52.2%,1.77x,1.00x,1.12x,1.55x,3,経路[アウトバウンド架電]1.77x｜業種[カーリース]1.00x｜規模[100-300名]1.12x｜新卒採用[6-10名]1.55x｜ミニマム/ミドル｜成約見込52.2%
株式会社住軽日軽エンジニアリング,03-5628-8510,jinji@sne.co.jp,不動産・建設・設備,100～300人未満,11～15名,01：新規,未タグ(温/手入力),主戦場(スイート),ミニマム/ミドル,51,51.0%,1.26x,1.40x,1.12x,1.52x,4,経路[未タグ(温/手入力)]1.26x｜業種[不動産・建設・設備]1.40x｜規模[100-300名]1.12x｜新卒採用[11-15名]1.52x｜ミニマム/ミドル｜成約見込51.0%
株式会社大進建設,017-781-3000,saiyo@daishink.co.jp,不動産・建設・設備,100～300人未満,26～30名,02：担当者未接触,未タグ(温/手入力),主戦場(スイート),ミニマム/ミドル,51,51.2%,1.26x,1.40x,1.12x,1.53x,4,経路[未タグ(温/手入力)]1.26x｜業種[不動産・建設・設備]1.40x｜規模[100-300名]1.12x｜新卒採用[21-30名]1.53x｜ミニマム/ミドル｜成約見込51.2%
植松商事株式会社,0985-22-5100,,商社,100～300人未満,36～40名,04：ジャッジ,未タグ(温/手入力),主戦場(スイート),ミニマム/ミドル,51,51.0%,1.26x,1.51x,1.12x,1.41x,4,経路[未タグ(温/手入力)]1.26x｜業種[商社]1.51x｜規模[100-300名]1.12x｜新卒採用[31-50名]1.41x｜ミニマム/ミドル｜成約見込51.0%
ALLAGI株式会社,0725-44-0035,,不動産・建設・設備,100～300人未満,31～35名,01：新規,未タグ(温/手入力),主戦場(スイート),ミニマム/ミドル,47,47.2%,1.26x,1.40x,1.12x,1.41x,4,経路[未タグ(温/手入力)]1.26x｜業種[不動産・建設・設備]1.40x｜規模[100-300名]1.12x｜新卒採用[31-50名]1.41x｜ミニマム/ミドル｜成約見込47.2%
株式会社スイート・ピア,03-5728-3156,sweetpia@gakunavi.net,その他サービス（個人向け）,100～300人未満,36～40名,89：リサイクル,その他タグ,主戦場(スイート),ミニマム/ミドル,47,47.4%,1.22x,1.45x,1.12x,1.41x,4,経路[その他タグ]1.22x｜業種[その他サービス（個人向け）]1.45x｜規模[100-300名]1.12x｜新卒採用[31-50名]1.41x｜ミニマム/ミドル｜成約見込47.4%
日本特殊陶業株式会社,052-218-6312,ml.saiyo.jp@niterragroup.com,メーカー （機械・電気・電子）,5千～1万人未満,46～50名,03：コネクト情報獲得,未タグ(温/手入力),要注意(大),競合ATS確認,47,46.8%,1.26x,1.75x,0.89x,1.41x,4,経路[未タグ(温/手入力)]1.26x｜業種[メーカー （機械・電気・電子）]1.75x｜規模[5000-1万名]0.89x｜新卒採用[31-50名]1.41x｜競合ATS確認｜成約見込46.8%
静岡日産自動車株式会社,054-261-2311,saiyou_madoguchi@shizuoka-nissan.co.jp,自動車整備,300～500人未満,6～10名,89：リサイクル,未タグ(温/手入力),主戦場(スイート),ミニマム/ミドル,47,46.6%,1.26x,1.00x,1.41x,1.55x,3,経路[未タグ(温/手入力)]1.26x｜業種[自動車整備]1.00x｜規模[300-500名]1.41x｜新卒採用[6-10名]1.55x｜ミニマム/ミドル｜成約見込46.6%
パーソルテクノロジースタッフ株式会社,03-5334-5604,ptcs-saiyou@hito-link.jp,その他サービス（法人向け）,1千～2千人未満,16～20名,89：リサイクル,未タグ(温/手入力),有効(上限),スタンダード提案,46,46.4%,1.26x,1.09x,1.30x,1.52x,4,経路[未タグ(温/手入力)]1.26x｜業種[その他サービス（法人向け）]1.09x｜規模[1000-2000名]1.30x｜新卒採用[16-20名]1.52x｜スタンダード提案｜成約見込46.4%
株式会社ナダ万,03-5724-3363,,外食・フードサービス,500～1千人未満,51～100名,89：リサイクル,未タグ(温/手入力),有効(中堅上),スタンダード提案,46,45.5%,1.26x,1.24x,1.30x,1.32x,4,経路[未タグ(温/手入力)]1.26x｜業種[外食・フードサービス]1.24x｜規模[500-1000名]1.30x｜新卒採用[51-100名]1.32x｜スタンダード提案｜成約見込45.5%
株式会社ステップ本部,06-7711-5151,human@step-japan.jp,専門店（スポーツ用品）,300～500人未満,26～30名,01：新規,未タグ(温/手入力),主戦場(スイート),ミニマム/ミドル,46,46.0%,1.26x,1.00x,1.41x,1.53x,3,経路[未タグ(温/手入力)]1.26x｜業種[専門店（スポーツ用品）]1.00x｜規模[300-500名]1.41x｜新卒採用[21-30名]1.53x｜ミニマム/ミドル｜成約見込46.0%
池上長寿園本部事務局,03-5700-6171,recruit@ikegami.or.jp,デイケア,300～500人未満,11～15名,01：新規,未タグ(温/手入力),主戦場(スイート),ミニマム/ミドル,46,45.8%,1.26x,1.00x,1.41x,1.52x,3,経路[未タグ(温/手入力)]1.26x｜業種[デイケア]1.00x｜規模[300-500名]1.41x｜新卒採用[11-15名]1.52x｜ミニマム/ミドル｜成約見込45.8%
株式会社電通テック,03-6257-8000,ss.saiyo@dentsu-pmp.co.jp,マスコミ・広告・デザイン,500～1千人未満,21～25名,01：新規,未タグ(温/手入力),有効(中堅上),スタンダード提案,43,42.6%,1.26x,1.00x,1.30x,1.53x,4,経路[未タグ(温/手入力)]1.26x｜業種[マスコミ・広告・デザイン]1.00x｜規模[500-1000名]1.30x｜新卒採用[21-30名]1.53x｜スタンダード提案｜成約見込42.6%
花巻温泉株式会社,0198-37-2242,soumu@hanamakionsen.co.jp,レジャー・アミューズメントサービス,100～300人未満,11～15名,89：リサイクル,未タグ(温/手入力),主戦場(スイート),ミニマム/ミドル,42,41.7%,1.26x,1.14x,1.12x,1.52x,4,経路[未タグ(温/手入力)]1.26x｜業種[レジャー・アミューズメントサービス]1.14x｜規模[100-300名]1.12x｜新卒採用[11-15名]1.52x｜ミニマム/ミドル｜成約見込41.7%
学校法人産業医科大学,093-603-1611,saiyoujinji@pub.uoeh-u.ac.jp,その他,2千～5千人未満,6～10名,89：リサイクル,未タグ(温/手入力),要注意(大),競合ATS確認,42,41.5%,1.26x,1.09x,1.15x,1.55x,4,経路[未タグ(温/手入力)]1.26x｜業種[その他]1.09x｜規模[2000-5000名]1.15x｜新卒採用[6-10名]1.55x｜競合ATS確認｜成約見込41.5%
株式会社ハッケン,084-973-8015,,レジャー・アミューズメントサービス,100～300人未満,6～10名,89：リサイクル,未タグ(温/手入力),主戦場(スイート),ミニマム/ミドル,42,42.4%,1.26x,1.14x,1.12x,1.55x,4,経路[未タグ(温/手入力)]1.26x｜業種[レジャー・アミューズメントサービス]1.14x｜規模[100-300名]1.12x｜新卒採用[6-10名]1.55x｜ミニマム/ミドル｜成約見込42.4%
株式会社荘内銀行,022-226-7207,saiyo@fidea.co.jp,地方銀行,500～1千人未満,11～15名,89：リサイクル,未タグ(温/手入力),有効(中堅上),スタンダード提案,42,42.3%,1.26x,1.00x,1.30x,1.52x,3,経路[未タグ(温/手入力)]1.26x｜業種[地方銀行]1.00x｜規模[500-1000名]1.30x｜新卒採用[11-15名]1.52x｜スタンダード提案｜成約見込42.3%
株式会社日本チャンキー,086-803-3660,y-nishimura@mail.chunky.co.jp,その他サービス（法人向け）,100～300人未満,6～10名,02：担当者未接触,未タグ(温/手入力),主戦場(スイート),ミニマム/ミドル,41,40.6%,1.26x,1.09x,1.12x,1.55x,4,経路[未タグ(温/手入力)]1.26x｜業種[その他サービス（法人向け）]1.09x｜規模[100-300名]1.12x｜新卒採用[6-10名]1.55x｜ミニマム/ミドル｜成約見込40.6%
国立大学法人 九州大学,092-802-2234,jkkkeikaku@jimu.kyushu-u.ac.jp,その他,2千～5千人未満,11～15名,03：コネクト情報獲得,未タグ(温/手入力),要注意(大),競合ATS確認,41,40.8%,1.26x,1.09x,1.15x,1.52x,4,経路[未タグ(温/手入力)]1.26x｜業種[その他]1.09x｜規模[2000-5000名]1.15x｜新卒採用[11-15名]1.52x｜競合ATS確認｜成約見込40.8%
株式会社日能研九州,092-526-8000,,その他,100～300人未満,6～10名,89：リサイクル,未タグ(温/手入力),主戦場(スイート),ミニマム/ミドル,40,40.3%,1.26x,1.09x,1.12x,1.55x,4,経路[未タグ(温/手入力)]1.26x｜業種[その他]1.09x｜規模[100-300名]1.12x｜新卒採用[6-10名]1.55x｜ミニマム/ミドル｜成約見込40.3%
社会福祉法人コバト会,06-6318-2004,kobatohoiku@kobatokai.jp,その他,100～300人未満,6～10名,01：新規,未タグ(温/手入力),主戦場(スイート),ミニマム/ミドル,40,40.3%,1.26x,1.09x,1.12x,1.55x,4,経路[未タグ(温/手入力)]1.26x｜業種[その他]1.09x｜規模[100-300名]1.12x｜新卒採用[6-10名]1.55x｜ミニマム/ミドル｜成約見込40.3%
株式会社アトラス二十一,080-4379-3487,jinji@at21.jp,マスコミ・広告・デザイン,1千～2千人未満,46～50名,89：リサイクル,未タグ(温/手入力),有効(上限),スタンダード提案,39,39.3%,1.26x,1.00x,1.30x,1.41x,4,経路[未タグ(温/手入力)]1.26x｜業種[マスコミ・広告・デザイン]1.00x｜規模[1000-2000名]1.30x｜新卒採用[31-50名]1.41x｜スタンダード提案｜成約見込39.3%
株式会社ミツカンロジテック,0569-21-3331,saiyo@mizkan.co.jp,食料品卸売り,500～1千人未満,46～50名,89：リサイクル,未タグ(温/手入力),有効(中堅上),スタンダード提案,39,39.1%,1.26x,1.00x,1.30x,1.41x,3,経路[未タグ(温/手入力)]1.26x｜業種[食料品卸売り]1.00x｜規模[500-1000名]1.30x｜新卒採用[31-50名]1.41x｜スタンダード提案｜成約見込39.1%
株式会社ジャパンフレッシュ,045-224-7420,,メーカー（素材・食品・医薬品他),100～300人未満,101～200名,89：リサイクル,未タグ(温/手入力),主戦場(スイート),ミニマム/ミドル,38,37.5%,1.26x,1.43x,1.12x,1.10x,4,経路[未タグ(温/手入力)]1.26x｜業種[メーカー（素材・食品・医薬品他)]1.43x｜規模[100-300名]1.12x｜新卒採用[101名+]1.10x｜ミニマム/ミドル｜成約見込37.5%
三協立山株式会社,0766-20-2111,,商社,5千～1万人未満,51～100名,03：コネクト情報獲得,未タグ(温/手入力),要注意(大),競合ATS確認,38,38.0%,1.26x,1.51x,0.89x,1.32x,4,経路[未タグ(温/手入力)]1.26x｜業種[商社]1.51x｜規模[5000-1万名]0.89x｜新卒採用[51-100名]1.32x｜競合ATS確認｜成約見込38.0%
ジャパンエレベーターパーツ株式会社,03-6262-1635,saiyou@jes24.co.jp,不動産・建設・設備,100～300人未満,101～200名,02：担当者未接触,未タグ(温/手入力),主戦場(スイート),ミニマム/ミドル,37,36.8%,1.26x,1.40x,1.12x,1.10x,4,経路[未タグ(温/手入力)]1.26x｜業種[不動産・建設・設備]1.40x｜規模[100-300名]1.12x｜新卒採用[101名+]1.10x｜ミニマム/ミドル｜成約見込36.8%
株式会社ファーストスクエア,06-6243-1155,saiyou@f-square.co.jp,通信・インフラ,500～1千人未満,11～15名,89：リサイクル,未タグ(温/手入力),有効(中堅上),スタンダード提案,37,36.7%,1.26x,0.87x,1.30x,1.52x,4,経路[未タグ(温/手入力)]1.26x｜業種[通信・インフラ]0.87x｜規模[500-1000名]1.30x｜新卒採用[11-15名]1.52x｜スタンダード提案｜成約見込36.7%
株式会社ザナックス,06-6568-1110,,商社（スポーツ用品）,100～300人未満,6～10名,89：リサイクル,未タグ(温/手入力),主戦場(スイート),ミニマム/ミドル,37,37.1%,1.26x,1.00x,1.12x,1.55x,3,経路[未タグ(温/手入力)]1.26x｜業種[商社（スポーツ用品）]1.00x｜規模[100-300名]1.12x｜新卒採用[6-10名]1.55x｜ミニマム/ミドル｜成約見込37.1%
岩井コスモ証券株式会社,0120-06-2958,,証券業,500～1千人未満,51～100名,04：ジャッジ,未タグ(温/手入力),有効(中堅上),スタンダード提案,37,36.7%,1.26x,1.00x,1.30x,1.32x,3,経路[未タグ(温/手入力)]1.26x｜業種[証券業]1.00x｜規模[500-1000名]1.30x｜新卒採用[51-100名]1.32x｜スタンダード提案｜成約見込36.7%
EYアドバイザリー・アンド・コンサルティング株式会社,03-3503-3500,,コンサルティング,500～1千人未満,101～200名,89：リサイクル,未タグ(温/手入力),有効(中堅上),スタンダード提案,33,32.9%,1.26x,1.08x,1.30x,1.10x,4,経路[未タグ(温/手入力)]1.26x｜業種[コンサルティング]1.08x｜規模[500-1000名]1.30x｜新卒採用[101名+]1.10x｜スタンダード提案｜成約見込32.9%
株式会社日本経済新聞社,03-6256-7285,saiyo@nex.nikkei.co.jp,マスコミ・広告・デザイン,2千～5千人未満,51～100名,89：リサイクル,未タグ(温/手入力),要注意(大),競合ATS確認,33,32.7%,1.26x,1.00x,1.15x,1.32x,4,経路[未タグ(温/手入力)]1.26x｜業種[マスコミ・広告・デザイン]1.00x｜規模[2000-5000名]1.15x｜新卒採用[51-100名]1.32x｜競合ATS確認｜成約見込32.7%
株式会社光陽社,0248-46-2891,,メーカー（アパレル・繊維）,100～300人未満,11～15名,01：新規,未タグ(温/手入力),主戦場(スイート),ミニマム/ミドル,32,32.3%,1.26x,0.89x,1.12x,1.52x,4,経路[未タグ(温/手入力)]1.26x｜業種[メーカー（アパレル・繊維）]0.89x｜規模[100-300名]1.12x｜新卒採用[11-15名]1.52x｜ミニマム/ミドル｜成約見込32.3%
西日本建設業保証株式会社,06-6543-2935,sakai@wincs.co.jp,金融・保険,100～300人未満,6～10名,89：リサイクル,お断り再利用,主戦場(スイート),ミニマム/ミドル,31,30.8%,0.50x,2.07x,1.12x,1.55x,4,経路[お断り再利用]0.50x｜業種[金融・保険]2.07x｜規模[100-300名]1.12x｜新卒採用[6-10名]1.55x｜ミニマム/ミドル｜成約見込30.8%
両備信用組合,0847-45-2228,,金融・保険,100～300人未満,6～10名,89：リサイクル,お断り再利用,主戦場(スイート),ミニマム/ミドル,31,30.8%,0.50x,2.07x,1.12x,1.55x,4,経路[お断り再利用]0.50x｜業種[金融・保険]2.07x｜規模[100-300名]1.12x｜新卒採用[6-10名]1.55x｜ミニマム/ミドル｜成約見込30.8%
花王,03-3660-7111,,メーカー（素材・食品・医薬品他),5千～1万人未満,101～200名,89：リサイクル,未タグ(温/手入力),要注意(大),競合ATS確認,30,29.8%,1.26x,1.43x,0.89x,1.10x,4,経路[未タグ(温/手入力)]1.26x｜業種[メーカー（素材・食品・医薬品他)]1.43x｜規模[5000-1万名]0.89x｜新卒採用[101名+]1.10x｜競合ATS確認｜成約見込29.8%
株式会社タムラ製作所,050-3664-0571,recruit@tamura-ss.co.jp,メーカー （機械・電気・電子）,500～1千人未満,11～15名,89：リサイクル,お断り再利用,有効(中堅上),スタンダード提案,30,29.5%,0.50x,1.75x,1.30x,1.52x,4,経路[お断り再利用]0.50x｜業種[メーカー （機械・電気・電子）]1.75x｜規模[500-1000名]1.30x｜新卒採用[11-15名]1.52x｜スタンダード提案｜成約見込29.5%
三菱化工機株式会社,044-333-5362,,メーカー （機械・電気・電子）,500～1千人未満,21～25名,01：新規,お断り再利用,有効(中堅上),スタンダード提案,30,29.7%,0.50x,1.75x,1.30x,1.53x,4,経路[お断り再利用]0.50x｜業種[メーカー （機械・電気・電子）]1.75x｜規模[500-1000名]1.30x｜新卒採用[21-30名]1.53x｜スタンダード提案｜成約見込29.7%
備後信用組合,084-922-6556,,金融・保険,100～300人未満,11～15名,89：リサイクル,お断り再利用,主戦場(スイート),ミニマム/ミドル,30,30.2%,0.50x,2.07x,1.12x,1.52x,4,経路[お断り再利用]0.50x｜業種[金融・保険]2.07x｜規模[100-300名]1.12x｜新卒採用[11-15名]1.52x｜ミニマム/ミドル｜成約見込30.2%
カッパ・クリエイト株式会社,045-224-7403,group-saiyou@colowide.co.jp,レストラン全般,500～1千人未満,201～300名,02：担当者未接触,その他タグ,有効(中堅上),スタンダード提案,30,29.5%,1.22x,1.00x,1.30x,1.10x,3,経路[その他タグ]1.22x｜業種[レストラン全般]1.00x｜規模[500-1000名]1.30x｜新卒採用[101名+]1.10x｜スタンダード提案｜成約見込29.5%
ナガサキ西海農業協同組合,0956-64-3141,jinji@ja-nagasakisaikai.or.jp,公共インフラ・エネルギー・環境,300～500人未満,11～15名,89：リサイクル,お断り再利用,主戦場(スイート),ミニマム/ミドル,29,29.0%,0.50x,1.58x,1.41x,1.52x,4,経路[お断り再利用]0.50x｜業種[公共インフラ・エネルギー・環境]1.58x｜規模[300-500名]1.41x｜新卒採用[11-15名]1.52x｜ミニマム/ミドル｜成約見込29.0%
イブスキ農業協同組合,0993-35-3411,ibu.100-130@ku-ja.or.jp,公共インフラ・エネルギー・環境,300～500人未満,11～15名,89：リサイクル,お断り再利用,主戦場(スイート),ミニマム/ミドル,29,29.0%,0.50x,1.58x,1.41x,1.52x,4,経路[お断り再利用]0.50x｜業種[公共インフラ・エネルギー・環境]1.58x｜規模[300-500名]1.41x｜新卒採用[11-15名]1.52x｜ミニマム/ミドル｜成約見込29.0%
熊本宇城農業協同組合,0964-34-3311,,公共インフラ・エネルギー・環境,300～500人未満,11～15名,89：リサイクル,お断り再利用,主戦場(スイート),ミニマム/ミドル,29,29.0%,0.50x,1.58x,1.41x,1.52x,4,経路[お断り再利用]0.50x｜業種[公共インフラ・エネルギー・環境]1.58x｜規模[300-500名]1.41x｜新卒採用[11-15名]1.52x｜ミニマム/ミドル｜成約見込29.0%
株式会社ホンダ四輪販売関西,06-6360-6954,saiyo.cos03@honda-auto.ne.jp,商社,1千～2千人未満,26～30名,89：リサイクル,お断り再利用,有効(上限),スタンダード提案,26,25.8%,0.50x,1.51x,1.30x,1.53x,4,経路[お断り再利用]0.50x｜業種[商社]1.51x｜規模[1000-2000名]1.30x｜新卒採用[21-30名]1.53x｜スタンダード提案｜成約見込25.8%
象印チェンブロック株式会社,072-365-1831,soumu@elephant.co.jp,メーカー （機械・電気・電子）,100～300人未満,6～10名,89：リサイクル,お断り再利用,主戦場(スイート),ミニマム/ミドル,26,25.9%,0.50x,1.75x,1.12x,1.55x,4,経路[お断り再利用]0.50x｜業種[メーカー （機械・電気・電子）]1.75x｜規模[100-300名]1.12x｜新卒採用[6-10名]1.55x｜ミニマム/ミドル｜成約見込25.9%
東海マツダ販売株式会社,052-872-8131,,商社,1千～2千人未満,16～20名,89：リサイクル,お断り再利用,有効(上限),スタンダード提案,26,25.7%,0.50x,1.51x,1.30x,1.52x,4,経路[お断り再利用]0.50x｜業種[商社]1.51x｜規模[1000-2000名]1.30x｜新卒採用[16-20名]1.52x｜スタンダード提案｜成約見込25.7%
兵庫ダイハツ販売株式会社,078-882-5121→①,,商社,500～1千人未満,6～10名,89：リサイクル,お断り再利用,有効(中堅上),スタンダード提案,26,26.0%,0.50x,1.51x,1.30x,1.55x,4,経路[お断り再利用]0.50x｜業種[商社]1.51x｜規模[500-1000名]1.30x｜新卒採用[6-10名]1.55x｜スタンダード提案｜成約見込26.0%
株式会社中四国クボタ,086-208-4111,,商社,500～1千人未満,6～10名,89：リサイクル,お断り再利用,有効(中堅上),スタンダード提案,26,26.0%,0.50x,1.51x,1.30x,1.55x,4,経路[お断り再利用]0.50x｜業種[商社]1.51x｜規模[500-1000名]1.30x｜新卒採用[6-10名]1.55x｜スタンダード提案｜成約見込26.0%
ハイウェイ・トール・システム株式会社,03-6862-4335,shuzo.tanigawa@toll.co.jp,その他サービス（個人向け）,500～1千人未満,26～30名,89：リサイクル,お断り再利用,有効(中堅上),スタンダード提案,25,24.7%,0.50x,1.45x,1.30x,1.53x,4,経路[お断り再利用]0.50x｜業種[その他サービス（個人向け）]1.45x｜規模[500-1000名]1.30x｜新卒採用[21-30名]1.53x｜スタンダード提案｜成約見込24.7%
株式会社ジャヴァコーポレーション,078-302-0071,javacorporation.saiyo@java-corp.jp,商社,1千～2千人未満,46～50名,89：リサイクル,お断り再利用,有効(上限),スタンダード提案,24,23.7%,0.50x,1.51x,1.30x,1.41x,4,経路[お断り再利用]0.50x｜業種[商社]1.51x｜規模[1000-2000名]1.30x｜新卒採用[31-50名]1.41x｜スタンダード提案｜成約見込23.7%
大丸藤井株式会社本社人事部,011-818-2114,info-hr@daimaru-inc.com,その他商社,500～1千人未満,11～15名,01：新規,未タグ(温/手入力),有効(中堅上),スタンダード提案,24,23.7%,1.26x,0.56x,1.30x,1.52x,4,経路[未タグ(温/手入力)]1.26x｜業種[その他商社]0.56x｜規模[500-1000名]1.30x｜新卒採用[11-15名]1.52x｜スタンダード提案｜成約見込23.7%
SUBARU販売会社グループ,03-6447-8000,,商社,1万人～,26～30名,01：新規,未タグ(温/手入力),要注意(大),競合ATS確認,23,23.1%,1.26x,1.51x,0.47x,1.53x,4,経路[未タグ(温/手入力)]1.26x｜業種[商社]1.51x｜規模[1万名超]0.47x｜新卒採用[21-30名]1.53x｜競合ATS確認｜成約見込23.1%
NTTグループ,03-6838-5111,saiyo-ml@ml.ntt.com,通信・インフラ,2千～5千人未満,301名～,89：リサイクル,その他タグ,要注意(大),競合ATS確認,23,22.8%,1.22x,0.87x,1.15x,1.10x,4,経路[その他タグ]1.22x｜業種[通信・インフラ]0.87x｜規模[2000-5000名]1.15x｜新卒採用[101名+]1.10x｜競合ATS確認｜成約見込22.8%
損保ジャパン日本興亜ひまわり生命保険株式会社,03-6742-3111,saiyo-r@himawari-recruit.com,生命保険,2千～5千人未満,46～50名,02：担当者未接触,未タグ(温/手入力),要注意(大),競合ATS確認,23,23.2%,1.26x,0.67x,1.15x,1.41x,4,経路[未タグ(温/手入力)]1.26x｜業種[生命保険]0.67x｜規模[2000-5000名]1.15x｜新卒採用[31-50名]1.41x｜競合ATS確認｜成約見込23.2%
静岡県信用農業協同組合連合会,054-284-9651,,公共インフラ・エネルギー・環境,100～300人未満,6～10名,89：リサイクル,お断り再利用,主戦場(スイート),ミニマム/ミドル,23,23.5%,0.50x,1.58x,1.12x,1.55x,4,経路[お断り再利用]0.50x｜業種[公共インフラ・エネルギー・環境]1.58x｜規模[100-300名]1.12x｜新卒採用[6-10名]1.55x｜ミニマム/ミドル｜成約見込23.5%
兵庫県信用農業協同組合連合会,078-333-5700,,公共インフラ・エネルギー・環境,100～300人未満,11～15名,89：リサイクル,お断り再利用,主戦場(スイート),ミニマム/ミドル,23,23.1%,0.50x,1.58x,1.12x,1.52x,4,経路[お断り再利用]0.50x｜業種[公共インフラ・エネルギー・環境]1.58x｜規模[100-300名]1.12x｜新卒採用[11-15名]1.52x｜ミニマム/ミドル｜成約見込23.1%
茨城スバル自動車株式会社,029-241-1341,saiyou@ibaraki-subaru.co.jp,その他サービス（個人向け）,100～300人未満,6～10名,01：新規,お断り再利用,主戦場(スイート),ミニマム/ミドル,22,21.6%,0.50x,1.45x,1.12x,1.55x,4,経路[お断り再利用]0.50x｜業種[その他サービス（個人向け）]1.45x｜規模[100-300名]1.12x｜新卒採用[6-10名]1.55x｜ミニマム/ミドル｜成約見込21.6%
株式会社神奈川銀行,045-261-2641,,銀行（地銀）,300～500人未満,16～20名,01：新規,コールド媒体一括,主戦場(スイート),ミニマム/ミドル,22,21.9%,0.42x,1.43x,1.41x,1.52x,4,経路[コールド媒体一括]0.42x｜業種[銀行（地銀）]1.43x｜規模[300-500名]1.41x｜新卒採用[16-20名]1.52x｜ミニマム/ミドル｜成約見込21.9%
新生電機株式会社,086-263-1115,,商社,100～300人未満,6～10名,89：リサイクル,お断り再利用,主戦場(スイート),ミニマム/ミドル,22,22.4%,0.50x,1.51x,1.12x,1.55x,4,経路[お断り再利用]0.50x｜業種[商社]1.51x｜規模[100-300名]1.12x｜新卒採用[6-10名]1.55x｜ミニマム/ミドル｜成約見込22.4%
東和アークス株式会社,048-644-3941,,商社,100～300人未満,6～10名,89：リサイクル,お断り再利用,主戦場(スイート),ミニマム/ミドル,22,22.4%,0.50x,1.51x,1.12x,1.55x,4,経路[お断り再利用]0.50x｜業種[商社]1.51x｜規模[100-300名]1.12x｜新卒採用[6-10名]1.55x｜ミニマム/ミドル｜成約見込22.4%
味日本株式会社,082-251-1281,muramoto@ajinihon.co.jp,食品,100～300人未満,6～10名,01：新規,アウトバウンド架電,主戦場(スイート),ミニマム/ミドル,22,22.2%,1.77x,0.43x,1.12x,1.55x,4,経路[アウトバウンド架電]1.77x｜業種[食品]0.43x｜規模[100-300名]1.12x｜新卒採用[6-10名]1.55x｜ミニマム/ミドル｜成約見込22.2%
株式会社プラウド,055-960-9913→⑤,n-ikegaya@proud-szk.jp,商社,100～300人未満,11～15名,89：リサイクル,お断り再利用,主戦場(スイート),ミニマム/ミドル,22,22.1%,0.50x,1.51x,1.12x,1.52x,4,経路[お断り再利用]0.50x｜業種[商社]1.51x｜規模[100-300名]1.12x｜新卒採用[11-15名]1.52x｜ミニマム/ミドル｜成約見込22.1%
株式会社くまさんメディクス大津工場,096-293-0319,,半導体・電子部品・その他,500～1千人未満,11～15名,01：新規,未タグ(温/手入力),有効(中堅上),スタンダード提案,21,21.4%,1.26x,0.51x,1.30x,1.52x,4,経路[未タグ(温/手入力)]1.26x｜業種[半導体・電子部品・その他]0.51x｜規模[500-1000名]1.30x｜新卒採用[11-15名]1.52x｜スタンダード提案｜成約見込21.4%
倉敷市役所,086-426-3141,psnl-psnl@city.kurashiki.okayama.jp,公共インフラ・エネルギー・環境,2千～5千人未満,51～100名,01：新規,お断り再利用,要注意(大),競合ATS確認,21,20.6%,0.50x,1.58x,1.15x,1.32x,4,経路[お断り再利用]0.50x｜業種[公共インフラ・エネルギー・環境]1.58x｜規模[2000-5000名]1.15x｜新卒採用[51-100名]1.32x｜競合ATS確認｜成約見込20.6%
株式会社ウィズソル,082-291-2500,soumu@withsol.co.jp,コンサルティング,300～500人未満,26～30名,03：コネクト情報獲得,お断り再利用,主戦場(スイート),ミニマム/ミドル,20,19.8%,0.50x,1.08x,1.41x,1.53x,4,経路[お断り再利用]0.50x｜業種[コンサルティング]1.08x｜規模[300-500名]1.41x｜新卒採用[21-30名]1.53x｜ミニマム/ミドル｜成約見込19.8%
株式会社スズキ自販鹿児島,099-253-2525,,商社（自動車・輸送機器）,100～300人未満,301名～,89：リサイクル,アウトバウンド架電,主戦場(スイート),ミニマム/ミドル,20,19.8%,1.77x,0.53x,1.12x,1.10x,4,経路[アウトバウンド架電]1.77x｜業種[商社（自動車・輸送機器）]0.53x｜規模[100-300名]1.12x｜新卒採用[101名+]1.10x｜ミニマム/ミドル｜成約見込19.8%
株式会社仙台銀行,022-225-8241,saiyou@mail.sendaibank.co.jp,銀行（地銀）,500～1千人未満,21～25名,01：新規,コールド媒体一括,有効(中堅上),スタンダード提案,20,20.3%,0.42x,1.43x,1.30x,1.53x,4,経路[コールド媒体一括]0.42x｜業種[銀行（地銀）]1.43x｜規模[500-1000名]1.30x｜新卒採用[21-30名]1.53x｜スタンダード提案｜成約見込20.3%
株式会社富山第一銀行,076-424-1211,,銀行（地銀）,500～1千人未満,26～30名,89：リサイクル,コールド媒体一括,有効(中堅上),スタンダード提案,20,20.3%,0.42x,1.43x,1.30x,1.53x,4,経路[コールド媒体一括]0.42x｜業種[銀行（地銀）]1.43x｜規模[500-1000名]1.30x｜新卒採用[21-30名]1.53x｜スタンダード提案｜成約見込20.3%
九州スズキ販売本社,092-411-5575,,商社（自動車・輸送機器）,100～300人未満,6～10名,89：リサイクル,未タグ(温/手入力),主戦場(スイート),ミニマム/ミドル,20,19.8%,1.26x,0.53x,1.12x,1.55x,4,経路[未タグ(温/手入力)]1.26x｜業種[商社（自動車・輸送機器）]0.53x｜規模[100-300名]1.12x｜新卒採用[6-10名]1.55x｜ミニマム/ミドル｜成約見込19.8%
日立空調関東株式会社,03-5999-1126,,不動産・建設・設備,100～300人未満,11～15名,01：新規,お断り再利用,主戦場(スイート),ミニマム/ミドル,20,20.4%,0.50x,1.40x,1.12x,1.52x,4,経路[お断り再利用]0.50x｜業種[不動産・建設・設備]1.40x｜規模[100-300名]1.12x｜新卒採用[11-15名]1.52x｜ミニマム/ミドル｜成約見込20.4%
日本海事検定協会（一般社団法人）本部,03-3552-1241,saiyou@nkkk.or.jp,海運,1千～2千人未満,26～30名,02：担当者未接触,その他タグ,有効(上限),スタンダード提案,19,19.5%,1.22x,0.47x,1.30x,1.53x,4,経路[その他タグ]1.22x｜業種[海運]0.47x｜規模[1000-2000名]1.30x｜新卒採用[21-30名]1.53x｜スタンダード提案｜成約見込19.5%
株式会社コンヴァノ,03-6696-6302,recruit_ng@convano.com,化粧品,300～500人未満,11～15名,01：新規,未タグ(温/手入力),主戦場(スイート),ミニマム/ミドル,19,19.2%,1.26x,0.42x,1.41x,1.52x,4,経路[未タグ(温/手入力)]1.26x｜業種[化粧品]0.42x｜規模[300-500名]1.41x｜新卒採用[11-15名]1.52x｜ミニマム/ミドル｜成約見込19.2%
株式会社大分銀行,097-534-1111,,銀行（地銀）,1千～2千人未満,46～50名,89：リサイクル,コールド媒体一括,有効(上限),スタンダード提案,19,18.8%,0.42x,1.43x,1.30x,1.41x,4,経路[コールド媒体一括]0.42x｜業種[銀行（地銀）]1.43x｜規模[1000-2000名]1.30x｜新卒採用[31-50名]1.41x｜スタンダード提案｜成約見込18.8%
株式会社筑邦銀行,0942-32-5331,,銀行（地銀）,500～1千人未満,36～40名,89：リサイクル,コールド媒体一括,有効(中堅上),スタンダード提案,19,18.7%,0.42x,1.43x,1.30x,1.41x,4,経路[コールド媒体一括]0.42x｜業種[銀行（地銀）]1.43x｜規模[500-1000名]1.30x｜新卒採用[31-50名]1.41x｜スタンダード提案｜成約見込18.7%
社会福祉法人あざみ会,03-6433-1477,115-kawanishi@azamikai.or.jp,福祉・介護,100～300人未満,11～15名,89：リサイクル,未タグ(温/手入力),主戦場(スイート),ミニマム/ミドル,19,19.0%,1.26x,0.52x,1.12x,1.52x,4,経路[未タグ(温/手入力)]1.26x｜業種[福祉・介護]0.52x｜規模[100-300名]1.12x｜新卒採用[11-15名]1.52x｜ミニマム/ミドル｜成約見込19.0%
日本電産テクノモータ株式会社総務部,0770-60-2111,new-recruit@nidec-tecnom.co.jp,半導体・電子部品・その他,2千～5千人未満,21～25名,01：新規,未タグ(温/手入力),要注意(大),競合ATS確認,19,19.1%,1.26x,0.51x,1.15x,1.53x,4,経路[未タグ(温/手入力)]1.26x｜業種[半導体・電子部品・その他]0.51x｜規模[2000-5000名]1.15x｜新卒採用[21-30名]1.53x｜競合ATS確認｜成約見込19.1%
株式会社エムアンドケイ,076-240-6060→③→③,,外食・フードサービス,100～300人未満,16～20名,89：リサイクル,お断り再利用,主戦場(スイート),ミニマム/ミドル,18,18.1%,0.50x,1.24x,1.12x,1.52x,4,経路[お断り再利用]0.50x｜業種[外食・フードサービス]1.24x｜規模[100-300名]1.12x｜新卒採用[16-20名]1.52x｜ミニマム/ミドル｜成約見込18.1%
株式会社サッポロドラッグストアー,011-788-5166,,ドラッグストア,500～1千人未満,51～100名,89：リサイクル,コールド媒体一括,有効(中堅上),スタンダード提案,18,17.7%,0.42x,1.44x,1.30x,1.32x,4,経路[コールド媒体一括]0.42x｜業種[ドラッグストア]1.44x｜規模[500-1000名]1.30x｜新卒採用[51-100名]1.32x｜スタンダード提案｜成約見込17.7%
株式会社熊本銀行,096-385-1111,jinji@kumamotobank.co.jp,銀行（地銀）,500～1千人未満,51～100名,02：担当者未接触,コールド媒体一括,有効(中堅上),スタンダード提案,18,17.6%,0.42x,1.43x,1.30x,1.32x,4,経路[コールド媒体一括]0.42x｜業種[銀行（地銀）]1.43x｜規模[500-1000名]1.30x｜新卒採用[51-100名]1.32x｜スタンダード提案｜成約見込17.6%
社会福祉法人敬愛学園,042-663-4017,keiai-sayou@keiaigakuen.com,その他,300～500人未満,31～35名,89：リサイクル,お断り再利用,主戦場(スイート),ミニマム/ミドル,18,18.4%,0.50x,1.09x,1.41x,1.41x,4,経路[お断り再利用]0.50x｜業種[その他]1.09x｜規模[300-500名]1.41x｜新卒採用[31-50名]1.41x｜ミニマム/ミドル｜成約見込18.4%
株式会社ヤマウ人事部,092-718-2260,,建設,100～300人未満,6～10名,89：リサイクル,未タグ(温/手入力),主戦場(スイート),ミニマム/ミドル,17,16.9%,1.26x,0.45x,1.12x,1.55x,4,経路[未タグ(温/手入力)]1.26x｜業種[建設]0.45x｜規模[100-300名]1.12x｜新卒採用[6-10名]1.55x｜ミニマム/ミドル｜成約見込16.9%
ザ・ホテリエ・グループ万座株式会社,098-966-1270,,レジャー・アミューズメントサービス,100～300人未満,11～15名,01：新規,お断り再利用,主戦場(スイート),ミニマム/ミドル,17,16.7%,0.50x,1.14x,1.12x,1.52x,4,経路[お断り再利用]0.50x｜業種[レジャー・アミューズメントサービス]1.14x｜規模[100-300名]1.12x｜新卒採用[11-15名]1.52x｜ミニマム/ミドル｜成約見込16.7%
株式会社城島高原オペレーションズ,0977-22-1166,jinji@kijimakogen.jp,レジャー・アミューズメントサービス,100～300人未満,6～10名,89：リサイクル,お断り再利用,主戦場(スイート),ミニマム/ミドル,17,17.0%,0.50x,1.14x,1.12x,1.55x,4,経路[お断り再利用]0.50x｜業種[レジャー・アミューズメントサービス]1.14x｜規模[100-300名]1.12x｜新卒採用[6-10名]1.55x｜ミニマム/ミドル｜成約見込17.0%
亀田製菓株式会社,025-382-2111,recruit@kameda.co.jp,食品,1千～2千人未満,16～20名,01：新規,その他タグ,有効(上限),スタンダード提案,17,17.5%,1.22x,0.43x,1.30x,1.52x,4,経路[その他タグ]1.22x｜業種[食品]0.43x｜規模[1000-2000名]1.30x｜新卒採用[16-20名]1.52x｜スタンダード提案｜成約見込17.5%
平和観光株式会社,078-321-7227,,アミューズメント,300～500人未満,26～30名,89：リサイクル,コールド媒体一括,主戦場(スイート),ミニマム/ミドル,17,17.0%,0.42x,1.11x,1.41x,1.53x,4,経路[コールド媒体一括]0.42x｜業種[アミューズメント]1.11x｜規模[300-500名]1.41x｜新卒採用[21-30名]1.53x｜ミニマム/ミドル｜成約見込17.0%
オーデリック株式会社,03-3332-1111,saiyo@odelic.co.jp,電気機械器具生産,300～500人未満,6～10名,89：リサイクル,コールド媒体一括,主戦場(スイート),ミニマム/ミドル,16,15.6%,0.42x,1.00x,1.41x,1.55x,3,経路[コールド媒体一括]0.42x｜業種[電気機械器具生産]1.00x｜規模[300-500名]1.41x｜新卒採用[6-10名]1.55x｜ミニマム/ミドル｜成約見込15.6%
キョーワ株式会社,06-6244-7200,soumu@kyowa-inc.co.jp,その他メーカー,500～1千人未満,16～20名,01：新規,その他タグ,有効(中堅上),スタンダード提案,15,15.0%,1.22x,0.37x,1.30x,1.52x,4,経路[その他タグ]1.22x｜業種[その他メーカー]0.37x｜規模[500-1000名]1.30x｜新卒採用[16-20名]1.52x｜スタンダード提案｜成約見込15.0%
ホテルオークラ東京ベイ,047-355-3333,recruit@okuratokyobay.net,観光ホテル,300～500人未満,26～30名,01：新規,コールド媒体一括,主戦場(スイート),ミニマム/ミドル,15,15.4%,0.42x,1.00x,1.41x,1.53x,3,経路[コールド媒体一括]0.42x｜業種[観光ホテル]1.00x｜規模[300-500名]1.41x｜新卒採用[21-30名]1.53x｜ミニマム/ミドル｜成約見込15.4%
株式会社ワイ・デー・ケー,0198-62-6711,ydk_recruit@ydkinc.co.jp,通信用機械器具,300～500人未満,26～30名,02：担当者未接触,コールド媒体一括,主戦場(スイート),ミニマム/ミドル,15,15.4%,0.42x,1.00x,1.41x,1.53x,3,経路[コールド媒体一括]0.42x｜業種[通信用機械器具]1.00x｜規模[300-500名]1.41x｜新卒採用[21-30名]1.53x｜ミニマム/ミドル｜成約見込15.4%
野村信託銀行株式会社,03-5202-1600,jinkai2@nomura-trust.co.jp,信託銀行・投資銀行・投資信託委託,300～500人未満,16～20名,01：新規,コールド媒体一括,主戦場(スイート),ミニマム/ミドル,15,15.3%,0.42x,1.00x,1.41x,1.52x,3,経路[コールド媒体一括]0.42x｜業種[信託銀行・投資銀行・投資信託委託]1.00x｜規模[300-500名]1.41x｜新卒採用[16-20名]1.52x｜ミニマム/ミドル｜成約見込15.3%
湧永製薬株式会社,06-6350-3555,recruit@wakunaga.co.jp,医薬品生産,300～500人未満,21～25名,01：新規,コールド媒体一括,主戦場(スイート),ミニマム/ミドル,15,15.4%,0.42x,1.00x,1.41x,1.53x,3,経路[コールド媒体一括]0.42x｜業種[医薬品生産]1.00x｜規模[300-500名]1.41x｜新卒採用[21-30名]1.53x｜ミニマム/ミドル｜成約見込15.4%
旭興産グループ,03-3354-4851,recruit@asahi-kohsan-group.com,プラント・エンジニアリング,100～300人未満,46～50名,02：担当者未接触,その他タグ,主戦場(スイート),ミニマム/ミドル,14,14.0%,1.22x,0.43x,1.12x,1.41x,4,経路[その他タグ]1.22x｜業種[プラント・エンジニアリング]0.43x｜規模[100-300名]1.12x｜新卒採用[31-50名]1.41x｜ミニマム/ミドル｜成約見込14.0%
プリマハム株式会社,03-6386-1800,saiyo@primaham.co.jp,畜産食料品生産,1千～2千人未満,21～25名,01：新規,コールド媒体一括,有効(上限),スタンダード提案,14,14.2%,0.42x,1.00x,1.30x,1.53x,3,経路[コールド媒体一括]0.42x｜業種[畜産食料品生産]1.00x｜規模[1000-2000名]1.30x｜新卒採用[21-30名]1.53x｜スタンダード提案｜成約見込14.2%
杏林製薬株式会社,03-6374-9700,s.kyorin-saiyo@mynavi.jp,経営コンサルタント,1千～2千人未満,11～15名,01：新規,コールド媒体一括,有効(上限),スタンダード提案,14,14.2%,0.42x,1.00x,1.30x,1.52x,3,経路[コールド媒体一括]0.42x｜業種[経営コンサルタント]1.00x｜規模[1000-2000名]1.30x｜新卒採用[11-15名]1.52x｜スタンダード提案｜成約見込14.2%
株式会社ＩＨＩインフラシステム,072-223-0981,iis-saiyou@ihi-g.com,橋梁(りょう)工事,500～1千人未満,11～15名,01：新規,コールド媒体一括,有効(中堅上),スタンダード提案,14,14.1%,0.42x,1.00x,1.30x,1.52x,3,経路[コールド媒体一括]0.42x｜業種[橋梁(りょう)工事]1.00x｜規模[500-1000名]1.30x｜新卒採用[11-15名]1.52x｜スタンダード提案｜成約見込14.1%
株式会社共成レンテム,011-208-1380,,土木設計,500～1千人未満,11～15名,89：リサイクル,コールド媒体一括,有効(中堅上),スタンダード提案,14,14.1%,0.42x,1.00x,1.30x,1.52x,3,経路[コールド媒体一括]0.42x｜業種[土木設計]1.00x｜規模[500-1000名]1.30x｜新卒採用[11-15名]1.52x｜スタンダード提案｜成約見込14.1%
三菱地所レジデンス株式会社,03-6281-8000,saiyo@mec-r.com,不動産管理(マネジメント),1千～2千人未満,21～25名,01：新規,コールド媒体一括,有効(上限),スタンダード提案,14,14.2%,0.42x,1.00x,1.30x,1.53x,3,経路[コールド媒体一括]0.42x｜業種[不動産管理(マネジメント)]1.00x｜規模[1000-2000名]1.30x｜新卒採用[21-30名]1.53x｜スタンダード提案｜成約見込14.2%
倉敷化工株式会社,086-465-1152,jinji@kuraka.co.jp,ゴム工業,500～1千人未満,6～10名,02：担当者未接触,コールド媒体一括,有効(中堅上),スタンダード提案,14,14.4%,0.42x,1.00x,1.30x,1.55x,3,経路[コールド媒体一括]0.42x｜業種[ゴム工業]1.00x｜規模[500-1000名]1.30x｜新卒採用[6-10名]1.55x｜スタンダード提案｜成約見込14.4%
中央フードサービス株式会社,06-6462-1741,recruit@cfs.co.jp,給食調理サービス,500～1千人未満,11～15名,89：リサイクル,コールド媒体一括,有効(中堅上),スタンダード提案,14,14.1%,0.42x,1.00x,1.30x,1.52x,3,経路[コールド媒体一括]0.42x｜業種[給食調理サービス]1.00x｜規模[500-1000名]1.30x｜新卒採用[11-15名]1.52x｜スタンダード提案｜成約見込14.1%
SGフィルダー株式会社,03-5665-2022,,人材派遣・人材紹介,1千～2千人未満,16～20名,01：新規,コールド媒体一括,有効(上限),スタンダード提案,13,12.6%,0.42x,0.89x,1.30x,1.52x,4,経路[コールド媒体一括]0.42x｜業種[人材派遣・人材紹介]0.89x｜規模[1000-2000名]1.30x｜新卒採用[16-20名]1.52x｜スタンダード提案｜成約見込12.6%
株式会社SBGoodIndustry,096-323-7011,,アミューズメント,100～300人未満,16～20名,02：担当者未接触,コールド媒体一括,主戦場(スイート),ミニマム/ミドル,13,13.5%,0.42x,1.11x,1.12x,1.52x,4,経路[コールド媒体一括]0.42x｜業種[アミューズメント]1.11x｜規模[100-300名]1.12x｜新卒採用[16-20名]1.52x｜ミニマム/ミドル｜成約見込13.5%
静岡銀行,054-347-6685,jinji@jp.shizugin.com,銀行（地銀）,2千～5千人未満,201～300名,03：コネクト情報獲得,コールド媒体一括,要注意(大),競合ATS確認,13,13.0%,0.42x,1.43x,1.15x,1.10x,4,経路[コールド媒体一括]0.42x｜業種[銀行（地銀）]1.43x｜規模[2000-5000名]1.15x｜新卒採用[101名+]1.10x｜競合ATS確認｜成約見込13.0%
株式会社京都銀行,075-361-2211,y.nokihara@kyotobank.co.jp,銀行（地銀）,2千～5千人未満,101～200名,89：リサイクル,コールド媒体一括,要注意(大),競合ATS確認,13,13.0%,0.42x,1.43x,1.15x,1.10x,4,経路[コールド媒体一括]0.42x｜業種[銀行（地銀）]1.43x｜規模[2000-5000名]1.15x｜新卒採用[101名+]1.10x｜競合ATS確認｜成約見込13.0%
ＴＳネットワーク株式会社,03-3861-7431,,タバコ店,2千～5千人未満,16～20名,01：新規,コールド媒体一括,要注意(大),競合ATS確認,13,12.5%,0.42x,1.00x,1.15x,1.52x,3,経路[コールド媒体一括]0.42x｜業種[タバコ店]1.00x｜規模[2000-5000名]1.15x｜新卒採用[16-20名]1.52x｜競合ATS確認｜成約見込12.5%
社団法人共同通信社,03-6252-8000,kyodonews_jinji@kyodonews.jp,ニュース・データ通信,1千～2千人未満,46～50名,89：リサイクル,コールド媒体一括,有効(上限),スタンダード提案,13,13.1%,0.42x,1.00x,1.30x,1.41x,3,経路[コールド媒体一括]0.42x｜業種[ニュース・データ通信]1.00x｜規模[1000-2000名]1.30x｜新卒採用[31-50名]1.41x｜スタンダード提案｜成約見込13.1%
株式会社ソシエ・ワールド,03-5333-1136,socie_saiyo_e@socie.biz,エステティック・美容・理容,1千～2千人未満,51～100名,04：ジャッジ,コールド媒体一括,有効(上限),スタンダード提案,12,12.0%,0.42x,0.98x,1.30x,1.32x,4,経路[コールド媒体一括]0.42x｜業種[エステティック・美容・理容]0.98x｜規模[1000-2000名]1.30x｜新卒採用[51-100名]1.32x｜スタンダード提案｜成約見込12.0%
株式会社不二ビューティ,03-5304-1339,,エステティック・美容・理容,500～1千人未満,51～100名,02：担当者未接触,コールド媒体一括,有効(中堅上),スタンダード提案,12,12.0%,0.42x,0.98x,1.30x,1.32x,4,経路[コールド媒体一括]0.42x｜業種[エステティック・美容・理容]0.98x｜規模[500-1000名]1.30x｜新卒採用[51-100名]1.32x｜スタンダード提案｜成約見込12.0%
株式会社ハウフルス,03-5411-0011,info@howfulls.co.jp,テレビ番組制作,100～300人未満,16～20名,89：リサイクル,コールド媒体一括,主戦場(スイート),ミニマム/ミドル,12,12.2%,0.42x,1.00x,1.12x,1.52x,3,経路[コールド媒体一括]0.42x｜業種[テレビ番組制作]1.00x｜規模[100-300名]1.12x｜新卒採用[16-20名]1.52x｜ミニマム/ミドル｜成約見込12.2%
株式会社建通新聞社,054-288-8111,k-career@kentsu.co.jp,新聞社,100～300人未満,16～20名,01：新規,コールド媒体一括,主戦場(スイート),ミニマム/ミドル,12,12.2%,0.42x,1.00x,1.12x,1.52x,3,経路[コールド媒体一括]0.42x｜業種[新聞社]1.00x｜規模[100-300名]1.12x｜新卒採用[16-20名]1.52x｜ミニマム/ミドル｜成約見込12.2%
株式会社三協デリカ,096-275-2171,recruit@sankyoo-d.co.jp,食品加工卸売り,100～300人未満,11～15名,89：リサイクル,コールド媒体一括,主戦場(スイート),ミニマム/ミドル,12,12.2%,0.42x,1.00x,1.12x,1.52x,3,経路[コールド媒体一括]0.42x｜業種[食品加工卸売り]1.00x｜規模[100-300名]1.12x｜新卒採用[11-15名]1.52x｜ミニマム/ミドル｜成約見込12.2%
株式会社　東部アシード,048-931-9195,k-fukai@tqc.or.jp,弁当仕出,100～300人未満,6～10名,03：コネクト情報獲得,コールド媒体一括,主戦場(スイート),ミニマム/ミドル,12,12.4%,0.42x,1.00x,1.12x,1.55x,3,経路[コールド媒体一括]0.42x｜業種[弁当仕出]1.00x｜規模[100-300名]1.12x｜新卒採用[6-10名]1.55x｜ミニマム/ミドル｜成約見込12.4%
香川証券株式会社,087-851-8181,saiyo@kagawa-sc.co.jp,金融先物取引,100～300人未満,11～15名,89：リサイクル,コールド媒体一括,主戦場(スイート),ミニマム/ミドル,12,12.2%,0.42x,1.00x,1.12x,1.52x,3,経路[コールド媒体一括]0.42x｜業種[金融先物取引]1.00x｜規模[100-300名]1.12x｜新卒採用[11-15名]1.52x｜ミニマム/ミドル｜成約見込12.2%
今村証券株式会社,076-263-5222,saiyo@imamura.jp,証券業,100～300人未満,6～10名,89：リサイクル,コールド媒体一括,主戦場(スイート),ミニマム/ミドル,12,12.4%,0.42x,1.00x,1.12x,1.55x,3,経路[コールド媒体一括]0.42x｜業種[証券業]1.00x｜規模[100-300名]1.12x｜新卒採用[6-10名]1.55x｜ミニマム/ミドル｜成約見込12.4%
太陽グリーンエナジー株式会社,0493-62-9001,recruit@taiyo-hd.co.jp,ソーラーシステム/ソーラー発電,100～300人未満,26～30名,02：担当者未接触,コールド媒体一括,主戦場(スイート),ミニマム/ミドル,12,12.2%,0.42x,1.00x,1.12x,1.53x,3,経路[コールド媒体一括]0.42x｜業種[ソーラーシステム/ソーラー発電]1.00x｜規模[100-300名]1.12x｜新卒採用[21-30名]1.53x｜ミニマム/ミドル｜成約見込12.2%
白銅株式会社,03-6212-2811,saiyou@hakudo.co.jp,金属製品生産,100～300人未満,16～20名,01：新規,コールド媒体一括,主戦場(スイート),ミニマム/ミドル,12,12.2%,0.42x,1.00x,1.12x,1.52x,3,経路[コールド媒体一括]0.42x｜業種[金属製品生産]1.00x｜規模[100-300名]1.12x｜新卒採用[16-20名]1.52x｜ミニマム/ミドル｜成約見込12.2%
日本ファイバー株式会社,0944-86-5771,tekawano@gold.ocn.ne.jp,再生資源回収・卸売り,100～300人未満,6～10名,89：リサイクル,コールド媒体一括,主戦場(スイート),ミニマム/ミドル,12,12.4%,0.42x,1.00x,1.12x,1.55x,3,経路[コールド媒体一括]0.42x｜業種[再生資源回収・卸売り]1.00x｜規模[100-300名]1.12x｜新卒採用[6-10名]1.55x｜ミニマム/ミドル｜成約見込12.4%
株式会社青木固研究所,0268-82-3015,saiyo@aokitech.co.jp,プラスチック加工機械,100～300人未満,6～10名,01：新規,コールド媒体一括,主戦場(スイート),ミニマム/ミドル,12,12.4%,0.42x,1.00x,1.12x,1.55x,3,経路[コールド媒体一括]0.42x｜業種[プラスチック加工機械]1.00x｜規模[100-300名]1.12x｜新卒採用[6-10名]1.55x｜ミニマム/ミドル｜成約見込12.4%
株式会社ブレイブ,03-5322-7380,saiyo.brave@gmail.com,人材派遣・人材紹介,100～300人未満,21～25名,01：新規,コールド媒体一括,主戦場(スイート),ミニマム/ミドル,11,10.8%,0.42x,0.89x,1.12x,1.53x,4,経路[コールド媒体一括]0.42x｜業種[人材派遣・人材紹介]0.89x｜規模[100-300名]1.12x｜新卒採用[21-30名]1.53x｜ミニマム/ミドル｜成約見込10.8%
株式会社日本政策金融公庫,03-3270-0637,,政府系・系統金融機関,5千～1万人未満,201～300名,04：ジャッジ,コールド媒体一括,要注意(大),競合ATS確認,11,11.2%,0.42x,1.60x,0.89x,1.10x,4,経路[コールド媒体一括]0.42x｜業種[政府系・系統金融機関]1.60x｜規模[5000-1万名]0.89x｜新卒採用[101名+]1.10x｜競合ATS確認｜成約見込11.2%
江田島市役所,0823-43-1111,,官公庁・警察,300～500人未満,11～15名,01：新規,コールド媒体一括,主戦場(スイート),ミニマム/ミドル,11,11.2%,0.42x,0.73x,1.41x,1.52x,4,経路[コールド媒体一括]0.42x｜業種[官公庁・警察]0.73x｜規模[300-500名]1.41x｜新卒採用[11-15名]1.52x｜ミニマム/ミドル｜成約見込11.2%
ＬａＢｒｅｚｚａＢａｓｈａｍｉｃｈｉ,045-228-8418,,旅行,100～300人未満,36～40名,89：リサイクル,コールド媒体一括,主戦場(スイート),ミニマム/ミドル,11,11.3%,0.42x,1.00x,1.12x,1.41x,3,経路[コールド媒体一括]0.42x｜業種[旅行]1.00x｜規模[100-300名]1.12x｜新卒採用[31-50名]1.41x｜ミニマム/ミドル｜成約見込11.3%
株式会社広島銀行,082-247-5151,,金融総合グループ,2千～5千人未満,51～100名,89：リサイクル,コールド媒体一括,要注意(大),競合ATS確認,11,10.9%,0.42x,1.00x,1.15x,1.32x,3,経路[コールド媒体一括]0.42x｜業種[金融総合グループ]1.00x｜規模[2000-5000名]1.15x｜新卒採用[51-100名]1.32x｜競合ATS確認｜成約見込10.9%
豊田通商株式会社,03-4306-3333,,総合商社,2千～5千人未満,51～100名,04：ジャッジ,コールド媒体一括,要注意(大),競合ATS確認,11,10.9%,0.42x,1.00x,1.15x,1.32x,3,経路[コールド媒体一括]0.42x｜業種[総合商社]1.00x｜規模[2000-5000名]1.15x｜新卒採用[51-100名]1.32x｜競合ATS確認｜成約見込10.9%
とうかつ中央農業協同組合,047-361-2201,saiyou@ja-toukatsuchuou.or.jp,農業協同組合（JA金融機関含む）,300～500人未満,11～15名,01：新規,コールド媒体一括,主戦場(スイート),ミニマム/ミドル,10,9.5%,0.42x,0.62x,1.41x,1.52x,4,経路[コールド媒体一括]0.42x｜業種[農業協同組合（JA金融機関含む）]0.62x｜規模[300-500名]1.41x｜新卒採用[11-15名]1.52x｜ミニマム/ミドル｜成約見込9.5%
株式会社ギガス,052-726-9001,gigas-saiyo@ksdenki.jp,専門店（家電・OA機器）,1千～2千人未満,36～40名,04：ジャッジ,コールド媒体一括,有効(上限),スタンダード提案,10,9.6%,0.42x,0.73x,1.30x,1.41x,4,経路[コールド媒体一括]0.42x｜業種[専門店（家電・OA機器）]0.73x｜規模[1000-2000名]1.30x｜新卒採用[31-50名]1.41x｜スタンダード提案｜成約見込9.6%
株式会社トータル保険サービス,03-3243-5221,,生命保険,300～500人未満,11～15名,01：新規,コールド媒体一括,主戦場(スイート),ミニマム/ミドル,10,10.2%,0.42x,0.67x,1.41x,1.52x,4,経路[コールド媒体一括]0.42x｜業種[生命保険]0.67x｜規模[300-500名]1.41x｜新卒採用[11-15名]1.52x｜ミニマム/ミドル｜成約見込10.2%
株式会社山田債権回収管理総合事務所,045-325-3912,recruit0223@yamada-servicer.co.jp,コンサルタント・専門コンサルタント,100～300人未満,11～15名,01：新規,その他タグ,主戦場(スイート),ミニマム/ミドル,10,10.0%,1.22x,0.28x,1.12x,1.52x,4,経路[その他タグ]1.22x｜業種[コンサルタント・専門コンサルタント]0.28x｜規模[100-300名]1.12x｜新卒採用[11-15名]1.52x｜ミニマム/ミドル｜成約見込10.0%
京都丹ノ国農業協同組合,0773-42-2092,jinji@ja-kyotoninokuni.or.jp,農業協同組合（JA金融機関含む）,300～500人未満,11～15名,01：新規,コールド媒体一括,主戦場(スイート),ミニマム/ミドル,10,9.5%,0.42x,0.62x,1.41x,1.52x,4,経路[コールド媒体一括]0.42x｜業種[農業協同組合（JA金融機関含む）]0.62x｜規模[300-500名]1.41x｜新卒採用[11-15名]1.52x｜ミニマム/ミドル｜成約見込9.5%
玉名農業協同組合,0968-72-5502,jinji@jatamana.or.jp,農業協同組合（JA金融機関含む）,300～500人未満,16～20名,89：リサイクル,コールド媒体一括,主戦場(スイート),ミニマム/ミドル,10,9.5%,0.42x,0.62x,1.41x,1.52x,4,経路[コールド媒体一括]0.42x｜業種[農業協同組合（JA金融機関含む）]0.62x｜規模[300-500名]1.41x｜新卒採用[16-20名]1.52x｜ミニマム/ミドル｜成約見込9.5%
三重トヨタ自動車株式会社,059-226-2181,,商社（自動車・輸送機器）,300～500人未満,6～10名,89：リサイクル,お断り再利用,主戦場(スイート),ミニマム/ミドル,10,9.9%,0.50x,0.53x,1.41x,1.55x,4,経路[お断り再利用]0.50x｜業種[商社（自動車・輸送機器）]0.53x｜規模[300-500名]1.41x｜新卒採用[6-10名]1.55x｜ミニマム/ミドル｜成約見込9.9%
東京中央農業協同組合,03-3308-5444,,農業協同組合（JA金融機関含む）,300～500人未満,16～20名,01：新規,コールド媒体一括,主戦場(スイート),ミニマム/ミドル,10,9.5%,0.42x,0.62x,1.41x,1.52x,4,経路[コールド媒体一括]0.42x｜業種[農業協同組合（JA金融機関含む）]0.62x｜規模[300-500名]1.41x｜新卒採用[16-20名]1.52x｜ミニマム/ミドル｜成約見込9.5%
大阪泉州農業協同組合,072-468-0600,,農業協同組合（JA金融機関含む）,300～500人未満,16～20名,02：担当者未接触,コールド媒体一括,主戦場(スイート),ミニマム/ミドル,10,9.5%,0.42x,0.62x,1.41x,1.52x,4,経路[コールド媒体一括]0.42x｜業種[農業協同組合（JA金融機関含む）]0.62x｜規模[300-500名]1.41x｜新卒採用[16-20名]1.52x｜ミニマム/ミドル｜成約見込9.5%
東京みらい農業協同組合,042-477-0031,jinjika2_mirai@mirai.jatokyo.or.jp,農業協同組合（JA金融機関含む）,300～500人未満,6～10名,89：リサイクル,コールド媒体一括,主戦場(スイート),ミニマム/ミドル,10,9.7%,0.42x,0.62x,1.41x,1.55x,4,経路[コールド媒体一括]0.42x｜業種[農業協同組合（JA金融機関含む）]0.62x｜規模[300-500名]1.41x｜新卒採用[6-10名]1.55x｜ミニマム/ミドル｜成約見込9.7%
東京スマイル農業協同組合,03-5680-8565,,農業協同組合（JA金融機関含む）,300～500人未満,11～15名,01：新規,コールド媒体一括,主戦場(スイート),ミニマム/ミドル,10,9.5%,0.42x,0.62x,1.41x,1.52x,4,経路[コールド媒体一括]0.42x｜業種[農業協同組合（JA金融機関含む）]0.62x｜規模[300-500名]1.41x｜新卒採用[11-15名]1.52x｜ミニマム/ミドル｜成約見込9.5%
日東紡績株式会社〔日東紡〕,03-4582-5020,recruiting@nittobogrp.com,ガラス・セラミックス,500～1千人未満,16～20名,01：新規,コールド媒体一括,有効(中堅上),スタンダード提案,10,10.4%,0.42x,0.73x,1.30x,1.52x,4,経路[コールド媒体一括]0.42x｜業種[ガラス・セラミックス]0.73x｜規模[500-1000名]1.30x｜新卒採用[16-20名]1.52x｜スタンダード提案｜成約見込10.4%
日本メディカルネクスト株式会社,03-5781-7802,mchg-saiyo2025@e-recruit.jp,商社（精密・医療機器）,100～300人未満,16～20名,01：新規,その他タグ,主戦場(スイート),ミニマム/ミドル,10,9.6%,1.22x,0.27x,1.12x,1.52x,4,経路[その他タグ]1.22x｜業種[商社（精密・医療機器）]0.27x｜規模[100-300名]1.12x｜新卒採用[16-20名]1.52x｜ミニマム/ミドル｜成約見込9.6%
日本板硝子株式会社東京本社人事部,06-6222-7511,nsg-saiyo@nsg.com,ガラス・セラミックス,1千～2千人未満,16～20名,01：新規,コールド媒体一括,有効(上限),スタンダード提案,10,10.4%,0.42x,0.73x,1.30x,1.52x,4,経路[コールド媒体一括]0.42x｜業種[ガラス・セラミックス]0.73x｜規模[1000-2000名]1.30x｜新卒採用[16-20名]1.52x｜スタンダード提案｜成約見込10.4%
門真市役所,06-6902-1231,,官公庁・警察,500～1千人未満,6～10名,89：リサイクル,コールド媒体一括,有効(中堅上),スタンダード提案,10,10.5%,0.42x,0.73x,1.30x,1.55x,4,経路[コールド媒体一括]0.42x｜業種[官公庁・警察]0.73x｜規模[500-1000名]1.30x｜新卒採用[6-10名]1.55x｜スタンダード提案｜成約見込10.5%
株式会社フジアール総務部,03-5520-1881,tashiro@fujiart.co.jp,放送,100～300人未満,46～50名,89：リサイクル,未タグ(温/手入力),主戦場(スイート),ミニマム/ミドル,10,10.0%,1.26x,0.30x,1.12x,1.41x,4,経路[未タグ(温/手入力)]1.26x｜業種[放送]0.30x｜規模[100-300名]1.12x｜新卒採用[31-50名]1.41x｜ミニマム/ミドル｜成約見込10.0%
筑前あさくら農業協同組合,0946-23-2222,,農業協同組合（JA金融機関含む）,300～500人未満,6～10名,02：担当者未接触,コールド媒体一括,主戦場(スイート),ミニマム/ミドル,10,9.7%,0.42x,0.62x,1.41x,1.55x,4,経路[コールド媒体一括]0.42x｜業種[農業協同組合（JA金融機関含む）]0.62x｜規模[300-500名]1.41x｜新卒採用[6-10名]1.55x｜ミニマム/ミドル｜成約見込9.7%
神奈川ダイハツ販売株式会社,045-261-1451,saiyou@kngwd.daihatsu-dlr.co.jp,商社（自動車関連・輸送用機器）,300～500人未満,16～20名,89：リサイクル,コールド媒体一括,主戦場(スイート),ミニマム/ミドル,9,9.1%,0.42x,0.60x,1.41x,1.52x,4,経路[コールド媒体一括]0.42x｜業種[商社（自動車関連・輸送用機器）]0.60x｜規模[300-500名]1.41x｜新卒採用[16-20名]1.52x｜ミニマム/ミドル｜成約見込9.1%
株式会社ニフコ,03-5476-4852,recruit@jp.nifco.com,自動車・自動車部品,1千～2千人未満,6～10名,02：担当者未接触,コールド媒体一括,有効(上限),スタンダード提案,9,8.8%,0.42x,0.61x,1.30x,1.55x,4,経路[コールド媒体一括]0.42x｜業種[自動車・自動車部品]0.61x｜規模[1000-2000名]1.30x｜新卒採用[6-10名]1.55x｜スタンダード提案｜成約見込8.8%
サンリット工業株式会社,0238-88-9221,,自動車・自動車部品,300～500人未満,6～10名,89：リサイクル,コールド媒体一括,主戦場(スイート),ミニマム/ミドル,9,9.5%,0.42x,0.61x,1.41x,1.55x,4,経路[コールド媒体一括]0.42x｜業種[自動車・自動車部品]0.61x｜規模[300-500名]1.41x｜新卒採用[6-10名]1.55x｜ミニマム/ミドル｜成約見込9.5%
キヤノンセミコンダクターエクィップメント株式会社,029-889-4150,cse_saiyo@mail.canon,半導体・電子・電気機器,300～500人未満,21～25名,01：新規,コールド媒体一括,主戦場(スイート),ミニマム/ミドル,9,8.6%,0.42x,0.56x,1.41x,1.53x,4,経路[コールド媒体一括]0.42x｜業種[半導体・電子・電気機器]0.56x｜規模[300-500名]1.41x｜新卒採用[21-30名]1.53x｜ミニマム/ミドル｜成約見込8.6%
いすゞ自動車九州株式会社,092-641-7711,hiroki_taguchi@notes.kyusyu.isuzu.co.jp,商社（自動車関連・輸送用機器）,1千～2千人未満,6～10名,89：リサイクル,コールド媒体一括,有効(上限),スタンダード提案,9,8.6%,0.42x,0.60x,1.30x,1.55x,4,経路[コールド媒体一括]0.42x｜業種[商社（自動車関連・輸送用機器）]0.60x｜規模[1000-2000名]1.30x｜新卒採用[6-10名]1.55x｜スタンダード提案｜成約見込8.6%
コナン販売株式会社,029-859-1106,soumu-jinji@konan.co.jp,専門店（家電・OA機器）,100～300人未満,26～30名,89：リサイクル,コールド媒体一括,主戦場(スイート),ミニマム/ミドル,9,9.0%,0.42x,0.73x,1.12x,1.53x,4,経路[コールド媒体一括]0.42x｜業種[専門店（家電・OA機器）]0.73x｜規模[100-300名]1.12x｜新卒採用[21-30名]1.53x｜ミニマム/ミドル｜成約見込9.0%
はが野農業協同組合,0285-83-7701,h.soumu2@ja-hagano.or.jp,農業協同組合（JA金融機関含む）,500～1千人未満,11～15名,01：新規,コールド媒体一括,有効(中堅上),スタンダード提案,9,8.8%,0.42x,0.62x,1.30x,1.52x,4,経路[コールド媒体一括]0.42x｜業種[農業協同組合（JA金融機関含む）]0.62x｜規模[500-1000名]1.30x｜新卒採用[11-15名]1.52x｜スタンダード提案｜成約見込8.8%
ユニプレス株式会社,045-470-8265,jinjisaiyou-g@unipres.com,自動車・自動車部品,1千～2千人未満,16～20名,01：新規,コールド媒体一括,有効(上限),スタンダード提案,9,8.6%,0.42x,0.61x,1.30x,1.52x,4,経路[コールド媒体一括]0.42x｜業種[自動車・自動車部品]0.61x｜規模[1000-2000名]1.30x｜新卒採用[16-20名]1.52x｜スタンダード提案｜成約見込8.6%
羽田旅客サービス株式会社,03-5757-8500,hnd-saiyou@hps-co.jp,空港サービス,300～500人未満,51～100名,89：リサイクル,コールド媒体一括,主戦場(スイート),ミニマム/ミドル,9,9.2%,0.42x,0.69x,1.41x,1.32x,4,経路[コールド媒体一括]0.42x｜業種[空港サービス]0.69x｜規模[300-500名]1.41x｜新卒採用[51-100名]1.32x｜ミニマム/ミドル｜成約見込9.2%
株式会社キンダーキッズ,03-5447-0013,recruit@kinderkids.ed.jp,幼稚園・保育園,100～300人未満,16～20名,01：新規,コールド媒体一括,主戦場(スイート),ミニマム/ミドル,9,8.9%,0.42x,0.73x,1.12x,1.52x,4,経路[コールド媒体一括]0.42x｜業種[幼稚園・保育園]0.73x｜規模[100-300名]1.12x｜新卒採用[16-20名]1.52x｜ミニマム/ミドル｜成約見込8.9%
経済産業省 近畿経済産業局,06-6966-6060,kin-jinji@meti.go.jp,官公庁・警察,2千～5千人未満,11～15名,01：新規,コールド媒体一括,要注意(大),競合ATS確認,9,9.2%,0.42x,0.73x,1.15x,1.52x,4,経路[コールド媒体一括]0.42x｜業種[官公庁・警察]0.73x｜規模[2000-5000名]1.15x｜新卒採用[11-15名]1.52x｜競合ATS確認｜成約見込9.2%
鹿児島トヨペット株式会社,099-226-0213,,商社（自動車関連・輸送用機器）,300～500人未満,6～10名,89：リサイクル,コールド媒体一括,主戦場(スイート),ミニマム/ミドル,9,9.3%,0.42x,0.60x,1.41x,1.55x,4,経路[コールド媒体一括]0.42x｜業種[商社（自動車関連・輸送用機器）]0.60x｜規模[300-500名]1.41x｜新卒採用[6-10名]1.55x｜ミニマム/ミドル｜成約見込9.3%
北ツクバ農業協同組合,0296-25-6600,jinji@ja-kitatsukuba.or.jp,農業協同組合（JA金融機関含む）,500～1千人未満,26～30名,04：ジャッジ,コールド媒体一括,有効(中堅上),スタンダード提案,9,8.8%,0.42x,0.62x,1.30x,1.53x,4,経路[コールド媒体一括]0.42x｜業種[農業協同組合（JA金融機関含む）]0.62x｜規模[500-1000名]1.30x｜新卒採用[21-30名]1.53x｜スタンダード提案｜成約見込8.8%
福岡ダイハツ販売株式会社,092-411-1337,jinzai@fkok.daihatsu-dlr.co.jp,商社（自動車関連・輸送用機器）,300～500人未満,11～15名,89：リサイクル,コールド媒体一括,主戦場(スイート),ミニマム/ミドル,9,9.1%,0.42x,0.60x,1.41x,1.52x,4,経路[コールド媒体一括]0.42x｜業種[商社（自動車関連・輸送用機器）]0.60x｜規模[300-500名]1.41x｜新卒採用[11-15名]1.52x｜ミニマム/ミドル｜成約見込9.1%
オリックスグループ,06-6578-1604,,金融総合グループ,2千～5千人未満,201～300名,89：リサイクル,コールド媒体一括,要注意(大),競合ATS確認,9,9.1%,0.42x,1.00x,1.15x,1.10x,3,経路[コールド媒体一括]0.42x｜業種[金融総合グループ]1.00x｜規模[2000-5000名]1.15x｜新卒採用[101名+]1.10x｜競合ATS確認｜成約見込9.1%
トヨタ自動車九州株式会社,0949-32-5151,recruit@toyota-kyushu.co.jp,自動車生産,5千～1万人未満,31～35名,02：担当者未接触,コールド媒体一括,要注意(大),競合ATS確認,9,8.9%,0.42x,1.00x,0.89x,1.41x,3,経路[コールド媒体一括]0.42x｜業種[自動車生産]1.00x｜規模[5000-1万名]0.89x｜新卒採用[31-50名]1.41x｜競合ATS確認｜成約見込8.9%
株式会社十六銀行,058-265-2111,,金融総合グループ,2千～5千人未満,101～200名,89：リサイクル,コールド媒体一括,要注意(大),競合ATS確認,9,9.1%,0.42x,1.00x,1.15x,1.10x,3,経路[コールド媒体一括]0.42x｜業種[金融総合グループ]1.00x｜規模[2000-5000名]1.15x｜新卒採用[101名+]1.10x｜競合ATS確認｜成約見込9.1%
双日株式会社,03-6871-3820,saiyou@sojitz.com,総合商社,2千～5千人未満,101～200名,04：ジャッジ,コールド媒体一括,要注意(大),競合ATS確認,9,9.1%,0.42x,1.00x,1.15x,1.10x,3,経路[コールド媒体一括]0.42x｜業種[総合商社]1.00x｜規模[2000-5000名]1.15x｜新卒採用[101名+]1.10x｜競合ATS確認｜成約見込9.1%
NTTエレクトロニクス株式会社,045-414-9700,s-saiyou@ntt-el.com,半導体・電子・電気機器,500～1千人未満,21～25名,01：新規,コールド媒体一括,有効(中堅上),スタンダード提案,8,8.0%,0.42x,0.56x,1.30x,1.53x,4,経路[コールド媒体一括]0.42x｜業種[半導体・電子・電気機器]0.56x｜規模[500-1000名]1.30x｜新卒採用[21-30名]1.53x｜スタンダード提案｜成約見込8.0%
ラピステクノロジー株式会社,045-476-9253,saiyou@lapis-tech.com,半導体・電子・電気機器,500～1千人未満,16～20名,01：新規,コールド媒体一括,有効(中堅上),スタンダード提案,8,7.9%,0.42x,0.56x,1.30x,1.52x,4,経路[コールド媒体一括]0.42x｜業種[半導体・電子・電気機器]0.56x｜規模[500-1000名]1.30x｜新卒採用[16-20名]1.52x｜スタンダード提案｜成約見込7.9%
アイシン軽金属株式会社,0766-82-8800,recruit@aisin-ak.co.jp,自動車・自動車部品,2千～5千人未満,11～15名,01：新規,コールド媒体一括,要注意(大),競合ATS確認,8,7.7%,0.42x,0.61x,1.15x,1.52x,4,経路[コールド媒体一括]0.42x｜業種[自動車・自動車部品]0.61x｜規模[2000-5000名]1.15x｜新卒採用[11-15名]1.52x｜競合ATS確認｜成約見込7.7%
コンフェックス株式会社,03-3378-7711,jinji_saiyo@confex.jp,商社（食品・農林・水産）,300～500人未満,16～20名,01：新規,コールド媒体一括,主戦場(スイート),ミニマム/ミドル,8,7.9%,0.42x,0.52x,1.41x,1.52x,4,経路[コールド媒体一括]0.42x｜業種[商社（食品・農林・水産）]0.52x｜規模[300-500名]1.41x｜新卒採用[16-20名]1.52x｜ミニマム/ミドル｜成約見込7.9%
ジェイアールバス東北株式会社,022-353-9841→②,,陸運（貨物・バス・タクシー）,500～1千人未満,6～10名,89：リサイクル,コールド媒体一括,有効(中堅上),スタンダード提案,8,7.7%,0.42x,0.53x,1.30x,1.55x,4,経路[コールド媒体一括]0.42x｜業種[陸運（貨物・バス・タクシー）]0.53x｜規模[500-1000名]1.30x｜新卒採用[6-10名]1.55x｜スタンダード提案｜成約見込7.7%
トヨタカローラ広島株式会社,082-275-2168,t-kaneishi@t-corolla.co.jp,商社（自動車関連・輸送用機器）,500～1千人未満,21～25名,89：リサイクル,コールド媒体一括,有効(中堅上),スタンダード提案,8,8.5%,0.42x,0.60x,1.30x,1.53x,4,経路[コールド媒体一括]0.42x｜業種[商社（自動車関連・輸送用機器）]0.60x｜規模[500-1000名]1.30x｜新卒採用[21-30名]1.53x｜スタンダード提案｜成約見込8.5%
ネッツトヨタ千葉株式会社,043-302-3249,,商社（自動車関連・輸送用機器）,1千～2千人未満,16～20名,01：新規,コールド媒体一括,有効(上限),スタンダード提案,8,8.4%,0.42x,0.60x,1.30x,1.52x,4,経路[コールド媒体一括]0.42x｜業種[商社（自動車関連・輸送用機器）]0.60x｜規模[1000-2000名]1.30x｜新卒採用[16-20名]1.52x｜スタンダード提案｜成約見込8.4%
みやぎ生活協同組合,022-374-1281,sn.mcoop-jinji@todock.coop,生活協同組合,5千～1万人未満,51～100名,03：コネクト情報獲得,コールド媒体一括,要注意(大),競合ATS確認,8,7.6%,0.42x,0.90x,0.89x,1.32x,4,経路[コールド媒体一括]0.42x｜業種[生活協同組合]0.90x｜規模[5000-1万名]0.89x｜新卒採用[51-100名]1.32x｜競合ATS確認｜成約見込7.6%
株式会社ANAケータリングサービス,03-5757-5950,saiyo@anac.co.jp,空港サービス,500～1千人未満,51～100名,89：リサイクル,コールド媒体一括,有効(中堅上),スタンダード提案,8,8.5%,0.42x,0.69x,1.30x,1.32x,4,経路[コールド媒体一括]0.42x｜業種[空港サービス]0.69x｜規模[500-1000名]1.30x｜新卒採用[51-100名]1.32x｜スタンダード提案｜成約見込8.5%
株式会社エムアイカード,03-5273-6541,,クレジット・信販,1千～2千人未満,11～15名,01：新規,コールド媒体一括,有効(上限),スタンダード提案,8,8.1%,0.42x,0.57x,1.30x,1.52x,4,経路[コールド媒体一括]0.42x｜業種[クレジット・信販]0.57x｜規模[1000-2000名]1.30x｜新卒採用[11-15名]1.52x｜スタンダード提案｜成約見込8.1%
株式会社ダイトーコーポレーション,03-3452-6272,jinji.saiyo@daitocorp.co.jp,物流・倉庫,300～500人未満,16～20名,01：新規,コールド媒体一括,主戦場(スイート),ミニマム/ミドル,8,7.5%,0.42x,0.49x,1.41x,1.52x,4,経路[コールド媒体一括]0.42x｜業種[物流・倉庫]0.49x｜規模[300-500名]1.41x｜新卒採用[16-20名]1.52x｜ミニマム/ミドル｜成約見込7.5%
株式会社バルコム,082-870-2150,balcom.recrut@balcomnet.co.jp,商社（自動車関連・輸送用機器）,500～1千人未満,11～15名,89：リサイクル,コールド媒体一括,有効(中堅上),スタンダード提案,8,8.4%,0.42x,0.60x,1.30x,1.52x,4,経路[コールド媒体一括]0.42x｜業種[商社（自動車関連・輸送用機器）]0.60x｜規模[500-1000名]1.30x｜新卒採用[11-15名]1.52x｜スタンダード提案｜成約見込8.4%
株式会社セルリアンタワー東急ホテル,03-3476-3359,cerulean.recruit@tokyuhotels.co.jp,ホテル・旅館,300～500人未満,21～25名,01：新規,コールド媒体一括,主戦場(スイート),ミニマム/ミドル,8,8.0%,0.42x,0.52x,1.41x,1.53x,4,経路[コールド媒体一括]0.42x｜業種[ホテル・旅館]0.52x｜規模[300-500名]1.41x｜新卒採用[21-30名]1.53x｜ミニマム/ミドル｜成約見込8.0%
株式会社やさしい手,03-5433-5519,saiyou_mb@yasashiite.com,福祉サービス,1千～2千人未満,16～20名,01：新規,コールド媒体一括,有効(上限),スタンダード提案,8,7.9%,0.42x,0.55x,1.30x,1.52x,4,経路[コールド媒体一括]0.42x｜業種[福祉サービス]0.55x｜規模[1000-2000名]1.30x｜新卒採用[16-20名]1.52x｜スタンダード提案｜成約見込7.9%
株式会社ラムラ,03-3661-3668,,外食・レストラン,500～1千人未満,16～20名,01：新規,コールド媒体一括,有効(中堅上),スタンダード提案,8,8.1%,0.42x,0.57x,1.30x,1.52x,4,経路[コールド媒体一括]0.42x｜業種[外食・レストラン]0.57x｜規模[500-1000名]1.30x｜新卒採用[16-20名]1.52x｜スタンダード提案｜成約見込8.1%
株式会社魚力,042-525-5600,jinji_saiyou@uoriki.co.jp,専門店（食品・日用品）,300～500人未満,21～25名,01：新規,コールド媒体一括,主戦場(スイート),ミニマム/ミドル,8,8.2%,0.42x,0.53x,1.41x,1.53x,4,経路[コールド媒体一括]0.42x｜業種[専門店（食品・日用品）]0.53x｜規模[300-500名]1.41x｜新卒採用[21-30名]1.53x｜ミニマム/ミドル｜成約見込8.2%
株式会社理究キッズ,045-461-4149,jinji@riq.co.jp,教育,300～500人未満,6～10名,89：リサイクル,コールド媒体一括,主戦場(スイート),ミニマム/ミドル,8,7.7%,0.42x,0.49x,1.41x,1.55x,4,経路[コールド媒体一括]0.42x｜業種[教育]0.49x｜規模[300-500名]1.41x｜新卒採用[6-10名]1.55x｜ミニマム/ミドル｜成約見込7.7%
株式会社御座候,079-282-2311,adopt@gozasoro.co.jp,専門店（食品・日用品）,300～500人未満,6～10名,89：リサイクル,コールド媒体一括,主戦場(スイート),ミニマム/ミドル,8,8.3%,0.42x,0.53x,1.41x,1.55x,4,経路[コールド媒体一括]0.42x｜業種[専門店（食品・日用品）]0.53x｜規模[300-500名]1.41x｜新卒採用[6-10名]1.55x｜ミニマム/ミドル｜成約見込8.3%
株式会社長谷工リフォーム,03-3457-1704,,住宅（リフォーム）,300～500人未満,16～20名,02：担当者未接触,コールド媒体一括,主戦場(スイート),ミニマム/ミドル,8,8.0%,0.42x,0.52x,1.41x,1.52x,4,経路[コールド媒体一括]0.42x｜業種[住宅（リフォーム）]0.52x｜規模[300-500名]1.41x｜新卒採用[16-20名]1.52x｜ミニマム/ミドル｜成約見込8.0%
市原市役所,0436-22-1111,jinji@city.ichihara.lg.jp,官公庁・警察,2千～5千人未満,51～100名,03：コネクト情報獲得,コールド媒体一括,要注意(大),競合ATS確認,8,8.0%,0.42x,0.73x,1.15x,1.32x,4,経路[コールド媒体一括]0.42x｜業種[官公庁・警察]0.73x｜規模[2000-5000名]1.15x｜新卒採用[51-100名]1.32x｜競合ATS確認｜成約見込8.0%
社会福祉法人やすらぎ福祉会,078-593-7171,,福祉サービス,300～500人未満,11～15名,89：リサイクル,コールド媒体一括,主戦場(スイート),ミニマム/ミドル,8,8.5%,0.42x,0.55x,1.41x,1.52x,4,経路[コールド媒体一括]0.42x｜業種[福祉サービス]0.55x｜規模[300-500名]1.41x｜新卒採用[11-15名]1.52x｜ミニマム/ミドル｜成約見込8.5%
社会福祉法人なごや福祉施設協会,052-842-5531,nagoyaka-s@nagoyaka.or.jp,福祉サービス,500～1千人未満,11～15名,89：リサイクル,コールド媒体一括,有効(中堅上),スタンダード提案,8,7.8%,0.42x,0.55x,1.30x,1.52x,4,経路[コールド媒体一括]0.42x｜業種[福祉サービス]0.55x｜規模[500-1000名]1.30x｜新卒採用[11-15名]1.52x｜スタンダード提案｜成約見込7.8%
社会福祉法人札幌報恩会,011-891-2020,saiyou@hoon.or.jp,福祉サービス,300～500人未満,11～15名,01：新規,コールド媒体一括,主戦場(スイート),ミニマム/ミドル,8,8.5%,0.42x,0.55x,1.41x,1.52x,4,経路[コールド媒体一括]0.42x｜業種[福祉サービス]0.55x｜規模[300-500名]1.41x｜新卒採用[11-15名]1.52x｜ミニマム/ミドル｜成約見込8.5%
神戸トヨペット株式会社,078-576-2572,recruit@kobetoyopet.co.jp,商社（自動車関連・輸送用機器）,1千～2千人未満,21～25名,89：リサイクル,コールド媒体一括,有効(上限),スタンダード提案,8,8.5%,0.42x,0.60x,1.30x,1.53x,4,経路[コールド媒体一括]0.42x｜業種[商社（自動車関連・輸送用機器）]0.60x｜規模[1000-2000名]1.30x｜新卒採用[21-30名]1.53x｜スタンダード提案｜成約見込8.5%
大豊工業株式会社,0565-28-2055,recruit@taihonet.co.jp,自動車・自動車部品,2千～5千人未満,16～20名,89：リサイクル,コールド媒体一括,要注意(大),競合ATS確認,8,7.7%,0.42x,0.61x,1.15x,1.52x,4,経路[コールド媒体一括]0.42x｜業種[自動車・自動車部品]0.61x｜規模[2000-5000名]1.15x｜新卒採用[16-20名]1.52x｜競合ATS確認｜成約見込7.7%
東日本フード株式会社,011-757-7281,info@east-nf.com,商社（食品・農林・水産）,300～500人未満,11～15名,01：新規,コールド媒体一括,主戦場(スイート),ミニマム/ミドル,8,7.9%,0.42x,0.52x,1.41x,1.52x,4,経路[コールド媒体一括]0.42x｜業種[商社（食品・農林・水産）]0.52x｜規模[300-500名]1.41x｜新卒採用[11-15名]1.52x｜ミニマム/ミドル｜成約見込7.9%
日本電信電話株式会社,03-5205-5111,saiyo-ml@ml.ntt.com,通信・インフラ,2千～5千人未満,301名～,89：リサイクル,コールド媒体一括,要注意(大),競合ATS確認,8,7.9%,0.42x,0.87x,1.15x,1.10x,4,経路[コールド媒体一括]0.42x｜業種[通信・インフラ]0.87x｜規模[2000-5000名]1.15x｜新卒採用[101名+]1.10x｜競合ATS確認｜成約見込7.9%
福岡トヨペット株式会社,092-411-0159,89509@p-fukuoka.co.jp,商社（自動車関連・輸送用機器）,500～1千人未満,11～15名,89：リサイクル,コールド媒体一括,有効(中堅上),スタンダード提案,8,8.4%,0.42x,0.60x,1.30x,1.52x,4,経路[コールド媒体一括]0.42x｜業種[商社（自動車関連・輸送用機器）]0.60x｜規模[500-1000名]1.30x｜新卒採用[11-15名]1.52x｜スタンダード提案｜成約見込8.4%
北海道中央バス株式会社,011-221-5161,,陸運（貨物・バス・タクシー）,1千～2千人未満,11～15名,01：新規,コールド媒体一括,有効(上限),スタンダード提案,8,7.6%,0.42x,0.53x,1.30x,1.52x,4,経路[コールド媒体一括]0.42x｜業種[陸運（貨物・バス・タクシー）]0.53x｜規模[1000-2000名]1.30x｜新卒採用[11-15名]1.52x｜スタンダード提案｜成約見込7.6%
利昌工業株式会社,06-6345-8336,,半導体・電子・電気機器,500～1千人未満,16～20名,01：新規,コールド媒体一括,有効(中堅上),スタンダード提案,8,7.9%,0.42x,0.56x,1.30x,1.52x,4,経路[コールド媒体一括]0.42x｜業種[半導体・電子・電気機器]0.56x｜規模[500-1000名]1.30x｜新卒採用[16-20名]1.52x｜スタンダード提案｜成約見込7.9%
日本空港ビルデング株式会社,03-5757-8016,saiyou@jat-co.com,空港サービス,100～300人未満,16～20名,01：新規,コールド媒体一括,主戦場(スイート),ミニマム/ミドル,8,8.4%,0.42x,0.69x,1.12x,1.52x,4,経路[コールド媒体一括]0.42x｜業種[空港サービス]0.69x｜規模[100-300名]1.12x｜新卒採用[16-20名]1.52x｜ミニマム/ミドル｜成約見込8.4%
日本電子材料株式会社,06-6482-2007,saiyo@jem-net.co.jp,半導体・電子・電気機器,500～1千人未満,6～10名,89：リサイクル,コールド媒体一括,有効(中堅上),スタンダード提案,8,8.1%,0.42x,0.56x,1.30x,1.55x,4,経路[コールド媒体一括]0.42x｜業種[半導体・電子・電気機器]0.56x｜規模[500-1000名]1.30x｜新卒採用[6-10名]1.55x｜スタンダード提案｜成約見込8.1%
ダイハツ九州株式会社,0979-33-1232,m-okunishi@daihatsu-kyushu.co.jp,自動車・自動車部品,2千～5千人未満,21～25名,89：リサイクル,コールド媒体一括,要注意(大),競合ATS確認,8,7.7%,0.42x,0.61x,1.15x,1.53x,4,経路[コールド媒体一括]0.42x｜業種[自動車・自動車部品]0.61x｜規模[2000-5000名]1.15x｜新卒採用[21-30名]1.53x｜競合ATS確認｜成約見込7.7%
冨士発條株式会社,079-674-1600,iwase-m@fuji-springs.co.jp,自動車,300～500人未満,21～25名,89：リサイクル,お断り再利用,主戦場(スイート),ミニマム/ミドル,7,7.0%,0.50x,0.38x,1.41x,1.53x,4,経路[お断り再利用]0.50x｜業種[自動車]0.38x｜規模[300-500名]1.41x｜新卒採用[21-30名]1.53x｜ミニマム/ミドル｜成約見込7.0%
株式会社新開トランスポートシステムズ,03-6803-6703,shinkai-saiyo@stsnet.jp,物流・倉庫,1千～2千人未満,16～20名,89：リサイクル,コールド媒体一括,有効(上限),スタンダード提案,7,7.0%,0.42x,0.49x,1.30x,1.52x,4,経路[コールド媒体一括]0.42x｜業種[物流・倉庫]0.49x｜規模[1000-2000名]1.30x｜新卒採用[16-20名]1.52x｜スタンダード提案｜成約見込7.0%
元旦ビューティ工業株式会社,0466-45-8771,on849@gantan.co.jp,建材・エクステリア,300～500人未満,6～10名,89：リサイクル,コールド媒体一括,主戦場(スイート),ミニマム/ミドル,7,7.1%,0.42x,0.46x,1.41x,1.55x,4,経路[コールド媒体一括]0.42x｜業種[建材・エクステリア]0.46x｜規模[300-500名]1.41x｜新卒採用[6-10名]1.55x｜ミニマム/ミドル｜成約見込7.1%
オタフクソース株式会社,082-277-7111,jinji@otafuku.co.jp,食品,300～500人未満,11～15名,89：リサイクル,コールド媒体一括,主戦場(スイート),ミニマム/ミドル,7,6.5%,0.42x,0.43x,1.41x,1.52x,4,経路[コールド媒体一括]0.42x｜業種[食品]0.43x｜規模[300-500名]1.41x｜新卒採用[11-15名]1.52x｜ミニマム/ミドル｜成約見込6.5%
JR九州ファーストフーズ株式会社,092-451-2054,,外食・レストラン,100～300人未満,6～10名,89：リサイクル,コールド媒体一括,主戦場(スイート),ミニマム/ミドル,7,7.1%,0.42x,0.57x,1.12x,1.55x,4,経路[コールド媒体一括]0.42x｜業種[外食・レストラン]0.57x｜規模[100-300名]1.12x｜新卒採用[6-10名]1.55x｜ミニマム/ミドル｜成約見込7.1%
レンゴー株式会社,03-6716-7300,tjinji@rengo.co.jp,紙・パルプ,2千～5千人未満,46～50名,01：新規,コールド媒体一括,要注意(大),競合ATS確認,7,6.9%,0.42x,0.60x,1.15x,1.41x,4,経路[コールド媒体一括]0.42x｜業種[紙・パルプ]0.60x｜規模[2000-5000名]1.15x｜新卒採用[31-50名]1.41x｜競合ATS確認｜成約見込6.9%
ネッツトヨタ東九州株式会社,097-552-1001,,商社（自動車関連・輸送用機器）,100～300人未満,21～25名,89：リサイクル,コールド媒体一括,主戦場(スイート),ミニマム/ミドル,7,7.3%,0.42x,0.60x,1.12x,1.53x,4,経路[コールド媒体一括]0.42x｜業種[商社（自動車関連・輸送用機器）]0.60x｜規模[100-300名]1.12x｜新卒採用[21-30名]1.53x｜ミニマム/ミドル｜成約見込7.3%
ニチレキ株式会社,03-3265-1511,jinji@nichireki.jp,化学,300～500人未満,26～30名,02：担当者未接触,コールド媒体一括,主戦場(スイート),ミニマム/ミドル,7,7.1%,0.42x,0.46x,1.41x,1.53x,4,経路[コールド媒体一括]0.42x｜業種[化学]0.46x｜規模[300-500名]1.41x｜新卒採用[21-30名]1.53x｜ミニマム/ミドル｜成約見込7.1%
スターツアメニティー株式会社,043-274-1003,sa-recruit@amenity-net.co.jp,不動産,300～500人未満,21～25名,89：リサイクル,コールド媒体一括,主戦場(スイート),ミニマム/ミドル,7,7.1%,0.42x,0.46x,1.41x,1.53x,4,経路[コールド媒体一括]0.42x｜業種[不動産]0.46x｜規模[300-500名]1.41x｜新卒採用[21-30名]1.53x｜ミニマム/ミドル｜成約見込7.1%
ネッツトヨタ岡山株式会社,086-231-1110,,商社（自動車関連・輸送用機器）,100～300人未満,6～10名,89：リサイクル,コールド媒体一括,主戦場(スイート),ミニマム/ミドル,7,7.4%,0.42x,0.60x,1.12x,1.55x,4,経路[コールド媒体一括]0.42x｜業種[商社（自動車関連・輸送用機器）]0.60x｜規模[100-300名]1.12x｜新卒採用[6-10名]1.55x｜ミニマム/ミドル｜成約見込7.4%
岡谷鋼機株式会社,03-3215-7552,saiyo1@okaya.co.jp,商社（複合）,500～1千人未満,31～35名,02：担当者未接触,コールド媒体一括,有効(中堅上),スタンダード提案,7,6.9%,0.42x,0.53x,1.30x,1.41x,4,経路[コールド媒体一括]0.42x｜業種[商社（複合）]0.53x｜規模[500-1000名]1.30x｜新卒採用[31-50名]1.41x｜スタンダード提案｜成約見込6.9%
ルネッサンスリゾートオキナワ,06-6392-7600,osa-jinji@hpd-c.co.jp,ホテル・旅館,300～500人未満,51～100名,03：コネクト情報獲得,コールド媒体一括,主戦場(スイート),ミニマム/ミドル,7,6.9%,0.42x,0.52x,1.41x,1.32x,4,経路[コールド媒体一括]0.42x｜業種[ホテル・旅館]0.52x｜規模[300-500名]1.41x｜新卒採用[51-100名]1.32x｜ミニマム/ミドル｜成約見込6.9%
ラサ工業株式会社,03-3258-1811,jinji@rasa.co.jp,化学,300～500人未満,11～15名,01：新規,コールド媒体一括,主戦場(スイート),ミニマム/ミドル,7,7.1%,0.42x,0.46x,1.41x,1.52x,4,経路[コールド媒体一括]0.42x｜業種[化学]0.46x｜規模[300-500名]1.41x｜新卒採用[11-15名]1.52x｜ミニマム/ミドル｜成約見込7.1%
伊藤忠食品株式会社,03-5411-8511,,商社（食品・農林・水産）,500～1千人未満,41～45名,01：新規,コールド媒体一括,有効(中堅上),スタンダード提案,7,6.7%,0.42x,0.52x,1.30x,1.41x,4,経路[コールド媒体一括]0.42x｜業種[商社（食品・農林・水産）]0.52x｜規模[500-1000名]1.30x｜新卒採用[31-50名]1.41x｜スタンダード提案｜成約見込6.7%
宇部マテリアルズ株式会社,0836-31-0159,yuuichi.toda@ubematerials.co.jp,化学,500～1千人未満,6～10名,89：リサイクル,コールド媒体一括,有効(中堅上),スタンダード提案,7,6.6%,0.42x,0.46x,1.30x,1.55x,4,経路[コールド媒体一括]0.42x｜業種[化学]0.46x｜規模[500-1000名]1.30x｜新卒採用[6-10名]1.55x｜スタンダード提案｜成約見込6.6%
楽天カード株式会社,03-6740-6730,card-hr-recruit@mail.rakuten.com,クレジット・信販,1千～2千人未満,51～100名,03：コネクト情報獲得,コールド媒体一括,有効(上限),スタンダード提案,7,7.0%,0.42x,0.57x,1.30x,1.32x,4,経路[コールド媒体一括]0.42x｜業種[クレジット・信販]0.57x｜規模[1000-2000名]1.30x｜新卒採用[51-100名]1.32x｜スタンダード提案｜成約見込7.0%
株式会社オイシス,072-772-0144,,食品,300～500人未満,26～30名,02：担当者未接触,コールド媒体一括,主戦場(スイート),ミニマム/ミドル,7,6.5%,0.42x,0.43x,1.41x,1.53x,4,経路[コールド媒体一括]0.42x｜業種[食品]0.43x｜規模[300-500名]1.41x｜新卒採用[21-30名]1.53x｜ミニマム/ミドル｜成約見込6.5%
株式会社クリニコ,03-3793-4101,too-sasaki@morinagamilk.co.jp,食品,300～500人未満,16～20名,89：リサイクル,コールド媒体一括,主戦場(スイート),ミニマム/ミドル,7,6.5%,0.42x,0.43x,1.41x,1.52x,4,経路[コールド媒体一括]0.42x｜業種[食品]0.43x｜規模[300-500名]1.41x｜新卒採用[16-20名]1.52x｜ミニマム/ミドル｜成約見込6.5%
株式会社ソーシャルライフ,06-6147-3115,,福祉サービス,100～300人未満,6～10名,89：リサイクル,コールド媒体一括,主戦場(スイート),ミニマム/ミドル,7,6.9%,0.42x,0.55x,1.12x,1.55x,4,経路[コールド媒体一括]0.42x｜業種[福祉サービス]0.55x｜規模[100-300名]1.12x｜新卒採用[6-10名]1.55x｜ミニマム/ミドル｜成約見込6.9%
株式会社サンジェルマン,045-716-8501,sukeno@createrestaurants.com,食品,300～500人未満,6～10名,02：担当者未接触,コールド媒体一括,主戦場(スイート),ミニマム/ミドル,7,6.6%,0.42x,0.43x,1.41x,1.55x,4,経路[コールド媒体一括]0.42x｜業種[食品]0.43x｜規模[300-500名]1.41x｜新卒採用[6-10名]1.55x｜ミニマム/ミドル｜成約見込6.6%
株式会社ジャパンセミコンダクター,0197-71-3003,jsc-i-saiyou@jsemicon.co.jp,半導体・電子・電気機器,2千～5千人未満,11～15名,01：新規,コールド媒体一括,要注意(大),競合ATS確認,7,7.0%,0.42x,0.56x,1.15x,1.52x,4,経路[コールド媒体一括]0.42x｜業種[半導体・電子・電気機器]0.56x｜規模[2000-5000名]1.15x｜新卒採用[11-15名]1.52x｜競合ATS確認｜成約見込7.0%
株式会社パレスホテル,03-3211-5211,,ホテル・旅館,500～1千人未満,46～50名,89：リサイクル,コールド媒体一括,有効(中堅上),スタンダード提案,7,6.8%,0.42x,0.52x,1.30x,1.41x,4,経路[コールド媒体一括]0.42x｜業種[ホテル・旅館]0.52x｜規模[500-1000名]1.30x｜新卒採用[31-50名]1.41x｜スタンダード提案｜成約見込6.8%
株式会社モンロワール,03-6452-5952,takada@monloire.co.jp,専門店（食品・日用品）,100～300人未満,6～10名,89：リサイクル,コールド媒体一括,主戦場(スイート),ミニマム/ミドル,7,6.6%,0.42x,0.53x,1.12x,1.55x,4,経路[コールド媒体一括]0.42x｜業種[専門店（食品・日用品）]0.53x｜規模[100-300名]1.12x｜新卒採用[6-10名]1.55x｜ミニマム/ミドル｜成約見込6.6%
株式会社学映システム,0952-34-5280,kyujin@gakuei.co.jp,商社（文具・事務用品・日用品）,100～300人未満,6～10名,89：リサイクル,コールド媒体一括,主戦場(スイート),ミニマム/ミドル,7,7.0%,0.42x,0.57x,1.12x,1.55x,4,経路[コールド媒体一括]0.42x｜業種[商社（文具・事務用品・日用品）]0.57x｜規模[100-300名]1.12x｜新卒採用[6-10名]1.55x｜ミニマム/ミドル｜成約見込7.0%
株式会社寺岡製作所,03-3491-0459,saiyo3@teraokatape.co.jp,化学,500～1千人未満,11～15名,01：新規,コールド媒体一括,有効(中堅上),スタンダード提案,7,6.5%,0.42x,0.46x,1.30x,1.52x,4,経路[コールド媒体一括]0.42x｜業種[化学]0.46x｜規模[500-1000名]1.30x｜新卒採用[11-15名]1.52x｜スタンダード提案｜成約見込6.5%
株式会社長谷工アーベスト,03-5440-5810,hub_recruit@haseko.co.jp,不動産,300～500人未満,26～30名,02：担当者未接触,コールド媒体一括,主戦場(スイート),ミニマム/ミドル,7,7.1%,0.42x,0.46x,1.41x,1.53x,4,経路[コールド媒体一括]0.42x｜業種[不動産]0.46x｜規模[300-500名]1.41x｜新卒採用[21-30名]1.53x｜ミニマム/ミドル｜成約見込7.1%
三井不動産レジデンシャル株式会社,03-3246-3600,saiyo@mfr.co.jpe,不動産,1千～2千人未満,21～25名,01：新規,コールド媒体一括,有効(上限),スタンダード提案,7,6.5%,0.42x,0.46x,1.30x,1.53x,4,経路[コールド媒体一括]0.42x｜業種[不動産]0.46x｜規模[1000-2000名]1.30x｜新卒採用[21-30名]1.53x｜スタンダード提案｜成約見込6.5%
ロジスティード東日本株式会社,03-5812-4155,ldeast-recruit@logisteed.com,物流・倉庫,1千～2千人未満,21～25名,01：新規,コールド媒体一括,有効(上限),スタンダード提案,7,7.0%,0.42x,0.49x,1.30x,1.53x,4,経路[コールド媒体一括]0.42x｜業種[物流・倉庫]0.49x｜規模[1000-2000名]1.30x｜新卒採用[21-30名]1.53x｜スタンダード提案｜成約見込7.0%
ロジスティード南関東株式会社,045-641-2228,,物流・倉庫,500～1千人未満,11～15名,01：新規,コールド媒体一括,有効(中堅上),スタンダード提案,7,7.0%,0.42x,0.49x,1.30x,1.52x,4,経路[コールド媒体一括]0.42x｜業種[物流・倉庫]0.49x｜規模[500-1000名]1.30x｜新卒採用[11-15名]1.52x｜スタンダード提案｜成約見込7.0%
交通システム電機株式会社,03-5337-8801,soumu@tsec.co.jp,半導体・電子・電気機器,100～300人未満,6～10名,89：リサイクル,コールド媒体一括,主戦場(スイート),ミニマム/ミドル,7,6.9%,0.42x,0.56x,1.12x,1.55x,4,経路[コールド媒体一括]0.42x｜業種[半導体・電子・電気機器]0.56x｜規模[100-300名]1.12x｜新卒採用[6-10名]1.55x｜ミニマム/ミドル｜成約見込6.9%
岩井機械工業株式会社,03-3744-1119,,プラント・エンジニアリング,300～500人未満,11～15名,01：新規,コールド媒体一括,主戦場(スイート),ミニマム/ミドル,7,6.6%,0.42x,0.43x,1.41x,1.52x,4,経路[コールド媒体一括]0.42x｜業種[プラント・エンジニアリング]0.43x｜規模[300-500名]1.41x｜新卒採用[11-15名]1.52x｜ミニマム/ミドル｜成約見込6.6%
三井食品株式会社,03-6700-7102,jinji@mitsuifoods.co.jp,商社（食品・農林・水産）,1千～2千人未満,21～25名,01：新規,コールド媒体一括,有効(上限),スタンダード提案,7,7.3%,0.42x,0.52x,1.30x,1.53x,4,経路[コールド媒体一括]0.42x｜業種[商社（食品・農林・水産）]0.52x｜規模[1000-2000名]1.30x｜新卒採用[21-30名]1.53x｜スタンダード提案｜成約見込7.3%
三洋化成工業株式会社,075-541-4322,,化学,1千～2千人未満,11～15名,01：新規,コールド媒体一括,有効(上限),スタンダード提案,7,6.5%,0.42x,0.46x,1.30x,1.52x,4,経路[コールド媒体一括]0.42x｜業種[化学]0.46x｜規模[1000-2000名]1.30x｜新卒採用[11-15名]1.52x｜スタンダード提案｜成約見込6.5%
社会福祉法人ヒューマンライツ福祉協会,06-6636-9900,,福祉サービス,100～300人未満,6～10名,89：リサイクル,コールド媒体一括,主戦場(スイート),ミニマム/ミドル,7,6.9%,0.42x,0.55x,1.12x,1.55x,4,経路[コールド媒体一括]0.42x｜業種[福祉サービス]0.55x｜規模[100-300名]1.12x｜新卒採用[6-10名]1.55x｜ミニマム/ミドル｜成約見込6.9%
社会福祉法人松里福祉会,047-711-9129,,福祉サービス,100～300人未満,6～10名,89：リサイクル,コールド媒体一括,主戦場(スイート),ミニマム/ミドル,7,6.9%,0.42x,0.55x,1.12x,1.55x,4,経路[コールド媒体一括]0.42x｜業種[福祉サービス]0.55x｜規模[100-300名]1.12x｜新卒採用[6-10名]1.55x｜ミニマム/ミドル｜成約見込6.9%
社会福祉法人フジの会,075-641-7777,honbu@fujinokai.jp,福祉サービス,100～300人未満,6～10名,89：リサイクル,コールド媒体一括,主戦場(スイート),ミニマム/ミドル,7,6.9%,0.42x,0.55x,1.12x,1.55x,4,経路[コールド媒体一括]0.42x｜業種[福祉サービス]0.55x｜規模[100-300名]1.12x｜新卒採用[6-10名]1.55x｜ミニマム/ミドル｜成約見込6.9%
社会福祉法人おおとり福祉会,072-275-1555,,福祉サービス,100～300人未満,6～10名,89：リサイクル,コールド媒体一括,主戦場(スイート),ミニマム/ミドル,7,6.9%,0.42x,0.55x,1.12x,1.55x,4,経路[コールド媒体一括]0.42x｜業種[福祉サービス]0.55x｜規模[100-300名]1.12x｜新卒採用[6-10名]1.55x｜ミニマム/ミドル｜成約見込6.9%
社会福祉法人ナザレ園,029-296-0316,,福祉サービス,100～300人未満,11～15名,03：コネクト情報獲得,コールド媒体一括,主戦場(スイート),ミニマム/ミドル,7,6.8%,0.42x,0.55x,1.12x,1.52x,4,経路[コールド媒体一括]0.42x｜業種[福祉サービス]0.55x｜規模[100-300名]1.12x｜新卒採用[11-15名]1.52x｜ミニマム/ミドル｜成約見込6.8%
社会福祉法人心聖会,047-488-8222,y.ysmr@e-shinseikai.or.jp,福祉サービス,100～300人未満,6～10名,89：リサイクル,コールド媒体一括,主戦場(スイート),ミニマム/ミドル,7,6.9%,0.42x,0.55x,1.12x,1.55x,4,経路[コールド媒体一括]0.42x｜業種[福祉サービス]0.55x｜規模[100-300名]1.12x｜新卒採用[6-10名]1.55x｜ミニマム/ミドル｜成約見込6.9%
社会福祉法人サンライズ,042-597-2021,saiyou@h-sunrise.com,福祉サービス,100～300人未満,16～20名,01：新規,コールド媒体一括,主戦場(スイート),ミニマム/ミドル,7,6.8%,0.42x,0.55x,1.12x,1.52x,4,経路[コールド媒体一括]0.42x｜業種[福祉サービス]0.55x｜規模[100-300名]1.12x｜新卒採用[16-20名]1.52x｜ミニマム/ミドル｜成約見込6.8%
森ビル株式会社,03-6406-6633,students@mori.co.jp,不動産,1千～2千人未満,26～30名,02：担当者未接触,コールド媒体一括,有効(上限),スタンダード提案,7,6.5%,0.42x,0.46x,1.30x,1.53x,4,経路[コールド媒体一括]0.42x｜業種[不動産]0.46x｜規模[1000-2000名]1.30x｜新卒採用[21-30名]1.53x｜スタンダード提案｜成約見込6.5%
森トラスト株式会社,03-5511-2228,saiyou@mori-trust.co.jp,不動産,300～500人未満,16～20名,01：新規,コールド媒体一括,主戦場(スイート),ミニマム/ミドル,7,7.0%,0.42x,0.46x,1.41x,1.52x,4,経路[コールド媒体一括]0.42x｜業種[不動産]0.46x｜規模[300-500名]1.41x｜新卒採用[16-20名]1.52x｜ミニマム/ミドル｜成約見込7.0%
杉乃井ホテル&リゾート株式会社,0977-24-1141,jinji05@suginoi-hotel.com,ホテル・旅館,500～1千人未満,26～30名,89：リサイクル,コールド媒体一括,有効(中堅上),スタンダード提案,7,7.4%,0.42x,0.52x,1.30x,1.53x,4,経路[コールド媒体一括]0.42x｜業種[ホテル・旅館]0.52x｜規模[500-1000名]1.30x｜新卒採用[21-30名]1.53x｜スタンダード提案｜成約見込7.4%
東海交通機械株式会社総務部,052-566-2081,,サービス（その他）,500～1千人未満,16～20名,01：新規,コールド媒体一括,有効(中堅上),スタンダード提案,7,6.6%,0.42x,0.47x,1.30x,1.52x,4,経路[コールド媒体一括]0.42x｜業種[サービス（その他）]0.47x｜規模[500-1000名]1.30x｜新卒採用[16-20名]1.52x｜スタンダード提案｜成約見込6.6%
天昇電気工業株式会社,0595-20-1040,,化学,300～500人未満,11～15名,01：新規,コールド媒体一括,主戦場(スイート),ミニマム/ミドル,7,7.1%,0.42x,0.46x,1.41x,1.52x,4,経路[コールド媒体一括]0.42x｜業種[化学]0.46x｜規模[300-500名]1.41x｜新卒採用[11-15名]1.52x｜ミニマム/ミドル｜成約見込7.1%
日興自動車株式会社,03-3984-6251,,陸運（貨物・バス・タクシー）,100～300人未満,16～20名,89：リサイクル,コールド媒体一括,主戦場(スイート),ミニマム/ミドル,7,6.5%,0.42x,0.53x,1.12x,1.52x,4,経路[コールド媒体一括]0.42x｜業種[陸運（貨物・バス・タクシー）]0.53x｜規模[100-300名]1.12x｜新卒採用[16-20名]1.52x｜ミニマム/ミドル｜成約見込6.5%
八光自動車工業株式会社,06-6714-3338,,商社（自動車関連・輸送用機器）,100～300人未満,21～25名,01：新規,コールド媒体一括,主戦場(スイート),ミニマム/ミドル,7,7.3%,0.42x,0.60x,1.12x,1.53x,4,経路[コールド媒体一括]0.42x｜業種[商社（自動車関連・輸送用機器）]0.60x｜規模[100-300名]1.12x｜新卒採用[21-30名]1.53x｜ミニマム/ミドル｜成約見込7.3%
不二サッシ株式会社,03-6867-0770,recruit@fujisash.net,建材・エクステリア,500～1千人未満,21～25名,01：新規,コールド媒体一括,有効(中堅上),スタンダード提案,7,6.5%,0.42x,0.46x,1.30x,1.53x,4,経路[コールド媒体一括]0.42x｜業種[建材・エクステリア]0.46x｜規模[500-1000名]1.30x｜新卒採用[21-30名]1.53x｜スタンダード提案｜成約見込6.5%
北興化学工業株式会社,0859-270450,ejinji@hokkochem.co.jp,化学,500～1千人未満,11～15名,01：新規,コールド媒体一括,有効(中堅上),スタンダード提案,7,6.5%,0.42x,0.46x,1.30x,1.52x,4,経路[コールド媒体一括]0.42x｜業種[化学]0.46x｜規模[500-1000名]1.30x｜新卒採用[11-15名]1.52x｜スタンダード提案｜成約見込6.5%
トヨタモビリティパーツ株式会社広島支社・島根支社,082-885-1221,khir-ab0@hiroshima-kyohan.co.jp,商社（自動車関連・輸送用機器）,100～300人未満,6～10名,89：リサイクル,コールド媒体一括,主戦場(スイート),ミニマム/ミドル,7,7.4%,0.42x,0.60x,1.12x,1.55x,4,経路[コールド媒体一括]0.42x｜業種[商社（自動車関連・輸送用機器）]0.60x｜規模[100-300名]1.12x｜新卒採用[6-10名]1.55x｜ミニマム/ミドル｜成約見込7.4%
マツダクレジット株式会社,06-7739-0590,recruit@mazdacr.co.jp,クレジット・信販,100～300人未満,6～10名,89：リサイクル,コールド媒体一括,主戦場(スイート),ミニマム/ミドル,7,7.0%,0.42x,0.57x,1.12x,1.55x,4,経路[コールド媒体一括]0.42x｜業種[クレジット・信販]0.57x｜規模[100-300名]1.12x｜新卒採用[6-10名]1.55x｜ミニマム/ミドル｜成約見込7.0%
イサハヤ電子株式会社,0957-26-3592,saiyo@idc-com.co.jp,半導体・電子・電気機器,100～300人未満,6～10名,89：リサイクル,コールド媒体一括,主戦場(スイート),ミニマム/ミドル,7,6.9%,0.42x,0.56x,1.12x,1.55x,4,経路[コールド媒体一括]0.42x｜業種[半導体・電子・電気機器]0.56x｜規模[100-300名]1.12x｜新卒採用[6-10名]1.55x｜ミニマム/ミドル｜成約見込6.9%
キユーピーグループ,042-441-2074,saki_ito@dws.krs.co.jp,食品,500～1千人未満,21～25名,89：リサイクル,コールド媒体一括,有効(中堅上),スタンダード提案,6,6.0%,0.42x,0.43x,1.30x,1.53x,4,経路[コールド媒体一括]0.42x｜業種[食品]0.43x｜規模[500-1000名]1.30x｜新卒採用[21-30名]1.53x｜スタンダード提案｜成約見込6.0%
株式会社オンアンドオン,03-6258-2960,recruit@onandon.jp,福祉サービス,100～300人未満,31～35名,89：リサイクル,コールド媒体一括,主戦場(スイート),ミニマム/ミドル,6,6.2%,0.42x,0.55x,1.12x,1.41x,4,経路[コールド媒体一括]0.42x｜業種[福祉サービス]0.55x｜規模[100-300名]1.12x｜新卒採用[31-50名]1.41x｜ミニマム/ミドル｜成約見込6.2%
国際空港上屋株式会社,03-3863-5930,iactsaiyou@iactcgo.co.jp,物流・倉庫,100～300人未満,11～15名,02：担当者未接触,コールド媒体一括,主戦場(スイート),ミニマム/ミドル,6,6.0%,0.42x,0.49x,1.12x,1.52x,4,経路[コールド媒体一括]0.42x｜業種[物流・倉庫]0.49x｜規模[100-300名]1.12x｜新卒採用[11-15名]1.52x｜ミニマム/ミドル｜成約見込6.0%
東洋不動産株式会社,03-3504-2281,t-arai@toyopro.co.jp,不動産,100～300人未満,6～10名,89：リサイクル,コールド媒体一括,主戦場(スイート),ミニマム/ミドル,6,5.7%,0.42x,0.46x,1.12x,1.55x,4,経路[コールド媒体一括]0.42x｜業種[不動産]0.46x｜規模[100-300名]1.12x｜新卒採用[6-10名]1.55x｜ミニマム/ミドル｜成約見込5.7%
エヌ・ティ・ティ都市開発株式会社,03-6811-6300,ntt-ud@disc.co.jp,不動産,300～500人未満,36～40名,89：リサイクル,コールド媒体一括,主戦場(スイート),ミニマム/ミドル,6,6.5%,0.42x,0.46x,1.41x,1.41x,4,経路[コールド媒体一括]0.42x｜業種[不動産]0.46x｜規模[300-500名]1.41x｜新卒採用[31-50名]1.41x｜ミニマム/ミドル｜成約見込6.5%
オハヨー乳業株式会社,03-5275-0840,w_jinji@ohayo-milk.com,食品,500～1千人未満,21～25名,04：ジャッジ,コールド媒体一括,有効(中堅上),スタンダード提案,6,6.0%,0.42x,0.43x,1.30x,1.53x,4,経路[コールド媒体一括]0.42x｜業種[食品]0.43x｜規模[500-1000名]1.30x｜新卒採用[21-30名]1.53x｜スタンダード提案｜成約見込6.0%
テルウェル東日本株式会社,03-3350-7121,jinkai@telwel-east.co.jp,商社（文具・事務用品・日用品）,5千～1万人未満,16～20名,01：新規,コールド媒体一括,要注意(大),競合ATS確認,6,5.5%,0.42x,0.57x,0.89x,1.52x,4,経路[コールド媒体一括]0.42x｜業種[商社（文具・事務用品・日用品）]0.57x｜規模[5000-1万名]0.89x｜新卒採用[16-20名]1.52x｜競合ATS確認｜成約見込5.5%
フルラジャパン株式会社,03-5770-4161,recruit.japan@furla.com,商社（アパレル・ファッション関連）,300～500人未満,21～25名,01：新規,コールド媒体一括,主戦場(スイート),ミニマム/ミドル,6,5.6%,0.42x,0.37x,1.41x,1.53x,4,経路[コールド媒体一括]0.42x｜業種[商社（アパレル・ファッション関連）]0.37x｜規模[300-500名]1.41x｜新卒採用[21-30名]1.53x｜ミニマム/ミドル｜成約見込5.6%
一般社団法人日本貨物検数協会,03-3543-3217,tokyosou2@jctc.or.jp,サービス（その他）,1千～2千人未満,51～100名,01：新規,コールド媒体一括,有効(上限),スタンダード提案,6,5.7%,0.42x,0.47x,1.30x,1.32x,4,経路[コールド媒体一括]0.42x｜業種[サービス（その他）]0.47x｜規模[1000-2000名]1.30x｜新卒採用[51-100名]1.32x｜スタンダード提案｜成約見込5.7%
横河電機株式会社,0422-52-7796,entry@cs.jp.yokogawa.com,重電・産業用電気機器,2千～5千人未満,41～45名,89：リサイクル,コールド媒体一括,要注意(大),競合ATS確認,6,5.5%,0.42x,0.48x,1.15x,1.41x,4,経路[コールド媒体一括]0.42x｜業種[重電・産業用電気機器]0.48x｜規模[2000-5000名]1.15x｜新卒採用[31-50名]1.41x｜競合ATS確認｜成約見込5.5%
株式会社アール・ティー・コーポレーション,03-5205-6041,tsuruoka@rt-c.co.jp,外食・レストラン,100～300人未満,36～40名,89：リサイクル,コールド媒体一括,主戦場(スイート),ミニマム/ミドル,6,6.5%,0.42x,0.57x,1.12x,1.41x,4,経路[コールド媒体一括]0.42x｜業種[外食・レストラン]0.57x｜規模[100-300名]1.12x｜新卒採用[31-50名]1.41x｜ミニマム/ミドル｜成約見込6.5%
株式会社キャスト,0123-46-5472,cast.roumu@hkkg.co.jp,サービス（その他）,100～300人未満,21～25名,01：新規,コールド媒体一括,主戦場(スイート),ミニマム/ミドル,6,5.7%,0.42x,0.47x,1.12x,1.53x,4,経路[コールド媒体一括]0.42x｜業種[サービス（その他）]0.47x｜規模[100-300名]1.12x｜新卒採用[21-30名]1.53x｜ミニマム/ミドル｜成約見込5.7%
株式会社エスアールエル,03-6279-0900,huhd.saiyo@hugp.com,サービス（その他）,2千～5千人未満,16～20名,01：新規,コールド媒体一括,要注意(大),競合ATS確認,6,5.9%,0.42x,0.47x,1.15x,1.52x,4,経路[コールド媒体一括]0.42x｜業種[サービス（その他）]0.47x｜規模[2000-5000名]1.15x｜新卒採用[16-20名]1.52x｜競合ATS確認｜成約見込5.9%
株式会社虎屋,03-3408-4127,,食品,500～1千人未満,11～15名,01：新規,コールド媒体一括,有効(中堅上),スタンダード提案,6,6.0%,0.42x,0.43x,1.30x,1.52x,4,経路[コールド媒体一括]0.42x｜業種[食品]0.43x｜規模[500-1000名]1.30x｜新卒採用[11-15名]1.52x｜スタンダード提案｜成約見込6.0%
株式会社ジーテクト,042-553-9388,recruit@g-tekt.jp,自動車,1千～2千人未満,26～30名,04：ジャッジ,お断り再利用,有効(上限),スタンダード提案,6,6.5%,0.50x,0.38x,1.30x,1.53x,4,経路[お断り再利用]0.50x｜業種[自動車]0.38x｜規模[1000-2000名]1.30x｜新卒採用[21-30名]1.53x｜スタンダード提案｜成約見込6.5%
株式会社スズキ自販湘南,0463-55-3810,sinuduka@j-syonan.sdr.suzuki,専門店（自動車関連）,100～300人未満,6～10名,01：新規,コールド媒体一括,主戦場(スイート),ミニマム/ミドル,6,6.4%,0.42x,0.51x,1.12x,1.55x,4,経路[コールド媒体一括]0.42x｜業種[専門店（自動車関連）]0.51x｜規模[100-300名]1.12x｜新卒採用[6-10名]1.55x｜ミニマム/ミドル｜成約見込6.4%
株式会社スタディーネットワーク,055-223-5507,gakushu-kukan@study-network.com,教育,100～300人未満,16～20名,89：リサイクル,コールド媒体一括,主戦場(スイート),ミニマム/ミドル,6,6.0%,0.42x,0.49x,1.12x,1.52x,4,経路[コールド媒体一括]0.42x｜業種[教育]0.49x｜規模[100-300名]1.12x｜新卒採用[16-20名]1.52x｜ミニマム/ミドル｜成約見込6.0%
株式会社デンソーテン,078-682-2009,grm-fresh@denso-ten.com,自動車・自動車部品,2千～5千人未満,101～200名,02：担当者未接触,コールド媒体一括,要注意(大),競合ATS確認,6,5.5%,0.42x,0.61x,1.15x,1.10x,4,経路[コールド媒体一括]0.42x｜業種[自動車・自動車部品]0.61x｜規模[2000-5000名]1.15x｜新卒採用[101名+]1.10x｜競合ATS確認｜成約見込5.5%
株式会社ナカムラロジスティクス,03-3451-4161,jinji-saiyo@nli.jp,物流・倉庫,100～300人未満,6～10名,02：担当者未接触,コールド媒体一括,主戦場(スイート),ミニマム/ミドル,6,6.1%,0.42x,0.49x,1.12x,1.55x,4,経路[コールド媒体一括]0.42x｜業種[物流・倉庫]0.49x｜規模[100-300名]1.12x｜新卒採用[6-10名]1.55x｜ミニマム/ミドル｜成約見込6.1%
株式会社フジキン,03-5209-8251,entry-hon@fujikin.co.jp,精密機器,500～1千人未満,51～100名,04：ジャッジ,コールド媒体一括,有効(中堅上),スタンダード提案,6,5.6%,0.42x,0.46x,1.30x,1.32x,4,経路[コールド媒体一括]0.42x｜業種[精密機器]0.46x｜規模[500-1000名]1.30x｜新卒採用[51-100名]1.32x｜スタンダード提案｜成約見込5.6%
株式会社ビームス,03-3470-9237,,専門店（アパレル・ファッション関連）,1千～2千人未満,26～30名,89：リサイクル,コールド媒体一括,有効(上限),スタンダード提案,6,6.2%,0.42x,0.43x,1.30x,1.53x,4,経路[コールド媒体一括]0.42x｜業種[専門店（アパレル・ファッション関連）]0.43x｜規模[1000-2000名]1.30x｜新卒採用[21-30名]1.53x｜スタンダード提案｜成約見込6.2%
株式会社医療システム研究所,03-5543-0176,recruit@srd-hd.co.jp,サービス（その他）,100～300人未満,16～20名,01：新規,コールド媒体一括,主戦場(スイート),ミニマム/ミドル,6,5.7%,0.42x,0.47x,1.12x,1.52x,4,経路[コールド媒体一括]0.42x｜業種[サービス（その他）]0.47x｜規模[100-300名]1.12x｜新卒採用[16-20名]1.52x｜ミニマム/ミドル｜成約見込5.7%
株式会社ロジパルエクスプレス,03-3695-5151,blp-saiyo@blpinc.com,物流・倉庫,100～300人未満,11～15名,01：新規,コールド媒体一括,主戦場(スイート),ミニマム/ミドル,6,6.0%,0.42x,0.49x,1.12x,1.52x,4,経路[コールド媒体一括]0.42x｜業種[物流・倉庫]0.49x｜規模[100-300名]1.12x｜新卒採用[11-15名]1.52x｜ミニマム/ミドル｜成約見込6.0%
株式会社ベニレイ,03-3769-0031,saiyo@benirei.co.jp,商社（食品・農林・水産）,100～300人未満,11～15名,01：新規,コールド媒体一括,主戦場(スイート),ミニマム/ミドル,6,6.3%,0.42x,0.52x,1.12x,1.52x,4,経路[コールド媒体一括]0.42x｜業種[商社（食品・農林・水産）]0.52x｜規模[100-300名]1.12x｜新卒採用[11-15名]1.52x｜ミニマム/ミドル｜成約見込6.3%
株式会社ミリアルリゾートホテルズ,047-305-2815→②→⑤,,ホテル・旅館,1千～2千人未満,51～100名,03：コネクト情報獲得,コールド媒体一括,有効(上限),スタンダード提案,6,6.4%,0.42x,0.52x,1.30x,1.32x,4,経路[コールド媒体一括]0.42x｜業種[ホテル・旅館]0.52x｜規模[1000-2000名]1.30x｜新卒採用[51-100名]1.32x｜スタンダード提案｜成約見込6.4%
株式会社ヰセキ関東,029-887-6131,saiyo@iseki-kkse.co.jp,商社（機械・プラント・環境）,500～1千人未満,16～20名,89：リサイクル,コールド媒体一括,有効(中堅上),スタンダード提案,6,5.6%,0.42x,0.39x,1.30x,1.52x,4,経路[コールド媒体一括]0.42x｜業種[商社（機械・プラント・環境）]0.39x｜規模[500-1000名]1.30x｜新卒採用[16-20名]1.52x｜スタンダード提案｜成約見込5.6%
株式会社ワイエムシィ,075-342-4510,recruit@ymc.co.jp,化学,100～300人未満,16～20名,89：リサイクル,コールド媒体一括,主戦場(スイート),ミニマム/ミドル,6,5.6%,0.42x,0.46x,1.12x,1.52x,4,経路[コールド媒体一括]0.42x｜業種[化学]0.46x｜規模[100-300名]1.12x｜新卒採用[16-20名]1.52x｜ミニマム/ミドル｜成約見込5.6%
株式会社丸山運送,022-258-0665,to.takeuchi@the080.co.jp,物流・倉庫,100～300人未満,11～15名,01：新規,コールド媒体一括,主戦場(スイート),ミニマム/ミドル,6,6.0%,0.42x,0.49x,1.12x,1.52x,4,経路[コールド媒体一括]0.42x｜業種[物流・倉庫]0.49x｜規模[100-300名]1.12x｜新卒採用[11-15名]1.52x｜ミニマム/ミドル｜成約見込6.0%
株式会社関電パワーテック,06-4705-8630,saiyou@kanden-pt.co.jp,プラント・エンジニアリング,500～1千人未満,11～15名,01：新規,コールド媒体一括,有効(中堅上),スタンダード提案,6,6.1%,0.42x,0.43x,1.30x,1.52x,4,経路[コールド媒体一括]0.42x｜業種[プラント・エンジニアリング]0.43x｜規模[500-1000名]1.30x｜新卒採用[11-15名]1.52x｜スタンダード提案｜成約見込6.1%
株式会社紀文食品,03-6891-2600,saiyo_tanto@kibun.co.jp,食品,1千～2千人未満,16～20名,01：新規,コールド媒体一括,有効(上限),スタンダード提案,6,6.0%,0.42x,0.43x,1.30x,1.52x,4,経路[コールド媒体一括]0.42x｜業種[食品]0.43x｜規模[1000-2000名]1.30x｜新卒採用[16-20名]1.52x｜スタンダード提案｜成約見込6.0%
株式会社三井不動産ホテルマネジメント,03-3548-0338,human_resource@gardenhotels.co.jp,ホテル・旅館,500～1千人未満,51～100名,04：ジャッジ,コールド媒体一括,有効(中堅上),スタンダード提案,6,6.4%,0.42x,0.52x,1.30x,1.32x,4,経路[コールド媒体一括]0.42x｜業種[ホテル・旅館]0.52x｜規模[500-1000名]1.30x｜新卒採用[51-100名]1.32x｜スタンダード提案｜成約見込6.4%
株式会社長谷工リアルエステート,03-5440-5808,hre-saiyo@haseko.co.jp,不動産,300～500人未満,51～100名,02：担当者未接触,コールド媒体一括,主戦場(スイート),ミニマム/ミドル,6,6.1%,0.42x,0.46x,1.41x,1.32x,4,経路[コールド媒体一括]0.42x｜業種[不動産]0.46x｜規模[300-500名]1.41x｜新卒採用[51-100名]1.32x｜ミニマム/ミドル｜成約見込6.1%
株式会社築港,078-391-6680,,物流・倉庫,100～300人未満,11～15名,01：新規,コールド媒体一括,主戦場(スイート),ミニマム/ミドル,6,6.0%,0.42x,0.49x,1.12x,1.52x,4,経路[コールド媒体一括]0.42x｜業種[物流・倉庫]0.49x｜規模[100-300名]1.12x｜新卒採用[11-15名]1.52x｜ミニマム/ミドル｜成約見込6.0%
株式会社東京エネシス,03-6371-5321,ishihara.10588@qtes.co.jp,プラント・エンジニアリング,1千～2千人未満,36～40名,89：リサイクル,コールド媒体一括,有効(上限),スタンダード提案,6,5.6%,0.42x,0.43x,1.30x,1.41x,4,経路[コールド媒体一括]0.42x｜業種[プラント・エンジニアリング]0.43x｜規模[1000-2000名]1.30x｜新卒採用[31-50名]1.41x｜スタンダード提案｜成約見込5.6%
株式会社東海近畿クボタ,06-6491-6633,,商社（機械・プラント・環境）,500～1千人未満,16～20名,01：新規,コールド媒体一括,有効(中堅上),スタンダード提案,6,5.6%,0.42x,0.39x,1.30x,1.52x,4,経路[コールド媒体一括]0.42x｜業種[商社（機械・プラント・環境）]0.39x｜規模[500-1000名]1.30x｜新卒採用[16-20名]1.52x｜スタンダード提案｜成約見込5.6%
株式会社二葉,03-3473-8210,,物流・倉庫,100～300人未満,16～20名,01：新規,コールド媒体一括,主戦場(スイート),ミニマム/ミドル,6,6.0%,0.42x,0.49x,1.12x,1.52x,4,経路[コールド媒体一括]0.42x｜業種[物流・倉庫]0.49x｜規模[100-300名]1.12x｜新卒採用[16-20名]1.52x｜ミニマム/ミドル｜成約見込6.0%
株式会社奈良自動車学校,0742-45-4666,s-masuo@ace.ocn.ne.jp,教育,100～300人未満,11～15名,89：リサイクル,コールド媒体一括,主戦場(スイート),ミニマム/ミドル,6,6.0%,0.42x,0.49x,1.12x,1.52x,4,経路[コールド媒体一括]0.42x｜業種[教育]0.49x｜規模[100-300名]1.12x｜新卒採用[11-15名]1.52x｜ミニマム/ミドル｜成約見込6.0%
551HORAIグループ,06-7733-0551,jinji@551horai.co.jp,食品,500～1千人未満,11～15名,03：コネクト情報獲得,コールド媒体一括,有効(中堅上),スタンダード提案,6,6.0%,0.42x,0.43x,1.30x,1.52x,4,経路[コールド媒体一括]0.42x｜業種[食品]0.43x｜規模[500-1000名]1.30x｜新卒採用[11-15名]1.52x｜スタンダード提案｜成約見込6.0%
株式会社舞浜コーポレーション,047-305-5370,som@mcc.olc.co.jp,サービス（その他）,100～300人未満,6～10名,89：リサイクル,コールド媒体一括,主戦場(スイート),ミニマム/ミドル,6,5.8%,0.42x,0.47x,1.12x,1.55x,4,経路[コールド媒体一括]0.42x｜業種[サービス（その他）]0.47x｜規模[100-300名]1.12x｜新卒採用[6-10名]1.55x｜ミニマム/ミドル｜成約見込5.8%
株式会社林原,086-224-4309,,食品,500～1千人未満,6～10名,89：リサイクル,コールド媒体一括,有効(中堅上),スタンダード提案,6,6.1%,0.42x,0.43x,1.30x,1.55x,4,経路[コールド媒体一括]0.42x｜業種[食品]0.43x｜規模[500-1000名]1.30x｜新卒採用[6-10名]1.55x｜スタンダード提案｜成約見込6.1%
三菱地所株式会社,03-3287-5100,recruit@mec.co.jp,不動産,500～1千人未満,51～100名,89：リサイクル,コールド媒体一括,有効(中堅上),スタンダード提案,6,5.6%,0.42x,0.46x,1.30x,1.32x,4,経路[コールド媒体一括]0.42x｜業種[不動産]0.46x｜規模[500-1000名]1.30x｜新卒採用[51-100名]1.32x｜スタンダード提案｜成約見込5.6%
三菱食品株式会社,03-4553-5005,saiyo@mitsubishi-shokuhin.com,商社（食品・農林・水産）,2千～5千人未満,51～100名,02：担当者未接触,コールド媒体一括,要注意(大),競合ATS確認,6,5.6%,0.42x,0.52x,1.15x,1.32x,4,経路[コールド媒体一括]0.42x｜業種[商社（食品・農林・水産）]0.52x｜規模[2000-5000名]1.15x｜新卒採用[51-100名]1.32x｜競合ATS確認｜成約見込5.6%
三菱電機ロジスティクス株式会社,03-5352-2700,,物流・倉庫,1千～2千人未満,36～40名,89：リサイクル,コールド媒体一括,有効(上限),スタンダード提案,6,6.5%,0.42x,0.49x,1.30x,1.41x,4,経路[コールド媒体一括]0.42x｜業種[物流・倉庫]0.49x｜規模[1000-2000名]1.30x｜新卒採用[31-50名]1.41x｜スタンダード提案｜成約見込6.5%
三菱ＵＦＪ不動産販売株式会社,03-3237-4500,,不動産,1千～2千人未満,46～50名,89：リサイクル,コールド媒体一括,有効(上限),スタンダード提案,6,6.0%,0.42x,0.46x,1.30x,1.41x,4,経路[コールド媒体一括]0.42x｜業種[不動産]0.46x｜規模[1000-2000名]1.30x｜新卒採用[31-50名]1.41x｜スタンダード提案｜成約見込6.0%
三井倉庫ホールディングス株式会社,03-6775-3140,recruit@mitsui-soko.co.jp,物流・倉庫,100～300人未満,26～30名,01：新規,コールド媒体一括,主戦場(スイート),ミニマム/ミドル,6,6.0%,0.42x,0.49x,1.12x,1.53x,4,経路[コールド媒体一括]0.42x｜業種[物流・倉庫]0.49x｜規模[100-300名]1.12x｜新卒採用[21-30名]1.53x｜ミニマム/ミドル｜成約見込6.0%
三井不動産リアルティ九州株式会社,092-711-1131,,不動産,100～300人未満,11～15名,01：新規,コールド媒体一括,主戦場(スイート),ミニマム/ミドル,6,5.6%,0.42x,0.46x,1.12x,1.52x,4,経路[コールド媒体一括]0.42x｜業種[不動産]0.46x｜規模[100-300名]1.12x｜新卒採用[11-15名]1.52x｜ミニマム/ミドル｜成約見込5.6%
三菱ロジスネクスト株式会社,075-956-8606,saiyo-u@logisnext.com,輸送用機器（船舶・航空・宇宙関連など）,1千～2千人未満,26～30名,01：新規,コールド媒体一括,有効(上限),スタンダード提案,6,6.4%,0.42x,0.45x,1.30x,1.53x,4,経路[コールド媒体一括]0.42x｜業種[輸送用機器（船舶・航空・宇宙関連など）]0.45x｜規模[1000-2000名]1.30x｜新卒採用[21-30名]1.53x｜スタンダード提案｜成約見込6.4%
三陽物産株式会社,06-6352-1121,,商社（食品・農林・水産）,100～300人未満,11～15名,01：新規,コールド媒体一括,主戦場(スイート),ミニマム/ミドル,6,6.3%,0.42x,0.52x,1.12x,1.52x,4,経路[コールド媒体一括]0.42x｜業種[商社（食品・農林・水産）]0.52x｜規模[100-300名]1.12x｜新卒採用[11-15名]1.52x｜ミニマム/ミドル｜成約見込6.3%
社会福祉法人勇成会,029-304-4666,arisunomori@yuuseikai.jp,福祉・介護,100～300人未満,6～10名,89：リサイクル,コールド媒体一括,主戦場(スイート),ミニマム/ミドル,6,6.4%,0.42x,0.52x,1.12x,1.55x,4,経路[コールド媒体一括]0.42x｜業種[福祉・介護]0.52x｜規模[100-300名]1.12x｜新卒採用[6-10名]1.55x｜ミニマム/ミドル｜成約見込6.4%
上村建設株式会社総務部,092-475-6551,saiyou@uemura-grp.net,建設,100～300人未満,16～20名,89：リサイクル,コールド媒体一括,主戦場(スイート),ミニマム/ミドル,6,5.5%,0.42x,0.45x,1.12x,1.52x,4,経路[コールド媒体一括]0.42x｜業種[建設]0.45x｜規模[100-300名]1.12x｜新卒採用[16-20名]1.52x｜ミニマム/ミドル｜成約見込5.5%
新幹線メンテナンス東海株式会社,03-6630-2241,smt-recruit@smt-jp.co.jp,サービス（その他）,2千～5千人未満,16～20名,01：新規,コールド媒体一括,要注意(大),競合ATS確認,6,5.9%,0.42x,0.47x,1.15x,1.52x,4,経路[コールド媒体一括]0.42x｜業種[サービス（その他）]0.47x｜規模[2000-5000名]1.15x｜新卒採用[16-20名]1.52x｜競合ATS確認｜成約見込5.9%
大都魚類株式会社,03-3520-8010,jinji-tantou@ml.daitogyorui.co.jp,商社（食品・農林・水産）,100～300人未満,11～15名,01：新規,コールド媒体一括,主戦場(スイート),ミニマム/ミドル,6,6.3%,0.42x,0.52x,1.12x,1.52x,4,経路[コールド媒体一括]0.42x｜業種[商社（食品・農林・水産）]0.52x｜規模[100-300名]1.12x｜新卒採用[11-15名]1.52x｜ミニマム/ミドル｜成約見込6.3%
東京ガスライフバル千葉株式会社,043-204-4126,lv-chiba.saiyou@tg-lifeval.com,設備工事,300～500人未満,21～25名,01：新規,コールド媒体一括,主戦場(スイート),ミニマム/ミドル,6,6.1%,0.42x,0.39x,1.41x,1.53x,4,経路[コールド媒体一括]0.42x｜業種[設備工事]0.39x｜規模[300-500名]1.41x｜新卒採用[21-30名]1.53x｜ミニマム/ミドル｜成約見込6.1%
東都水産株式会社,03-3541-5665,recruit@tohsui.co.jp,商社（食品・農林・水産）,100～300人未満,16～20名,01：新規,コールド媒体一括,主戦場(スイート),ミニマム/ミドル,6,6.3%,0.42x,0.52x,1.12x,1.52x,4,経路[コールド媒体一括]0.42x｜業種[商社（食品・農林・水産）]0.52x｜規模[100-300名]1.12x｜新卒採用[16-20名]1.52x｜ミニマム/ミドル｜成約見込6.3%
東日本住宅株式会社,03-3345-5211,,不動産,100～300人未満,16～20名,01：新規,コールド媒体一括,主戦場(スイート),ミニマム/ミドル,6,5.6%,0.42x,0.46x,1.12x,1.52x,4,経路[コールド媒体一括]0.42x｜業種[不動産]0.46x｜規模[100-300名]1.12x｜新卒採用[16-20名]1.52x｜ミニマム/ミドル｜成約見込5.6%
東洋埠頭株式会社,03-5560-2701,jinji@toyofuto.co.jp,物流・倉庫,100～300人未満,11～15名,01：新規,コールド媒体一括,主戦場(スイート),ミニマム/ミドル,6,6.0%,0.42x,0.49x,1.12x,1.52x,4,経路[コールド媒体一括]0.42x｜業種[物流・倉庫]0.49x｜規模[100-300名]1.12x｜新卒採用[11-15名]1.52x｜ミニマム/ミドル｜成約見込6.0%
日本興業株式会社,087-894-8130,,建材・エクステリア,100～300人未満,6～10名,89：リサイクル,コールド媒体一括,主戦場(スイート),ミニマム/ミドル,6,5.7%,0.42x,0.46x,1.12x,1.55x,4,経路[コールド媒体一括]0.42x｜業種[建材・エクステリア]0.46x｜規模[100-300名]1.12x｜新卒採用[6-10名]1.55x｜ミニマム/ミドル｜成約見込5.7%
富士フイルムグループ,0457-270422,dge-fbmfg-saiyo@fujifilm.com,精密機器,2千～5千人未満,11～15名,01：新規,コールド媒体一括,要注意(大),競合ATS確認,6,5.7%,0.42x,0.46x,1.15x,1.52x,4,経路[コールド媒体一括]0.42x｜業種[精密機器]0.46x｜規模[2000-5000名]1.15x｜新卒採用[11-15名]1.52x｜競合ATS確認｜成約見込5.7%
巴工業株式会社総務部,03-3442-5120,jinji@tomo-e.co.jp,機械,300～500人未満,16～20名,89：リサイクル,コールド媒体一括,主戦場(スイート),ミニマム/ミドル,6,5.7%,0.42x,0.37x,1.41x,1.52x,4,経路[コールド媒体一括]0.42x｜業種[機械]0.37x｜規模[300-500名]1.41x｜新卒採用[16-20名]1.52x｜ミニマム/ミドル｜成約見込5.7%
不二製油株式会社,072-463-1511,,食品,1千～2千人未満,11～15名,89：リサイクル,コールド媒体一括,有効(上限),スタンダード提案,6,6.0%,0.42x,0.43x,1.30x,1.52x,4,経路[コールド媒体一括]0.42x｜業種[食品]0.43x｜規模[1000-2000名]1.30x｜新卒採用[11-15名]1.52x｜スタンダード提案｜成約見込6.0%
ユアサ・フナショク株式会社,047-433-1211,s-jinji@y-f.co.jp,商社（食品・農林・水産）,100～300人未満,11～15名,89：リサイクル,コールド媒体一括,主戦場(スイート),ミニマム/ミドル,6,6.3%,0.42x,0.52x,1.12x,1.52x,4,経路[コールド媒体一括]0.42x｜業種[商社（食品・農林・水産）]0.52x｜規模[100-300名]1.12x｜新卒採用[11-15名]1.52x｜ミニマム/ミドル｜成約見込6.3%
りんかい日産建設株式会社,03-6897-4801→⑨,saiyo@rncc.co.jp,建設,500～1千人未満,26～30名,02：担当者未接触,コールド媒体一括,有効(中堅上),スタンダード提案,6,6.5%,0.42x,0.45x,1.30x,1.53x,4,経路[コールド媒体一括]0.42x｜業種[建設]0.45x｜規模[500-1000名]1.30x｜新卒採用[21-30名]1.53x｜スタンダード提案｜成約見込6.5%
日本フイルコン株式会社,042-377-5711,nf-saiyou@filcon.co.jp,金属製品,300～500人未満,6～10名,89：リサイクル,コールド媒体一括,主戦場(スイート),ミニマム/ミドル,5,5.0%,0.42x,0.32x,1.41x,1.55x,4,経路[コールド媒体一括]0.42x｜業種[金属製品]0.32x｜規模[300-500名]1.41x｜新卒採用[6-10名]1.55x｜ミニマム/ミドル｜成約見込5.0%
アサヒビール株式会社,0570-00-5112,,食品,2千～5千人未満,31～35名,01：新規,コールド媒体一括,要注意(大),競合ATS確認,5,4.9%,0.42x,0.43x,1.15x,1.41x,4,経路[コールド媒体一括]0.42x｜業種[食品]0.43x｜規模[2000-5000名]1.15x｜新卒採用[31-50名]1.41x｜競合ATS確認｜成約見込4.9%
キユーピー株式会社,03-3486-3090,,食品,2千～5千人未満,26～30名,01：新規,コールド媒体一括,要注意(大),競合ATS確認,5,5.4%,0.42x,0.43x,1.15x,1.53x,4,経路[コールド媒体一括]0.42x｜業種[食品]0.43x｜規模[2000-5000名]1.15x｜新卒採用[21-30名]1.53x｜競合ATS確認｜成約見込5.4%
コマツカスタマーサポート株式会社,0535-270160,kcsj@trps.jp,商社（機械・プラント・環境）,2千～5千人未満,31～35名,02：担当者未接触,コールド媒体一括,要注意(大),競合ATS確認,5,4.6%,0.42x,0.39x,1.15x,1.41x,4,経路[コールド媒体一括]0.42x｜業種[商社（機械・プラント・環境）]0.39x｜規模[2000-5000名]1.15x｜新卒採用[31-50名]1.41x｜競合ATS確認｜成約見込4.6%
デリア食品株式会社,03-5384-7700,,食品,100～300人未満,6～10名,01：新規,コールド媒体一括,主戦場(スイート),ミニマム/ミドル,5,5.3%,0.42x,0.43x,1.12x,1.55x,4,経路[コールド媒体一括]0.42x｜業種[食品]0.43x｜規模[100-300名]1.12x｜新卒採用[6-10名]1.55x｜ミニマム/ミドル｜成約見込5.3%
スガツネ工業株式会社,03-3866-2268,saiyo@sugatsune.co.jp,金属製品,500～1千人未満,21～25名,01：新規,コールド媒体一括,有効(中堅上),スタンダード提案,5,4.6%,0.42x,0.32x,1.30x,1.53x,4,経路[コールド媒体一括]0.42x｜業種[金属製品]0.32x｜規模[500-1000名]1.30x｜新卒採用[21-30名]1.53x｜スタンダード提案｜成約見込4.6%
トヨタモビリティ東京株式会社,03-5439-1630,recruit@toyota-mobi-tokyo.co.jp,商社（自動車関連・輸送用機器）,5千～1万人未満,51～100名,89：リサイクル,コールド媒体一括,要注意(大),競合ATS確認,5,5.0%,0.42x,0.60x,0.89x,1.32x,4,経路[コールド媒体一括]0.42x｜業種[商社（自動車関連・輸送用機器）]0.60x｜規模[5000-1万名]0.89x｜新卒採用[51-100名]1.32x｜競合ATS確認｜成約見込5.0%
ランドマーク税理士法人,03-6269-9996,saiyo@landmark-tax.or.jp,専門コンサルティング,100～300人未満,46～50名,89：リサイクル,コールド媒体一括,主戦場(スイート),ミニマム/ミドル,5,5.0%,0.42x,0.44x,1.12x,1.41x,4,経路[コールド媒体一括]0.42x｜業種[専門コンサルティング]0.44x｜規模[100-300名]1.12x｜新卒採用[31-50名]1.41x｜ミニマム/ミドル｜成約見込5.0%
株式会社LITALICO,03-5704-7357,,教育,1千～2千人未満,201～300名,01：新規,コールド媒体一括,有効(上限),スタンダード提案,5,5.1%,0.42x,0.49x,1.30x,1.10x,4,経路[コールド媒体一括]0.42x｜業種[教育]0.49x｜規模[1000-2000名]1.30x｜新卒採用[101名+]1.10x｜スタンダード提案｜成約見込5.1%
株式会社MSTコーポレーション,0743-78-1184,saiyou@mst-corp.co.jp,機械,100～300人未満,11～15名,01：新規,コールド媒体一括,主戦場(スイート),ミニマム/ミドル,5,4.6%,0.42x,0.37x,1.12x,1.52x,4,経路[コールド媒体一括]0.42x｜業種[機械]0.37x｜規模[100-300名]1.12x｜新卒採用[11-15名]1.52x｜ミニマム/ミドル｜成約見込4.6%
日鉄ケミカル＆マテリアル株式会社,03-3510-0308,saiyou@ml.nscm.nipponsteel.com,鉄鋼,1千～2千人未満,26～30名,01：新規,コールド媒体一括,有効(上限),スタンダード提案,5,4.5%,0.42x,0.32x,1.30x,1.53x,4,経路[コールド媒体一括]0.42x｜業種[鉄鋼]0.32x｜規模[1000-2000名]1.30x｜新卒採用[21-30名]1.53x｜スタンダード提案｜成約見込4.5%
株式会社伊藤製鐵所,03-5829-4630,,鉄鋼,300～500人未満,6～10名,89：リサイクル,コールド媒体一括,主戦場(スイート),ミニマム/ミドル,5,4.9%,0.42x,0.32x,1.41x,1.55x,4,経路[コールド媒体一括]0.42x｜業種[鉄鋼]0.32x｜規模[300-500名]1.41x｜新卒採用[6-10名]1.55x｜ミニマム/ミドル｜成約見込4.9%
株式会社ヒガシマル,099-273-3859,m-maeno@k-higashimaru.co.jp,食品,100～300人未満,6～10名,89：リサイクル,コールド媒体一括,主戦場(スイート),ミニマム/ミドル,5,5.3%,0.42x,0.43x,1.12x,1.55x,4,経路[コールド媒体一括]0.42x｜業種[食品]0.43x｜規模[100-300名]1.12x｜新卒採用[6-10名]1.55x｜ミニマム/ミドル｜成約見込5.3%
株式会社ビッグツリーテクノロジー＆コンサルティング,03-6435-3400,recruit@bigtreetc.com,専門コンサルティング,100～300人未満,51～100名,01：新規,コールド媒体一括,主戦場(スイート),ミニマム/ミドル,5,4.7%,0.42x,0.44x,1.12x,1.32x,4,経路[コールド媒体一括]0.42x｜業種[専門コンサルティング]0.44x｜規模[100-300名]1.12x｜新卒採用[51-100名]1.32x｜ミニマム/ミドル｜成約見込4.7%
株式会社ベイブルック,092-731-9111,,専門店（アパレル・ファッション関連）,100～300人未満,6～10名,02：担当者未接触,コールド媒体一括,主戦場(スイート),ミニマム/ミドル,5,5.4%,0.42x,0.43x,1.12x,1.55x,4,経路[コールド媒体一括]0.42x｜業種[専門店（アパレル・ファッション関連）]0.43x｜規模[100-300名]1.12x｜新卒採用[6-10名]1.55x｜ミニマム/ミドル｜成約見込5.4%
株式会社羽田エアポートエンタープライズ,03-5757-8660,hae-shinsotsu@jat-co.com,専門店（アパレル・ファッション関連）,500～1千人未満,51～100名,89：リサイクル,コールド媒体一括,有効(中堅上),スタンダード提案,5,5.3%,0.42x,0.43x,1.30x,1.32x,4,経路[コールド媒体一括]0.42x｜業種[専門店（アパレル・ファッション関連）]0.43x｜規模[500-1000名]1.30x｜新卒採用[51-100名]1.32x｜スタンダード提案｜成約見込5.3%
株式会社INPEX,03-5572-0207,,ガス・エネルギー,1千～2千人未満,21～25名,01：新規,コールド媒体一括,有効(上限),スタンダード提案,5,5.4%,0.42x,0.38x,1.30x,1.53x,4,経路[コールド媒体一括]0.42x｜業種[ガス・エネルギー]0.38x｜規模[1000-2000名]1.30x｜新卒採用[21-30名]1.53x｜スタンダード提案｜成約見込5.4%
株式会社東京會舘,03-3215-2111,recruit@kaikan.co.jp,冠婚葬祭,500～1千人未満,46～50名,89：リサイクル,コールド媒体一括,有効(中堅上),スタンダード提案,5,5.2%,0.42x,0.39x,1.30x,1.41x,4,経路[コールド媒体一括]0.42x｜業種[冠婚葬祭]0.39x｜規模[500-1000名]1.30x｜新卒採用[31-50名]1.41x｜スタンダード提案｜成約見込5.2%
三光機工株式会社,075-681-2771,info@sankomt.co.jp,商社（機械・プラント・環境）,100～300人未満,6～10名,89：リサイクル,コールド媒体一括,主戦場(スイート),ミニマム/ミドル,5,4.9%,0.42x,0.39x,1.12x,1.55x,4,経路[コールド媒体一括]0.42x｜業種[商社（機械・プラント・環境）]0.39x｜規模[100-300名]1.12x｜新卒採用[6-10名]1.55x｜ミニマム/ミドル｜成約見込4.9%
株式会社日立産機ドライブ・ソリューションズ,047-477-5300,umemoto-munetoshi@hitachi-ies.co.jp,シンクタンク・マーケティング・調査,500～1千人未満,11～15名,01：新規,コールド媒体一括,有効(中堅上),スタンダード提案,5,4.6%,0.42x,0.33x,1.30x,1.52x,4,経路[コールド媒体一括]0.42x｜業種[シンクタンク・マーケティング・調査]0.33x｜規模[500-1000名]1.30x｜新卒採用[11-15名]1.52x｜スタンダード提案｜成約見込4.6%
株式会社日進製作所,0772-62-1111,recruit@nissin-mfg.co.jp,機械,500～1千人未満,6～10名,89：リサイクル,コールド媒体一括,有効(中堅上),スタンダード提案,5,5.4%,0.42x,0.37x,1.30x,1.55x,4,経路[コールド媒体一括]0.42x｜業種[機械]0.37x｜規模[500-1000名]1.30x｜新卒採用[6-10名]1.55x｜スタンダード提案｜成約見込5.4%
株式会社日本ウィルテックソリューション,03-3270-1900,,専門コンサルティング,100～300人未満,26～30名,89：リサイクル,コールド媒体一括,主戦場(スイート),ミニマム/ミドル,5,5.4%,0.42x,0.44x,1.12x,1.53x,4,経路[コールド媒体一括]0.42x｜業種[専門コンサルティング]0.44x｜規模[100-300名]1.12x｜新卒採用[21-30名]1.53x｜ミニマム/ミドル｜成約見込5.4%
株式会社東北日立,022-223-0152,,商社（機械・プラント・環境）,100～300人未満,16～20名,01：新規,コールド媒体一括,主戦場(スイート),ミニマム/ミドル,5,4.8%,0.42x,0.39x,1.12x,1.52x,4,経路[コールド媒体一括]0.42x｜業種[商社（機械・プラント・環境）]0.39x｜規模[100-300名]1.12x｜新卒採用[16-20名]1.52x｜ミニマム/ミドル｜成約見込4.8%
株式会社日本フードリンク,025-282-7023,fdrecruit@j-foodrink.co.jp,給食・デリカ・フードビジネス,100～300人未満,16～20名,89：リサイクル,コールド媒体一括,主戦場(スイート),ミニマム/ミドル,5,5.4%,0.42x,0.45x,1.12x,1.52x,4,経路[コールド媒体一括]0.42x｜業種[給食・デリカ・フードビジネス]0.45x｜規模[100-300名]1.12x｜新卒採用[16-20名]1.52x｜ミニマム/ミドル｜成約見込5.4%
協和ファインテック株式会社,086-948-2134,recruit_kft@kyowa-ft.co.jp,機械,100～300人未満,6～10名,89：リサイクル,コールド媒体一括,主戦場(スイート),ミニマム/ミドル,5,4.6%,0.42x,0.37x,1.12x,1.55x,4,経路[コールド媒体一括]0.42x｜業種[機械]0.37x｜規模[100-300名]1.12x｜新卒採用[6-10名]1.55x｜ミニマム/ミドル｜成約見込4.6%
高周波熱錬株式会社,03-3443-5441,,金属製品,500～1千人未満,26～30名,89：リサイクル,コールド媒体一括,有効(中堅上),スタンダード提案,5,4.6%,0.42x,0.32x,1.30x,1.53x,4,経路[コールド媒体一括]0.42x｜業種[金属製品]0.32x｜規模[500-1000名]1.30x｜新卒採用[21-30名]1.53x｜スタンダード提案｜成約見込4.6%
社会医療法人愛仁会,06-6375-0660,,医療機関,2千～5千人未満,11～15名,01：新規,コールド媒体一括,要注意(大),競合ATS確認,5,5.4%,0.42x,0.43x,1.15x,1.52x,4,経路[コールド媒体一括]0.42x｜業種[医療機関]0.43x｜規模[2000-5000名]1.15x｜新卒採用[11-15名]1.52x｜競合ATS確認｜成約見込5.4%
三井ホーム株式会社,03-3346-4411,recruit@mitsuihome.co.jp,不動産,2千～5千人未満,51～100名,89：リサイクル,コールド媒体一括,要注意(大),競合ATS確認,5,5.0%,0.42x,0.46x,1.15x,1.32x,4,経路[コールド媒体一括]0.42x｜業種[不動産]0.46x｜規模[2000-5000名]1.15x｜新卒採用[51-100名]1.32x｜競合ATS確認｜成約見込5.0%
三和テッキ株式会社,03-3474-4111,saiyo2024@tekki.co.jp,金属製品,300～500人未満,11～15名,89：リサイクル,コールド媒体一括,主戦場(スイート),ミニマム/ミドル,5,4.9%,0.42x,0.32x,1.41x,1.52x,4,経路[コールド媒体一括]0.42x｜業種[金属製品]0.32x｜規模[300-500名]1.41x｜新卒採用[11-15名]1.52x｜ミニマム/ミドル｜成約見込4.9%
産業振興株式会社,03-5259-6804,,鉄鋼,1千～2千人未満,6～10名,01：新規,コールド媒体一括,有効(上限),スタンダード提案,5,4.6%,0.42x,0.32x,1.30x,1.55x,4,経路[コールド媒体一括]0.42x｜業種[鉄鋼]0.32x｜規模[1000-2000名]1.30x｜新卒採用[6-10名]1.55x｜スタンダード提案｜成約見込4.6%
石垣メンテナンス株式会社,03-6848-7851,,ビル施設管理・メンテナンス,300～500人未満,11～15名,89：リサイクル,コールド媒体一括,主戦場(スイート),ミニマム/ミドル,5,4.7%,0.42x,0.30x,1.41x,1.52x,4,経路[コールド媒体一括]0.42x｜業種[ビル施設管理・メンテナンス]0.30x｜規模[300-500名]1.41x｜新卒採用[11-15名]1.52x｜ミニマム/ミドル｜成約見込4.7%
中日本高速道路株式会社,052-222-1620,saiyou@c-nexco.co.jp,サービス（その他）,2千～5千人未満,51～100名,89：リサイクル,コールド媒体一括,要注意(大),競合ATS確認,5,5.1%,0.42x,0.47x,1.15x,1.32x,4,経路[コールド媒体一括]0.42x｜業種[サービス（その他）]0.47x｜規模[2000-5000名]1.15x｜新卒採用[51-100名]1.32x｜競合ATS確認｜成約見込5.1%
大和アセットマネジメント株式会社,03-5555-4800,recruit@daiwa-am.co.jp,その他金融,500～1千人未満,11～15名,89：リサイクル,コールド媒体一括,有効(中堅上),スタンダード提案,5,4.6%,0.42x,0.33x,1.30x,1.52x,4,経路[コールド媒体一括]0.42x｜業種[その他金融]0.33x｜規模[500-1000名]1.30x｜新卒採用[11-15名]1.52x｜スタンダード提案｜成約見込4.6%
東京産業株式会社,03-5203-7690,,商社（機械・プラント・環境）,100～300人未満,16～20名,01：新規,コールド媒体一括,主戦場(スイート),ミニマム/ミドル,5,4.8%,0.42x,0.39x,1.12x,1.52x,4,経路[コールド媒体一括]0.42x｜業種[商社（機械・プラント・環境）]0.39x｜規模[100-300名]1.12x｜新卒採用[16-20名]1.52x｜ミニマム/ミドル｜成約見込4.8%
独立行政法人国立青少年教育振興機構,03-6407-7642,,公益・特殊・独立行政法人,300～500人未満,11～15名,01：新規,コールド媒体一括,主戦場(スイート),ミニマム/ミドル,5,4.8%,0.42x,0.31x,1.41x,1.52x,4,経路[コールド媒体一括]0.42x｜業種[公益・特殊・独立行政法人]0.31x｜規模[300-500名]1.41x｜新卒採用[11-15名]1.52x｜ミニマム/ミドル｜成約見込4.8%
独立行政法人自動車事故対策機構,03-5608-7560,wakamatsu-kana@nasva.go.jp,公益・特殊・独立行政法人,300～500人未満,16～20名,01：新規,コールド媒体一括,主戦場(スイート),ミニマム/ミドル,5,4.8%,0.42x,0.31x,1.41x,1.52x,4,経路[コールド媒体一括]0.42x｜業種[公益・特殊・独立行政法人]0.31x｜規模[300-500名]1.41x｜新卒採用[16-20名]1.52x｜ミニマム/ミドル｜成約見込4.8%
八幡物産株式会社,0859-37-1122,,食品,100～300人未満,6～10名,89：リサイクル,コールド媒体一括,主戦場(スイート),ミニマム/ミドル,5,5.3%,0.42x,0.43x,1.12x,1.55x,4,経路[コールド媒体一括]0.42x｜業種[食品]0.43x｜規模[100-300名]1.12x｜新卒採用[6-10名]1.55x｜ミニマム/ミドル｜成約見込5.3%
富士フイルムヘルスケアシステムズ株式会社,03-3490-0751,shm-003199-saiyou@fujifilm.com,医療用機器・医療関連,1千～2千人未満,21～25名,01：新規,コールド媒体一括,有効(上限),スタンダード提案,5,5.3%,0.42x,0.38x,1.30x,1.53x,4,経路[コールド媒体一括]0.42x｜業種[医療用機器・医療関連]0.38x｜規模[1000-2000名]1.30x｜新卒採用[21-30名]1.53x｜スタンダード提案｜成約見込5.3%
日本瓦斯株式会社,03-5308-2111,recruit@nichigas.co.jp,ガス・エネルギー,1千～2千人未満,46～50名,02：担当者未接触,コールド媒体一括,有効(上限),スタンダード提案,5,4.9%,0.42x,0.38x,1.30x,1.41x,4,経路[コールド媒体一括]0.42x｜業種[ガス・エネルギー]0.38x｜規模[1000-2000名]1.30x｜新卒採用[31-50名]1.41x｜スタンダード提案｜成約見込4.9%
富士フイルムグローバルグラフィックシステムズ株式会社,03-6419-0301,ffgs-saiyo@fujifilm.com,化学,500～1千人未満,101～200名,03：コネクト情報獲得,コールド媒体一括,有効(中堅上),スタンダード提案,5,4.7%,0.42x,0.46x,1.30x,1.10x,4,経路[コールド媒体一括]0.42x｜業種[化学]0.46x｜規模[500-1000名]1.30x｜新卒採用[101名+]1.10x｜スタンダード提案｜成約見込4.7%
株式会社北國新聞社,076-260-3504,,新聞,300～500人未満,11～15名,01：新規,コールド媒体一括,主戦場(スイート),ミニマム/ミドル,5,5.4%,0.42x,0.35x,1.41x,1.52x,4,経路[コールド媒体一括]0.42x｜業種[新聞]0.35x｜規模[300-500名]1.41x｜新卒採用[11-15名]1.52x｜ミニマム/ミドル｜成約見込5.4%
裕幸計装株式会社,03-5720-3231,recruit@yukokeiso.com,設備工事,100～300人未満,11～15名,01：新規,コールド媒体一括,主戦場(スイート),ミニマム/ミドル,5,4.8%,0.42x,0.39x,1.12x,1.52x,4,経路[コールド媒体一括]0.42x｜業種[設備工事]0.39x｜規模[100-300名]1.12x｜新卒採用[11-15名]1.52x｜ミニマム/ミドル｜成約見込4.8%
野村不動産株式会社,03-6381-7237,nomura-saiyou@nomura-re.co.jp,不動産,2千～5千人未満,51～100名,04：ジャッジ,コールド媒体一括,要注意(大),競合ATS確認,5,5.0%,0.42x,0.46x,1.15x,1.32x,4,経路[コールド媒体一括]0.42x｜業種[不動産]0.46x｜規模[2000-5000名]1.15x｜新卒採用[51-100名]1.32x｜競合ATS確認｜成約見込5.0%
本四高速道路ブリッジエンジ株式会社,078-252-4092,akagawa@hbeng.co.jp,建設,100～300人未満,36～40名,04：ジャッジ,コールド媒体一括,主戦場(スイート),ミニマム/ミドル,5,5.1%,0.42x,0.45x,1.12x,1.41x,4,経路[コールド媒体一括]0.42x｜業種[建設]0.45x｜規模[100-300名]1.12x｜新卒採用[31-50名]1.41x｜ミニマム/ミドル｜成約見込5.1%
株式会社東祥,0566-79-3111,saiyou@to-sho.net,フィットネスクラブ,300～500人未満,46～50名,89：リサイクル,コールド媒体一括,主戦場(スイート),ミニマム/ミドル,5,4.9%,0.42x,0.35x,1.41x,1.41x,4,経路[コールド媒体一括]0.42x｜業種[フィットネスクラブ]0.35x｜規模[300-500名]1.41x｜新卒採用[31-50名]1.41x｜ミニマム/ミドル｜成約見込4.9%
株式会社良品計画,03-5952-8459,yukies@muji.co.jp,専門店（複合）,2千～5千人未満,101～200名,01：新規,コールド媒体一括,要注意(大),競合ATS確認,5,4.8%,0.42x,0.53x,1.15x,1.10x,4,経路[コールド媒体一括]0.42x｜業種[専門店（複合）]0.53x｜規模[2000-5000名]1.15x｜新卒採用[101名+]1.10x｜競合ATS確認｜成約見込4.8%
株式会社日立建機ティエラ,0748-62-6431,k.nagao.ky@hitachi-kenki.com,機械,500～1千人未満,11～15名,01：新規,コールド媒体一括,有効(中堅上),スタンダード提案,5,5.3%,0.42x,0.37x,1.30x,1.52x,4,経路[コールド媒体一括]0.42x｜業種[機械]0.37x｜規模[500-1000名]1.30x｜新卒採用[11-15名]1.52x｜スタンダード提案｜成約見込5.3%
株式会社毎日新聞社,03-3212-0321,saiyocenter@mainichi.co.jp,新聞,2千～5千人未満,21～25名,02：担当者未接触,コールド媒体一括,要注意(大),競合ATS確認,4,4.4%,0.42x,0.35x,1.15x,1.53x,4,経路[コールド媒体一括]0.42x｜業種[新聞]0.35x｜規模[2000-5000名]1.15x｜新卒採用[21-30名]1.53x｜競合ATS確認｜成約見込4.4%
EAファーマ株式会社,03-6280-9500,saiyou@eapharma-r.com,薬品,1千～2千人未満,16～20名,01：新規,コールド媒体一括,有効(上限),スタンダード提案,4,3.8%,0.42x,0.27x,1.30x,1.52x,4,経路[コールド媒体一括]0.42x｜業種[薬品]0.27x｜規模[1000-2000名]1.30x｜新卒採用[16-20名]1.52x｜スタンダード提案｜成約見込3.8%
クラシスホーム株式会社,0567-55-7712,sugita@cwc-g.com,住宅,100～300人未満,26～30名,89：リサイクル,コールド媒体一括,主戦場(スイート),ミニマム/ミドル,4,4.3%,0.42x,0.35x,1.12x,1.53x,4,経路[コールド媒体一括]0.42x｜業種[住宅]0.35x｜規模[100-300名]1.12x｜新卒採用[21-30名]1.53x｜ミニマム/ミドル｜成約見込4.3%
エム・シー・ヘルスケア株式会社,03-5715-2800,mchg-saiyo2025@e-recruit.jp,商社（精密・医療機器）,500～1千人未満,16～20名,01：新規,コールド媒体一括,有効(中堅上),スタンダード提案,4,3.9%,0.42x,0.27x,1.30x,1.52x,4,経路[コールド媒体一括]0.42x｜業種[商社（精密・医療機器）]0.27x｜規模[500-1000名]1.30x｜新卒採用[16-20名]1.52x｜スタンダード提案｜成約見込3.9%
TOPPANエッジ株式会社,03-6253-5710,,印刷・印刷関連,2千～5千人未満,21～25名,01：新規,コールド媒体一括,要注意(大),競合ATS確認,4,3.6%,0.42x,0.28x,1.15x,1.53x,4,経路[コールド媒体一括]0.42x｜業種[印刷・印刷関連]0.28x｜規模[2000-5000名]1.15x｜新卒採用[21-30名]1.53x｜競合ATS確認｜成約見込3.6%
オーケー器材株式会社,06-6354-3013,saiyo-ok@daikin.co.jp,金属製品,100～300人未満,6～10名,89：リサイクル,コールド媒体一括,主戦場(スイート),ミニマム/ミドル,4,4.0%,0.42x,0.32x,1.12x,1.55x,4,経路[コールド媒体一括]0.42x｜業種[金属製品]0.32x｜規模[100-300名]1.12x｜新卒採用[6-10名]1.55x｜ミニマム/ミドル｜成約見込4.0%
ソニーグループ,03-6748-2111,,家電・ＡＶ機器,2千～5千人未満,301名～,89：リサイクル,コールド媒体一括,要注意(大),競合ATS確認,4,3.9%,0.42x,0.43x,1.15x,1.10x,4,経路[コールド媒体一括]0.42x｜業種[家電・ＡＶ機器]0.43x｜規模[2000-5000名]1.15x｜新卒採用[101名+]1.10x｜競合ATS確認｜成約見込3.9%
株式会社ＳＵＭＣＯ,03-5444-3943,newgrads23@sumcosi.com,非鉄金属,2千～5千人未満,36～40名,03：コネクト情報獲得,コールド媒体一括,要注意(大),競合ATS確認,4,3.9%,0.42x,0.33x,1.15x,1.41x,4,経路[コールド媒体一括]0.42x｜業種[非鉄金属]0.33x｜規模[2000-5000名]1.15x｜新卒採用[31-50名]1.41x｜競合ATS確認｜成約見込3.9%
株式会社ウォーターエージェンシー,03-3267-4001,shinsotsu@water-agency.com,環境・リサイクル,2千～5千人未満,11～15名,01：新規,コールド媒体一括,要注意(大),競合ATS確認,4,4.3%,0.42x,0.35x,1.15x,1.52x,4,経路[コールド媒体一括]0.42x｜業種[環境・リサイクル]0.35x｜規模[2000-5000名]1.15x｜新卒採用[11-15名]1.52x｜競合ATS確認｜成約見込4.3%
株式会社キユーハウ,092-631-3781,kyu-hou@kyu-hou.co.jp,商社（インテリア・住宅関連）,100～300人未満,6～10名,89：リサイクル,コールド媒体一括,主戦場(スイート),ミニマム/ミドル,4,3.7%,0.42x,0.30x,1.12x,1.55x,4,経路[コールド媒体一括]0.42x｜業種[商社（インテリア・住宅関連）]0.30x｜規模[100-300名]1.12x｜新卒採用[6-10名]1.55x｜ミニマム/ミドル｜成約見込3.7%
株式会社タイムリー,03-3263-0040,,広告,100～300人未満,11～15名,89：リサイクル,コールド媒体一括,主戦場(スイート),ミニマム/ミドル,4,3.5%,0.42x,0.29x,1.12x,1.52x,4,経路[コールド媒体一括]0.42x｜業種[広告]0.29x｜規模[100-300名]1.12x｜新卒採用[11-15名]1.52x｜ミニマム/ミドル｜成約見込3.5%
株式会社マクニカ,045-470-9861,,商社（電子・電気機器・OA機器）,1千～2千人未満,51～100名,03：コネクト情報獲得,コールド媒体一括,有効(上限),スタンダード提案,4,3.7%,0.42x,0.30x,1.30x,1.32x,4,経路[コールド媒体一括]0.42x｜業種[商社（電子・電気機器・OA機器）]0.30x｜規模[1000-2000名]1.30x｜新卒採用[51-100名]1.32x｜スタンダード提案｜成約見込3.7%
株式会社レイ,086-898-2370,hr@anacpokayama.com,広告,100～300人未満,26～30名,89：リサイクル,コールド媒体一括,主戦場(スイート),ミニマム/ミドル,4,3.6%,0.42x,0.29x,1.12x,1.53x,4,経路[コールド媒体一括]0.42x｜業種[広告]0.29x｜規模[100-300名]1.12x｜新卒採用[21-30名]1.53x｜ミニマム/ミドル｜成約見込3.6%
株式会社一九堂印刷所,03-3542-0191,saiyou@ichikudo.co.jp,印刷・印刷関連,100～300人未満,6～10名,89：リサイクル,コールド媒体一括,主戦場(スイート),ミニマム/ミドル,4,3.5%,0.42x,0.28x,1.12x,1.55x,4,経路[コールド媒体一括]0.42x｜業種[印刷・印刷関連]0.28x｜規模[100-300名]1.12x｜新卒採用[6-10名]1.55x｜ミニマム/ミドル｜成約見込3.5%
株式会社朝日広告社,03-3547-5400,,広告,300～500人未満,11～15名,01：新規,コールド媒体一括,主戦場(スイート),ミニマム/ミドル,4,4.4%,0.42x,0.29x,1.41x,1.52x,4,経路[コールド媒体一括]0.42x｜業種[広告]0.29x｜規模[300-500名]1.41x｜新卒採用[11-15名]1.52x｜ミニマム/ミドル｜成約見込4.4%
株式会社東京ビデオセンター,03-3582-3965,,放送,100～300人未満,11～15名,01：新規,コールド媒体一括,主戦場(スイート),ミニマム/ミドル,4,3.6%,0.42x,0.30x,1.12x,1.52x,4,経路[コールド媒体一括]0.42x｜業種[放送]0.30x｜規模[100-300名]1.12x｜新卒採用[11-15名]1.52x｜ミニマム/ミドル｜成約見込3.6%
株式会社帆風,03-5229-8200,jinji@vanfu.co.jp,印刷・印刷関連,500～1千人未満,26～30名,89：リサイクル,コールド媒体一括,有効(中堅上),スタンダード提案,4,4.0%,0.42x,0.28x,1.30x,1.53x,4,経路[コールド媒体一括]0.42x｜業種[印刷・印刷関連]0.28x｜規模[500-1000名]1.30x｜新卒採用[21-30名]1.53x｜スタンダード提案｜成約見込4.0%
埼玉県信用保証協会,048-647-4711,,その他金融,100～300人未満,11～15名,01：新規,コールド媒体一括,主戦場(スイート),ミニマム/ミドル,4,4.0%,0.42x,0.33x,1.12x,1.52x,4,経路[コールド媒体一括]0.42x｜業種[その他金融]0.33x｜規模[100-300名]1.12x｜新卒採用[11-15名]1.52x｜ミニマム/ミドル｜成約見込4.0%
国立研究開発法人産業技術総合研究所,029-861-2000,,公益・特殊・独立行政法人,2千～5千人未満,16～20名,01：新規,コールド媒体一括,要注意(大),競合ATS確認,4,3.9%,0.42x,0.31x,1.15x,1.52x,4,経路[コールド媒体一括]0.42x｜業種[公益・特殊・独立行政法人]0.31x｜規模[2000-5000名]1.15x｜新卒採用[16-20名]1.52x｜競合ATS確認｜成約見込3.9%
佐藤商事株式会社,03-5218-5311,,商社（鉄鋼・金属）,500～1千人未満,11～15名,01：新規,コールド媒体一括,有効(中堅上),スタンダード提案,4,3.6%,0.42x,0.26x,1.30x,1.52x,4,経路[コールド媒体一括]0.42x｜業種[商社（鉄鋼・金属）]0.26x｜規模[500-1000名]1.30x｜新卒採用[11-15名]1.52x｜スタンダード提案｜成約見込3.6%
長田広告株式会社,052-533-3533,recruit@ad-nagata.com,広告,500～1千人未満,36～40名,04：ジャッジ,コールド媒体一括,有効(中堅上),スタンダード提案,4,3.8%,0.42x,0.29x,1.30x,1.41x,4,経路[コールド媒体一括]0.42x｜業種[広告]0.29x｜規模[500-1000名]1.30x｜新卒採用[31-50名]1.41x｜スタンダード提案｜成約見込3.8%
地方共同法人日本下水道事業団,03-6361-7813,jsrecruit@jswa.go.jp,公益・特殊・独立行政法人,500～1千人未満,11～15名,01：新規,コールド媒体一括,有効(中堅上),スタンダード提案,4,4.4%,0.42x,0.31x,1.30x,1.52x,4,経路[コールド媒体一括]0.42x｜業種[公益・特殊・独立行政法人]0.31x｜規模[500-1000名]1.30x｜新卒採用[11-15名]1.52x｜スタンダード提案｜成約見込4.4%
朝日印刷株式会社,076-421-1177,saiyou@asahi-pp.co.jp,印刷・印刷関連,1千～2千人未満,16～20名,01：新規,コールド媒体一括,有効(上限),スタンダード提案,4,4.0%,0.42x,0.28x,1.30x,1.52x,4,経路[コールド媒体一括]0.42x｜業種[印刷・印刷関連]0.28x｜規模[1000-2000名]1.30x｜新卒採用[16-20名]1.52x｜スタンダード提案｜成約見込4.0%
伯東株式会社,03-3225-8920,,商社全般,500～1千人未満,11～15名,01：新規,コールド媒体一括,有効(中堅上),スタンダード提案,4,3.8%,0.42x,0.27x,1.30x,1.52x,4,経路[コールド媒体一括]0.42x｜業種[商社全般]0.27x｜規模[500-1000名]1.30x｜新卒採用[11-15名]1.52x｜スタンダード提案｜成約見込3.8%
日本電設資材株式会社,06-6916-8581,s_kawano@n-ds.co.jp,商社（電子・電気機器・OA機器）,100～300人未満,6～10名,01：新規,コールド媒体一括,主戦場(スイート),ミニマム/ミドル,4,3.7%,0.42x,0.30x,1.12x,1.55x,4,経路[コールド媒体一括]0.42x｜業種[商社（電子・電気機器・OA機器）]0.30x｜規模[100-300名]1.12x｜新卒採用[6-10名]1.55x｜ミニマム/ミドル｜成約見込3.7%
福西電機株式会社,090-6666-7392,,商社（電子・電気機器・OA機器）,500～1千人未満,36～40名,89：リサイクル,コールド媒体一括,有効(中堅上),スタンダード提案,4,3.9%,0.42x,0.30x,1.30x,1.41x,4,経路[コールド媒体一括]0.42x｜業種[商社（電子・電気機器・OA機器）]0.30x｜規模[500-1000名]1.30x｜新卒採用[31-50名]1.41x｜スタンダード提案｜成約見込3.9%
明祥株式会社,076-266-4141,y-inoue@mshhs.com,商社（薬品・化粧品）,300～500人未満,6～10名,89：リサイクル,コールド媒体一括,主戦場(スイート),ミニマム/ミドル,4,4.2%,0.42x,0.27x,1.41x,1.55x,4,経路[コールド媒体一括]0.42x｜業種[商社（薬品・化粧品）]0.27x｜規模[300-500名]1.41x｜新卒採用[6-10名]1.55x｜ミニマム/ミドル｜成約見込4.2%
ＮＴＮ株式会社,06-6449-3548,k_saiyo@ntn.co.jp,精密機器,5千～1万人未満,36～40名,89：リサイクル,コールド媒体一括,要注意(大),競合ATS確認,4,4.1%,0.42x,0.46x,0.89x,1.41x,4,経路[コールド媒体一括]0.42x｜業種[精密機器]0.46x｜規模[5000-1万名]0.89x｜新卒採用[31-50名]1.41x｜競合ATS確認｜成約見込4.1%
株式会社JR東日本商事,03-5371-2076,hr01@ejrt.co.jp,鉄道,300～500人未満,11～15名,89：リサイクル,コールド媒体一括,主戦場(スイート),ミニマム/ミドル,4,3.9%,0.42x,0.26x,1.41x,1.52x,4,経路[コールド媒体一括]0.42x｜業種[鉄道]0.26x｜規模[300-500名]1.41x｜新卒採用[11-15名]1.52x｜ミニマム/ミドル｜成約見込3.9%
株式会社フジクラ,03-5606-1033,saiyou@fujikura-r.com,非鉄金属,2千～5千人未満,41～45名,89：リサイクル,コールド媒体一括,要注意(大),競合ATS確認,4,3.9%,0.42x,0.33x,1.15x,1.41x,4,経路[コールド媒体一括]0.42x｜業種[非鉄金属]0.33x｜規模[2000-5000名]1.15x｜新卒採用[31-50名]1.41x｜競合ATS確認｜成約見込3.9%
ＣＢＣ株式会社ジェネラルアフェアーズＤｅｐｔ．,03-3536-4500,recruit@cbc.co.jp,商社全般,300～500人未満,11～15名,01：新規,コールド媒体一括,主戦場(スイート),ミニマム/ミドル,4,4.1%,0.42x,0.27x,1.41x,1.52x,4,経路[コールド媒体一括]0.42x｜業種[商社全般]0.27x｜規模[300-500名]1.41x｜新卒採用[11-15名]1.52x｜ミニマム/ミドル｜成約見込4.1%
株式会社三共消毒,03-5224-6630,,環境・リサイクル,100～300人未満,11～15名,89：リサイクル,コールド媒体一括,主戦場(スイート),ミニマム/ミドル,4,4.2%,0.42x,0.35x,1.12x,1.52x,4,経路[コールド媒体一括]0.42x｜業種[環境・リサイクル]0.35x｜規模[100-300名]1.12x｜新卒採用[11-15名]1.52x｜ミニマム/ミドル｜成約見込4.2%
株式会社証券保管振替機構,03-3661-0161→③→①,recruit@jasdec.com,その他金融,100～300人未満,6～10名,89：リサイクル,コールド媒体一括,主戦場(スイート),ミニマム/ミドル,4,4.0%,0.42x,0.33x,1.12x,1.55x,4,経路[コールド媒体一括]0.42x｜業種[その他金融]0.33x｜規模[100-300名]1.12x｜新卒採用[6-10名]1.55x｜ミニマム/ミドル｜成約見込4.0%
アクセンチュア株式会社,03-3588-3000,campus.recruiting@accenture.com,経営コンサルタント,1万人～,301名～,89：リサイクル,コールド媒体一括,要注意(大),競合ATS確認,4,3.7%,0.42x,1.00x,0.47x,1.10x,3,経路[コールド媒体一括]0.42x｜業種[経営コンサルタント]1.00x｜規模[1万名超]0.47x｜新卒採用[101名+]1.10x｜競合ATS確認｜成約見込3.7%
株式会社エイト日本技術開発,03-5341-5152,recruit@ej-hds.co.jp,建設コンサルタント,500～1千人未満,41～45名,89：リサイクル,コールド媒体一括,有効(中堅上),スタンダード提案,3,3.4%,0.42x,0.26x,1.30x,1.41x,4,経路[コールド媒体一括]0.42x｜業種[建設コンサルタント]0.26x｜規模[500-1000名]1.30x｜新卒採用[31-50名]1.41x｜スタンダード提案｜成約見込3.4%
イーピーエス株式会社,03-5684-7797,,薬品,1千～2千人未満,51～100名,89：リサイクル,コールド媒体一括,有効(上限),スタンダード提案,3,3.3%,0.42x,0.27x,1.30x,1.32x,4,経路[コールド媒体一括]0.42x｜業種[薬品]0.27x｜規模[1000-2000名]1.30x｜新卒採用[51-100名]1.32x｜スタンダード提案｜成約見込3.3%
エーザイ株式会社,03-3817-3700,,薬品,2千～5千人未満,46～50名,89：リサイクル,コールド媒体一括,要注意(大),競合ATS確認,3,3.1%,0.42x,0.27x,1.15x,1.41x,4,経路[コールド媒体一括]0.42x｜業種[薬品]0.27x｜規模[2000-5000名]1.15x｜新卒採用[31-50名]1.41x｜競合ATS確認｜成約見込3.1%
株式会社グラフィック,075-601-1253,recruit@graphic.co.jp,建設コンサルタント,300～500人未満,51～100名,89：リサイクル,コールド媒体一括,主戦場(スイート),ミニマム/ミドル,3,3.5%,0.42x,0.26x,1.41x,1.32x,4,経路[コールド媒体一括]0.42x｜業種[建設コンサルタント]0.26x｜規模[300-500名]1.41x｜新卒採用[51-100名]1.32x｜ミニマム/ミドル｜成約見込3.5%
パーソルワークスデザイン株式会社,03-6907-4481,pwd-recruit@persol.co.jp,各種ビジネスサービス・BPO,1千～2千人未満,36～40名,01：新規,コールド媒体一括,有効(上限),スタンダード提案,3,3.0%,0.42x,0.23x,1.30x,1.41x,4,経路[コールド媒体一括]0.42x｜業種[各種ビジネスサービス・BPO]0.23x｜規模[1000-2000名]1.30x｜新卒採用[31-50名]1.41x｜スタンダード提案｜成約見込3.0%
シャープマーケティングジャパン株式会社,050-5213-6423,smj-recruit@sharp.co.jp,商社（電子・電気機器・OA機器）,2千～5千人未満,51～100名,02：担当者未接触,コールド媒体一括,要注意(大),競合ATS確認,3,3.3%,0.42x,0.30x,1.15x,1.32x,4,経路[コールド媒体一括]0.42x｜業種[商社（電子・電気機器・OA機器）]0.30x｜規模[2000-5000名]1.15x｜新卒採用[51-100名]1.32x｜競合ATS確認｜成約見込3.3%
チューリッヒ・インシュアランス・カンパニー・リミテッド...,03-6832-2111,recruit_sh@zurich.co.jp,損害保険,500～1千人未満,11～15名,01：新規,コールド媒体一括,有効(中堅上),スタンダード提案,3,3.4%,0.42x,0.24x,1.30x,1.52x,4,経路[コールド媒体一括]0.42x｜業種[損害保険]0.24x｜規模[500-1000名]1.30x｜新卒採用[11-15名]1.52x｜スタンダード提案｜成約見込3.4%
旭化成株式会社,03-6699-3140,jobs@om.asahi-kasei.co.jp,化学,5千～1万人未満,201～300名,02：担当者未接触,コールド媒体一括,要注意(大),競合ATS確認,3,3.2%,0.42x,0.46x,0.89x,1.10x,4,経路[コールド媒体一括]0.42x｜業種[化学]0.46x｜規模[5000-1万名]0.89x｜新卒採用[101名+]1.10x｜競合ATS確認｜成約見込3.2%
リテラ・クレア証券株式会社,03-6385-0643,,証券,100～300人未満,6～10名,01：新規,コールド媒体一括,主戦場(スイート),ミニマム/ミドル,3,2.9%,0.42x,0.24x,1.12x,1.55x,4,経路[コールド媒体一括]0.42x｜業種[証券]0.24x｜規模[100-300名]1.12x｜新卒採用[6-10名]1.55x｜ミニマム/ミドル｜成約見込2.9%
横河ソリューションサービス株式会社,0422-52-0439,yjp-recruit@cs.jp.yokogawa.com,商社（電子・電気機器・OA機器）,2千～5千人未満,46～50名,01：新規,コールド媒体一括,要注意(大),競合ATS確認,3,3.5%,0.42x,0.30x,1.15x,1.41x,4,経路[コールド媒体一括]0.42x｜業種[商社（電子・電気機器・OA機器）]0.30x｜規模[2000-5000名]1.15x｜新卒採用[31-50名]1.41x｜競合ATS確認｜成約見込3.5%
学校法人法政大学,03-3264-6334,recruit@ml.hosei.ac.jp,学校法人,1千～2千人未満,11～15名,89：リサイクル,コールド媒体一括,有効(上限),スタンダード提案,3,2.6%,0.42x,0.18x,1.30x,1.52x,4,経路[コールド媒体一括]0.42x｜業種[学校法人]0.18x｜規模[1000-2000名]1.30x｜新卒採用[11-15名]1.52x｜スタンダード提案｜成約見込2.6%
株式会社オリエンタルコンサルタンツ,03-6311-7551,saiyo@oriconsul.com,建設コンサルタント,1千～2千人未満,51～100名,01：新規,コールド媒体一括,有効(上限),スタンダード提案,3,3.2%,0.42x,0.26x,1.30x,1.32x,4,経路[コールド媒体一括]0.42x｜業種[建設コンサルタント]0.26x｜規模[1000-2000名]1.30x｜新卒採用[51-100名]1.32x｜スタンダード提案｜成約見込3.2%
株式会社スリーエスコンサルタンツ,06-6375-5885,,建設コンサルタント,100～300人未満,11～15名,01：新規,コールド媒体一括,主戦場(スイート),ミニマム/ミドル,3,3.2%,0.42x,0.26x,1.12x,1.52x,4,経路[コールド媒体一括]0.42x｜業種[建設コンサルタント]0.26x｜規模[100-300名]1.12x｜新卒採用[11-15名]1.52x｜ミニマム/ミドル｜成約見込3.2%
株式会社ツツミ,048-431-6691,saiyou-1@tsutsumi.co.jp,専門店（メガネ・貴金属・ジュエリー）,500～1千人未満,51～100名,89：リサイクル,コールド媒体一括,有効(中堅上),スタンダード提案,3,3.1%,0.42x,0.26x,1.30x,1.32x,4,経路[コールド媒体一括]0.42x｜業種[専門店（メガネ・貴金属・ジュエリー）]0.26x｜規模[500-1000名]1.30x｜新卒採用[51-100名]1.32x｜スタンダード提案｜成約見込3.1%
株式会社クラフティア（元九電工）,05068750144,jinjika@kyudenko.co.jp,設備工事,5千～1万人未満,101～200名,02：担当者未接触,コールド媒体一括,要注意(大),競合ATS確認,3,2.8%,0.42x,0.39x,0.89x,1.10x,4,経路[コールド媒体一括]0.42x｜業種[設備工事]0.39x｜規模[5000-1万名]0.89x｜新卒採用[101名+]1.10x｜競合ATS確認｜成約見込2.8%
株式会社高田工業所,093-632-2631,recruit@takada.co.jp,鉄鋼工業,1千～2千人未満,26～30名,89：リサイクル,コールド媒体一括,有効(上限),スタンダード提案,3,2.5%,0.42x,0.18x,1.30x,1.53x,4,経路[コールド媒体一括]0.42x｜業種[鉄鋼工業]0.18x｜規模[1000-2000名]1.30x｜新卒採用[21-30名]1.53x｜スタンダード提案｜成約見込2.5%
株式会社ユー花園,03-5477-1187,,空間デザイン・ディスプレイ,300～500人未満,16～20名,01：新規,コールド媒体一括,主戦場(スイート),ミニマム/ミドル,3,3.2%,0.42x,0.21x,1.41x,1.52x,4,経路[コールド媒体一括]0.42x｜業種[空間デザイン・ディスプレイ]0.21x｜規模[300-500名]1.41x｜新卒採用[16-20名]1.52x｜ミニマム/ミドル｜成約見込3.2%
株式会社ワム,03-5428-8611,h.kobayashi@wamu-gr.co.jp,商社（薬品・化粧品）,100～300人未満,6～10名,01：新規,コールド媒体一括,主戦場(スイート),ミニマム/ミドル,3,3.3%,0.42x,0.27x,1.12x,1.55x,4,経路[コールド媒体一括]0.42x｜業種[商社（薬品・化粧品）]0.27x｜規模[100-300名]1.12x｜新卒採用[6-10名]1.55x｜ミニマム/ミドル｜成約見込3.3%
株式会社関東日立,03-5807-6380,,総合電機,300～500人未満,11～15名,01：新規,コールド媒体一括,主戦場(スイート),ミニマム/ミドル,3,3.2%,0.42x,0.21x,1.41x,1.52x,4,経路[コールド媒体一括]0.42x｜業種[総合電機]0.21x｜規模[300-500名]1.41x｜新卒採用[11-15名]1.52x｜ミニマム/ミドル｜成約見込3.2%
株式会社パリミキ,03-6432-0716,saiyou@paris-miki.jp,専門店（メガネ・貴金属・ジュエリー）,2千～5千人未満,51～100名,89：リサイクル,コールド媒体一括,要注意(大),競合ATS確認,3,2.8%,0.42x,0.26x,1.15x,1.32x,4,経路[コールド媒体一括]0.42x｜業種[専門店（メガネ・貴金属・ジュエリー）]0.26x｜規模[2000-5000名]1.15x｜新卒採用[51-100名]1.32x｜競合ATS確認｜成約見込2.8%
株式会社星医療酸器,03-3899-2101,jinji@hosi.co.jp,商社（精密・医療機器）,100～300人未満,11～15名,01：新規,コールド媒体一括,主戦場(スイート),ミニマム/ミドル,3,3.3%,0.42x,0.27x,1.12x,1.52x,4,経路[コールド媒体一括]0.42x｜業種[商社（精密・医療機器）]0.27x｜規模[100-300名]1.12x｜新卒採用[11-15名]1.52x｜ミニマム/ミドル｜成約見込3.3%
株式会社新日本科学PPD,03-6821-0780,ppdsnbl@disc.co.jp,薬品,500～1千人未満,51～100名,04：ジャッジ,コールド媒体一括,有効(中堅上),スタンダード提案,3,3.3%,0.42x,0.27x,1.30x,1.32x,4,経路[コールド媒体一括]0.42x｜業種[薬品]0.27x｜規模[500-1000名]1.30x｜新卒採用[51-100名]1.32x｜スタンダード提案｜成約見込3.3%
株式会社第一コンサルタンツ,088-821-7770,personnel@daiichi-c.co.jp,建設コンサルタント,100～300人未満,6～10名,89：リサイクル,コールド媒体一括,主戦場(スイート),ミニマム/ミドル,3,3.2%,0.42x,0.26x,1.12x,1.55x,4,経路[コールド媒体一括]0.42x｜業種[建設コンサルタント]0.26x｜規模[100-300名]1.12x｜新卒採用[6-10名]1.55x｜ミニマム/ミドル｜成約見込3.2%
株式会社日立ICTビジネスサービス,045-871-2347,,総合電機,1千～2千人未満,26～30名,02：担当者未接触,コールド媒体一括,有効(上限),スタンダード提案,3,2.9%,0.42x,0.21x,1.30x,1.53x,4,経路[コールド媒体一括]0.42x｜業種[総合電機]0.21x｜規模[1000-2000名]1.30x｜新卒採用[21-30名]1.53x｜スタンダード提案｜成約見込2.9%
株式会社電通デジタル,03-6217-7000,,広告,100～300人未満,101～200名,01：新規,コールド媒体一括,主戦場(スイート),ミニマム/ミドル,3,2.6%,0.42x,0.29x,1.12x,1.10x,4,経路[コールド媒体一括]0.42x｜業種[広告]0.29x｜規模[100-300名]1.12x｜新卒採用[101名+]1.10x｜ミニマム/ミドル｜成約見込2.6%
株式会社日立プラントコンストラクション,03-6758-2199,recruit.hpc.jt@hitachi.com,総合電機,1千～2千人未満,16～20名,89：リサイクル,コールド媒体一括,有効(上限),スタンダード提案,3,2.9%,0.42x,0.21x,1.30x,1.52x,4,経路[コールド媒体一括]0.42x｜業種[総合電機]0.21x｜規模[1000-2000名]1.30x｜新卒採用[16-20名]1.52x｜スタンダード提案｜成約見込2.9%
日立プラント建設サービス株式会社,03-6386-3001,hps.saiyou.np@hitachi.com,総合電機,1千～2千人未満,46～50名,02：担当者未接触,コールド媒体一括,有効(上限),スタンダード提案,3,2.7%,0.42x,0.21x,1.30x,1.41x,4,経路[コールド媒体一括]0.42x｜業種[総合電機]0.21x｜規模[1000-2000名]1.30x｜新卒採用[31-50名]1.41x｜スタンダード提案｜成約見込2.7%
株式会社日本線路技術,03-5284-6061,,鉄道,100～300人未満,6～10名,89：リサイクル,コールド媒体一括,主戦場(スイート),ミニマム/ミドル,3,3.2%,0.42x,0.26x,1.12x,1.55x,4,経路[コールド媒体一括]0.42x｜業種[鉄道]0.26x｜規模[100-300名]1.12x｜新卒採用[6-10名]1.55x｜ミニマム/ミドル｜成約見込3.2%
興和株式会社人事部人事課,052-963-3159,recruit@kowa.co.jp,薬品,2千～5千人未満,51～100名,02：担当者未接触,コールド媒体一括,要注意(大),競合ATS確認,3,2.9%,0.42x,0.27x,1.15x,1.32x,4,経路[コールド媒体一括]0.42x｜業種[薬品]0.27x｜規模[2000-5000名]1.15x｜新卒採用[51-100名]1.32x｜競合ATS確認｜成約見込2.9%
国立大学法人東京工業大学,03-5734-2046,jin.saiyo@jim.titech.ac.jp,学校法人,1千～2千人未満,16～20名,89：リサイクル,コールド媒体一括,有効(上限),スタンダード提案,3,2.6%,0.42x,0.18x,1.30x,1.52x,4,経路[コールド媒体一括]0.42x｜業種[学校法人]0.18x｜規模[1000-2000名]1.30x｜新卒採用[16-20名]1.52x｜スタンダード提案｜成約見込2.6%
三井住友トラスト・ビジネスサービス株式会社,03-6737-0920,,各種ビジネスサービス・BPO,2千～5千人未満,26～30名,89：リサイクル,コールド媒体一括,要注意(大),競合ATS確認,3,2.9%,0.42x,0.23x,1.15x,1.53x,4,経路[コールド媒体一括]0.42x｜業種[各種ビジネスサービス・BPO]0.23x｜規模[2000-5000名]1.15x｜新卒採用[21-30名]1.53x｜競合ATS確認｜成約見込2.9%
三井住友トラストTAソリューション株式会社,03-3323-3401,jinji@smttas.jp,各種ビジネスサービス・BPO,100～300人未満,11～15名,01：新規,コールド媒体一括,主戦場(スイート),ミニマム/ミドル,3,2.8%,0.42x,0.23x,1.12x,1.52x,4,経路[コールド媒体一括]0.42x｜業種[各種ビジネスサービス・BPO]0.23x｜規模[100-300名]1.12x｜新卒採用[11-15名]1.52x｜ミニマム/ミドル｜成約見込2.8%
三菱ふそうトラック・バス株式会社,044-330-7700,mftbc_hr_marketing@daimlertruck.com,自動車・自動車部品,1万人～,46～50名,89：リサイクル,コールド媒体一括,要注意(大),競合ATS確認,3,2.9%,0.42x,0.61x,0.47x,1.41x,4,経路[コールド媒体一括]0.42x｜業種[自動車・自動車部品]0.61x｜規模[1万名超]0.47x｜新卒採用[31-50名]1.41x｜競合ATS確認｜成約見込2.9%
三和タジマ株式会社,0568-67-1321,stsaiyou01@sip.sanwa-ss.co.jp,建築設計,100～300人未満,21～25名,01：新規,コールド媒体一括,主戦場(スイート),ミニマム/ミドル,3,2.9%,0.42x,0.24x,1.12x,1.53x,4,経路[コールド媒体一括]0.42x｜業種[建築設計]0.24x｜規模[100-300名]1.12x｜新卒採用[21-30名]1.53x｜ミニマム/ミドル｜成約見込2.9%
太陽生命保険株式会社,03-3272-6420,,生命保険,1万人～,51～100名,89：リサイクル,コールド媒体一括,要注意(大),競合ATS確認,3,2.9%,0.42x,0.67x,0.47x,1.32x,4,経路[コールド媒体一括]0.42x｜業種[生命保険]0.67x｜規模[1万名超]0.47x｜新卒採用[51-100名]1.32x｜競合ATS確認｜成約見込2.9%
第一三共株式会社,03-6225-1111,daiichisankyo@saiyo.jp,薬品,5千～1万人未満,16～20名,01：新規,コールド媒体一括,要注意(大),競合ATS確認,3,2.6%,0.42x,0.27x,0.89x,1.52x,4,経路[コールド媒体一括]0.42x｜業種[薬品]0.27x｜規模[5000-1万名]0.89x｜新卒採用[16-20名]1.52x｜競合ATS確認｜成約見込2.6%
東京都,03-5321-1111,,官公庁・警察,1万人～,201～300名,89：リサイクル,コールド媒体一括,要注意(大),競合ATS確認,3,2.7%,0.42x,0.73x,0.47x,1.10x,4,経路[コールド媒体一括]0.42x｜業種[官公庁・警察]0.73x｜規模[1万名超]0.47x｜新卒採用[101名+]1.10x｜競合ATS確認｜成約見込2.7%
非破壊検査株式会社,06-6539-5821,recruit@hihakaikensa.co.jp,検査・整備・メンテナンス,500～1千人未満,31～35名,02：担当者未接触,コールド媒体一括,有効(中堅上),スタンダード提案,3,3.0%,0.42x,0.23x,1.30x,1.41x,4,経路[コールド媒体一括]0.42x｜業種[検査・整備・メンテナンス]0.23x｜規模[500-1000名]1.30x｜新卒採用[31-50名]1.41x｜スタンダード提案｜成約見込3.0%
明治コンサルタント株式会社,011-562-3066,mc-saiyo@meicon.co.jp,建設コンサルタント,100～300人未満,11～15名,01：新規,コールド媒体一括,主戦場(スイート),ミニマム/ミドル,3,3.2%,0.42x,0.26x,1.12x,1.52x,4,経路[コールド媒体一括]0.42x｜業種[建設コンサルタント]0.26x｜規模[100-300名]1.12x｜新卒採用[11-15名]1.52x｜ミニマム/ミドル｜成約見込3.2%
サンテレホン株式会社,03-5651-3200,saiyo@sun.co.jp,商社（通信）,100～300人未満,11～15名,01：新規,コールド媒体一括,主戦場(スイート),ミニマム/ミドル,2,1.8%,0.42x,0.15x,1.12x,1.52x,4,経路[コールド媒体一括]0.42x｜業種[商社（通信）]0.15x｜規模[100-300名]1.12x｜新卒採用[11-15名]1.52x｜ミニマム/ミドル｜成約見込1.8%
学校法人昭和大学,03-3784-8000,saiyo@ofc.showa-u.ac.jp,学校法人,5千～1万人未満,26～30名,89：リサイクル,コールド媒体一括,要注意(大),競合ATS確認,2,1.8%,0.42x,0.18x,0.89x,1.53x,4,経路[コールド媒体一括]0.42x｜業種[学校法人]0.18x｜規模[5000-1万名]0.89x｜新卒採用[21-30名]1.53x｜競合ATS確認｜成約見込1.8%
学校法人日本医科大学,03-3822-2131,,学校法人,5千～1万人未満,11～15名,01：新規,コールド媒体一括,要注意(大),競合ATS確認,2,1.8%,0.42x,0.18x,0.89x,1.52x,4,経路[コールド媒体一括]0.42x｜業種[学校法人]0.18x｜規模[5000-1万名]0.89x｜新卒採用[11-15名]1.52x｜競合ATS確認｜成約見込1.8%
学校法人東海大学,03-3467-2211,,学校法人,5千～1万人未満,26～30名,01：新規,コールド媒体一括,要注意(大),競合ATS確認,2,1.8%,0.42x,0.18x,0.89x,1.53x,4,経路[コールド媒体一括]0.42x｜業種[学校法人]0.18x｜規模[5000-1万名]0.89x｜新卒採用[21-30名]1.53x｜競合ATS確認｜成約見込1.8%
株式会社ブリヂストン,03-6836-3122,,タイヤ・ゴム製品,1万人～,51～100名,89：リサイクル,コールド媒体一括,要注意(大),競合ATS確認,2,1.6%,0.42x,0.35x,0.47x,1.32x,4,経路[コールド媒体一括]0.42x｜業種[タイヤ・ゴム製品]0.35x｜規模[1万名超]0.47x｜新卒採用[51-100名]1.32x｜競合ATS確認｜成約見込1.6%
株式会社天水総合カンパニー,0968-72-5601,tsuiji@tensui-sc.com,商社（通信）,100～300人未満,6～10名,02：担当者未接触,コールド媒体一括,主戦場(スイート),ミニマム/ミドル,2,1.9%,0.42x,0.15x,1.12x,1.55x,4,経路[コールド媒体一括]0.42x｜業種[商社（通信）]0.15x｜規模[100-300名]1.12x｜新卒採用[6-10名]1.55x｜ミニマム/ミドル｜成約見込1.9%
東芝グループ,044-578-8251,,総合電機,2千～5千人未満,51～100名,01：新規,コールド媒体一括,要注意(大),競合ATS確認,2,2.2%,0.42x,0.21x,1.15x,1.32x,4,経路[コールド媒体一括]0.42x｜業種[総合電機]0.21x｜規模[2000-5000名]1.15x｜新卒採用[51-100名]1.32x｜競合ATS確認｜成約見込2.2%
株式会社共栄システムズ,03-5471-2345,,総合電機,2千～5千人未満,101～200名,04：ジャッジ,コールド媒体一括,要注意(大),競合ATS確認,2,1.9%,0.42x,0.21x,1.15x,1.10x,4,経路[コールド媒体一括]0.42x｜業種[総合電機]0.21x｜規模[2000-5000名]1.15x｜新卒採用[101名+]1.10x｜競合ATS確認｜成約見込1.9%
株式会社日立パワーソリューションズ,03-6285-2970,info_saiyou@pis.hitachi.co.jp,総合電機,2千～5千人未満,51～100名,89：リサイクル,コールド媒体一括,要注意(大),競合ATS確認,2,2.2%,0.42x,0.21x,1.15x,1.32x,4,経路[コールド媒体一括]0.42x｜業種[総合電機]0.21x｜規模[2000-5000名]1.15x｜新卒採用[51-100名]1.32x｜競合ATS確認｜成約見込2.2%
吉本興業ホールディングス株式会社,06-6643-1122,saiyo@yoshimoto.co.jp,芸能・映画・音楽,500～1千人未満,11～15名,01：新規,コールド媒体一括,有効(中堅上),スタンダード提案,2,2.3%,0.42x,0.16x,1.30x,1.52x,4,経路[コールド媒体一括]0.42x｜業種[芸能・映画・音楽]0.16x｜規模[500-1000名]1.30x｜新卒採用[11-15名]1.52x｜スタンダード提案｜成約見込2.3%
三菱電機ビルソリューションズ株式会社,03-3201-8070,a_recruit2026@meltec.co.jp,輸送用機器,1万人～,101～200名,89：リサイクル,コールド媒体一括,要注意(大),競合ATS確認,2,2.2%,0.42x,0.61x,0.47x,1.10x,4,経路[コールド媒体一括]0.42x｜業種[輸送用機器]0.61x｜規模[1万名超]0.47x｜新卒採用[101名+]1.10x｜競合ATS確認｜成約見込2.2%
MS＆ADインシュアランスグループ,042-648-3739,,損害保険,2千～5千人未満,301名～,02：担当者未接触,コールド媒体一括,要注意(大),競合ATS確認,2,2.2%,0.42x,0.24x,1.15x,1.10x,4,経路[コールド媒体一括]0.42x｜業種[損害保険]0.24x｜規模[2000-5000名]1.15x｜新卒採用[101名+]1.10x｜競合ATS確認｜成約見込2.2%
森トラスト・ホテルズ＆リゾーツ株式会社,03-6409-2807,graduate@mt-hr.com,その他ビジネスサービス,500～1千人未満,6～10名,01：新規,コールド媒体一括,有効(中堅上),スタンダード提案,1,1.3%,0.42x,0.09x,1.30x,1.55x,4,経路[コールド媒体一括]0.42x｜業種[その他ビジネスサービス]0.09x｜規模[500-1000名]1.30x｜新卒採用[6-10名]1.55x｜スタンダード提案｜成約見込1.3%
エコートレーディング株式会社,06-6396-8250,,商社（その他製品）,100～300人未満,16～20名,89：リサイクル,コールド媒体一括,主戦場(スイート),ミニマム/ミドル,1,0.9%,0.42x,0.07x,1.12x,1.52x,4,経路[コールド媒体一括]0.42x｜業種[商社（その他製品）]0.07x｜規模[100-300名]1.12x｜新卒採用[16-20名]1.52x｜ミニマム/ミドル｜成約見込0.9%
NTTアーバンバリューサポート株式会社,03-6384-0600,,不動産（管理）,500～1千人未満,21～25名,01：新規,コールド媒体一括,有効(中堅上),スタンダード提案,1,1.5%,0.42x,0.10x,1.30x,1.53x,4,経路[コールド媒体一括]0.42x｜業種[不動産（管理）]0.10x｜規模[500-1000名]1.30x｜新卒採用[21-30名]1.53x｜スタンダード提案｜成約見込1.5%
ダイコー通産株式会社,089-923-2480,saiyou2027@daiko-tsusan.co.jp,その他ビジネスサービス,100～300人未満,6～10名,89：リサイクル,コールド媒体一括,主戦場(スイート),ミニマム/ミドル,1,1.1%,0.42x,0.09x,1.12x,1.55x,4,経路[コールド媒体一括]0.42x｜業種[その他ビジネスサービス]0.09x｜規模[100-300名]1.12x｜新卒採用[6-10名]1.55x｜ミニマム/ミドル｜成約見込1.1%
タカラベルモント株式会社,0120-34-3606,tbhr@takara-net.com,その他ビジネスサービス,1千～2千人未満,11～15名,01：新規,コールド媒体一括,有効(上限),スタンダード提案,1,1.3%,0.42x,0.09x,1.30x,1.52x,4,経路[コールド媒体一括]0.42x｜業種[その他ビジネスサービス]0.09x｜規模[1000-2000名]1.30x｜新卒採用[11-15名]1.52x｜スタンダード提案｜成約見込1.3%
ニチコン株式会社,075-231-8461,saiyou@nichicon.com,電気機械器具生産/卸売り,300～500人未満,51～100名,02：担当者未接触,コールド媒体一括,主戦場(スイート),ミニマム/ミドル,1,1.2%,0.42x,0.09x,1.41x,1.32x,4,経路[コールド媒体一括]0.42x｜業種[電気機械器具生産/卸売り]0.09x｜規模[300-500名]1.41x｜新卒採用[51-100名]1.32x｜ミニマム/ミドル｜成約見込1.2%
ローツェ株式会社,084-960-0001,jinji@rorze.com,電気機械器具生産/卸売り,100～300人未満,6～10名,89：リサイクル,コールド媒体一括,主戦場(スイート),ミニマム/ミドル,1,1.2%,0.42x,0.09x,1.12x,1.55x,4,経路[コールド媒体一括]0.42x｜業種[電気機械器具生産/卸売り]0.09x｜規模[100-300名]1.12x｜新卒採用[6-10名]1.55x｜ミニマム/ミドル｜成約見込1.2%
株式会社インターナカツ,050-3732-5388,jf-saiyou@jeansfactory.net,その他ビジネスサービス,100～300人未満,16～20名,89：リサイクル,コールド媒体一括,主戦場(スイート),ミニマム/ミドル,1,1.1%,0.42x,0.09x,1.12x,1.52x,4,経路[コールド媒体一括]0.42x｜業種[その他ビジネスサービス]0.09x｜規模[100-300名]1.12x｜新卒採用[16-20名]1.52x｜ミニマム/ミドル｜成約見込1.1%
株式会社アイリックコーポレーション,03-5840-9551,recruit@irrc.co.jp,その他ビジネスサービス,100～300人未満,16～20名,01：新規,コールド媒体一括,主戦場(スイート),ミニマム/ミドル,1,1.1%,0.42x,0.09x,1.12x,1.52x,4,経路[コールド媒体一括]0.42x｜業種[その他ビジネスサービス]0.09x｜規模[100-300名]1.12x｜新卒採用[16-20名]1.52x｜ミニマム/ミドル｜成約見込1.1%
株式会社URリンケージ,03-6803-6220,saiyou@urlk.co.jp,その他ビジネスサービス,1千～2千人未満,11～15名,01：新規,コールド媒体一括,有効(上限),スタンダード提案,1,1.3%,0.42x,0.09x,1.30x,1.52x,4,経路[コールド媒体一括]0.42x｜業種[その他ビジネスサービス]0.09x｜規模[1000-2000名]1.30x｜新卒採用[11-15名]1.52x｜スタンダード提案｜成約見込1.3%
株式会社くすりの福太郎,047-444-4129,sekiguchi-fukutaro@tsuruha.co.jp,その他ビジネスサービス,1千～2千人未満,51～100名,89：リサイクル,コールド媒体一括,有効(上限),スタンダード提案,1,1.1%,0.42x,0.09x,1.30x,1.32x,4,経路[コールド媒体一括]0.42x｜業種[その他ビジネスサービス]0.09x｜規模[1000-2000名]1.30x｜新卒採用[51-100名]1.32x｜スタンダード提案｜成約見込1.1%
株式会社クマヒラ,03-3270-4381,ejinji@kumahira.co.jp,商社（その他製品）,500～1千人未満,46～50名,89：リサイクル,コールド媒体一括,有効(中堅上),スタンダード提案,1,0.9%,0.42x,0.07x,1.30x,1.41x,4,経路[コールド媒体一括]0.42x｜業種[商社（その他製品）]0.07x｜規模[500-1000名]1.30x｜新卒採用[31-50名]1.41x｜スタンダード提案｜成約見込0.9%
株式会社きらぼし銀行,03-6447-5822,recruit@kiraboshibank.co.jp,その他ビジネスサービス,2千～5千人未満,51～100名,01：新規,コールド媒体一括,要注意(大),競合ATS確認,1,1.0%,0.42x,0.09x,1.15x,1.32x,4,経路[コールド媒体一括]0.42x｜業種[その他ビジネスサービス]0.09x｜規模[2000-5000名]1.15x｜新卒採用[51-100名]1.32x｜競合ATS確認｜成約見込1.0%
株式会社ダイヘン,06-6390-5503,saiyo@daihen.co.jp,その他ビジネスサービス,1千～2千人未満,6～10名,01：新規,コールド媒体一括,有効(上限),スタンダード提案,1,1.3%,0.42x,0.09x,1.30x,1.55x,4,経路[コールド媒体一括]0.42x｜業種[その他ビジネスサービス]0.09x｜規模[1000-2000名]1.30x｜新卒採用[6-10名]1.55x｜スタンダード提案｜成約見込1.3%
株式会社ニッショー,052-912-2001,b10003@nissho-apn.co.jp,その他ビジネスサービス,500～1千人未満,16～20名,01：新規,コールド媒体一括,有効(中堅上),スタンダード提案,1,1.3%,0.42x,0.09x,1.30x,1.52x,4,経路[コールド媒体一括]0.42x｜業種[その他ビジネスサービス]0.09x｜規模[500-1000名]1.30x｜新卒採用[16-20名]1.52x｜スタンダード提案｜成約見込1.3%
株式会社ユーハイム,078-302-8092,jinji@juchheim.co.jp,その他ビジネスサービス,500～1千人未満,16～20名,89：リサイクル,コールド媒体一括,有効(中堅上),スタンダード提案,1,1.3%,0.42x,0.09x,1.30x,1.52x,4,経路[コールド媒体一括]0.42x｜業種[その他ビジネスサービス]0.09x｜規模[500-1000名]1.30x｜新卒採用[16-20名]1.52x｜スタンダード提案｜成約見込1.3%
株式会社らかんスタジオ,0422-70-0203,saiyou@laquan.com,その他ビジネスサービス,100～300人未満,21～25名,01：新規,コールド媒体一括,主戦場(スイート),ミニマム/ミドル,1,1.1%,0.42x,0.09x,1.12x,1.53x,4,経路[コールド媒体一括]0.42x｜業種[その他ビジネスサービス]0.09x｜規模[100-300名]1.12x｜新卒採用[21-30名]1.53x｜ミニマム/ミドル｜成約見込1.1%
株式会社京三製作所,045-503-8101,jinji@kyosan.co.jp,その他ビジネスサービス,1千～2千人未満,31～35名,89：リサイクル,コールド媒体一括,有効(上限),スタンダード提案,1,1.2%,0.42x,0.09x,1.30x,1.41x,4,経路[コールド媒体一括]0.42x｜業種[その他ビジネスサービス]0.09x｜規模[1000-2000名]1.30x｜新卒採用[31-50名]1.41x｜スタンダード提案｜成約見込1.2%
株式会社折兼,052-589-4111,yukinobu-ban@orikane.co.jp,商社（その他製品）,100～300人未満,11～15名,02：担当者未接触,コールド媒体一括,主戦場(スイート),ミニマム/ミドル,1,0.9%,0.42x,0.07x,1.12x,1.52x,4,経路[コールド媒体一括]0.42x｜業種[商社（その他製品）]0.07x｜規模[100-300名]1.12x｜新卒採用[11-15名]1.52x｜ミニマム/ミドル｜成約見込0.9%
株式会社森ビルホスピタリティコーポレーション,03-6830-1222,emhc-hr-recruit@mori.co.jp,その他ビジネスサービス,1千～2千人未満,36～40名,02：担当者未接触,コールド媒体一括,有効(上限),スタンダード提案,1,1.2%,0.42x,0.09x,1.30x,1.41x,4,経路[コールド媒体一括]0.42x｜業種[その他ビジネスサービス]0.09x｜規模[1000-2000名]1.30x｜新卒採用[31-50名]1.41x｜スタンダード提案｜成約見込1.2%
株式会社長谷工コミュニティ,06-6201-5072,hcm-saiyo@haseko.co.jp,不動産（管理）,1千～2千人未満,51～100名,89：リサイクル,コールド媒体一括,有効(上限),スタンダード提案,1,1.3%,0.42x,0.10x,1.30x,1.32x,4,経路[コールド媒体一括]0.42x｜業種[不動産（管理）]0.10x｜規模[1000-2000名]1.30x｜新卒採用[51-100名]1.32x｜スタンダード提案｜成約見込1.3%
株式会社東海理化,0587-95-4145,jks@exc.tokai-rika.co.jp,その他ビジネスサービス,5千～1万人未満,36～40名,02：担当者未接触,コールド媒体一括,要注意(大),競合ATS確認,1,0.8%,0.42x,0.09x,0.89x,1.41x,4,経路[コールド媒体一括]0.42x｜業種[その他ビジネスサービス]0.09x｜規模[5000-1万名]0.89x｜新卒採用[31-50名]1.41x｜競合ATS確認｜成約見込0.8%
共栄火災海上保険株式会社,03-3504-0133,saiyou.jinji@kyoeikasai.co.jp,その他ビジネスサービス,2千～5千人未満,31～35名,02：担当者未接触,コールド媒体一括,要注意(大),競合ATS確認,1,1.0%,0.42x,0.09x,1.15x,1.41x,4,経路[コールド媒体一括]0.42x｜業種[その他ビジネスサービス]0.09x｜規模[2000-5000名]1.15x｜新卒採用[31-50名]1.41x｜競合ATS確認｜成約見込1.0%
株式会社日立パワーデバイス,0294-22-0330,gyoumu.soumu.xw@minebeamitsumi.com,電気機械器具生産/卸売り,500～1千人未満,11～15名,01：新規,コールド媒体一括,有効(中堅上),スタンダード提案,1,1.3%,0.42x,0.09x,1.30x,1.52x,4,経路[コールド媒体一括]0.42x｜業種[電気機械器具生産/卸売り]0.09x｜規模[500-1000名]1.30x｜新卒採用[11-15名]1.52x｜スタンダード提案｜成約見込1.3%
株式会社日本触媒,06-6223-9111,saiyo@shokubai.co.jp,その他ビジネスサービス,2千～5千人未満,31～35名,04：ジャッジ,コールド媒体一括,要注意(大),競合ATS確認,1,1.0%,0.42x,0.09x,1.15x,1.41x,4,経路[コールド媒体一括]0.42x｜業種[その他ビジネスサービス]0.09x｜規模[2000-5000名]1.15x｜新卒採用[31-50名]1.41x｜競合ATS確認｜成約見込1.0%
関彰商事株式会社,029-860-5321,saiyou@sekisho.co.jp,その他ビジネスサービス,500～1千人未満,11～15名,89：リサイクル,コールド媒体一括,有効(中堅上),スタンダード提案,1,1.3%,0.42x,0.09x,1.30x,1.52x,4,経路[コールド媒体一括]0.42x｜業種[その他ビジネスサービス]0.09x｜規模[500-1000名]1.30x｜新卒採用[11-15名]1.52x｜スタンダード提案｜成約見込1.3%
三菱瓦斯化学株式会社,03-3283-5073,mgcsaiyo_05d@mgc.co.jp,その他ビジネスサービス,2千～5千人未満,11～15名,01：新規,コールド媒体一括,要注意(大),競合ATS確認,1,1.1%,0.42x,0.09x,1.15x,1.52x,4,経路[コールド媒体一括]0.42x｜業種[その他ビジネスサービス]0.09x｜規模[2000-5000名]1.15x｜新卒採用[11-15名]1.52x｜競合ATS確認｜成約見込1.1%
三菱自動車工業株式会社,03-6852-4002,saiyo.jinji@mitsubishi-motors.com,その他ビジネスサービス,1万人～,101～200名,02：担当者未接触,未タグ(温/手入力),要注意(大),競合ATS確認,1,1.0%,1.26x,0.09x,0.47x,1.10x,4,経路[未タグ(温/手入力)]1.26x｜業種[その他ビジネスサービス]0.09x｜規模[1万名超]0.47x｜新卒採用[101名+]1.10x｜競合ATS確認｜成約見込1.0%
芝浦メカトロニクス株式会社,045-897-2422,saiyo@shibaura.co.jp,その他ビジネスサービス,500～1千人未満,21～25名,01：新規,コールド媒体一括,有効(中堅上),スタンダード提案,1,1.3%,0.42x,0.09x,1.30x,1.53x,4,経路[コールド媒体一括]0.42x｜業種[その他ビジネスサービス]0.09x｜規模[500-1000名]1.30x｜新卒採用[21-30名]1.53x｜スタンダード提案｜成約見込1.3%
社会福祉法人大成会,0476-36-7006,fujigakuen-kanrika@image.ocn.e.jp,その他ビジネスサービス,100～300人未満,6～10名,89：リサイクル,コールド媒体一括,主戦場(スイート),ミニマム/ミドル,1,1.1%,0.42x,0.09x,1.12x,1.55x,4,経路[コールド媒体一括]0.42x｜業種[その他ビジネスサービス]0.09x｜規模[100-300名]1.12x｜新卒採用[6-10名]1.55x｜ミニマム/ミドル｜成約見込1.1%
三井不動産商業マネジメント株式会社,03-6231-1033,,不動産（管理）,1千～2千人未満,36～40名,89：リサイクル,コールド媒体一括,有効(上限),スタンダード提案,1,1.4%,0.42x,0.10x,1.30x,1.41x,4,経路[コールド媒体一括]0.42x｜業種[不動産（管理）]0.10x｜規模[1000-2000名]1.30x｜新卒採用[31-50名]1.41x｜スタンダード提案｜成約見込1.4%
社会福祉法人よつ葉の会,052-528-1080,kyujin@mail.yotsuba-kai.org,その他ビジネスサービス,100～300人未満,6～10名,89：リサイクル,コールド媒体一括,主戦場(スイート),ミニマム/ミドル,1,1.1%,0.42x,0.09x,1.12x,1.55x,4,経路[コールド媒体一括]0.42x｜業種[その他ビジネスサービス]0.09x｜規模[100-300名]1.12x｜新卒採用[6-10名]1.55x｜ミニマム/ミドル｜成約見込1.1%
住友理工株式会社,052-571-0237,graduate@jp.sumitomoriko.com,その他ビジネスサービス,2千～5千人未満,46～50名,89：リサイクル,コールド媒体一括,要注意(大),競合ATS確認,1,1.0%,0.42x,0.09x,1.15x,1.41x,4,経路[コールド媒体一括]0.42x｜業種[その他ビジネスサービス]0.09x｜規模[2000-5000名]1.15x｜新卒採用[31-50名]1.41x｜競合ATS確認｜成約見込1.0%
秩父鉄道株式会社,048-523-3314,saiyou@chichibu-railway.co.jp,その他ビジネスサービス,300～500人未満,16～20名,01：新規,コールド媒体一括,主戦場(スイート),ミニマム/ミドル,1,1.4%,0.42x,0.09x,1.41x,1.52x,4,経路[コールド媒体一括]0.42x｜業種[その他ビジネスサービス]0.09x｜規模[300-500名]1.41x｜新卒採用[16-20名]1.52x｜ミニマム/ミドル｜成約見込1.4%
大塚製薬株式会社,03-3292-0021,,その他ビジネスサービス,5千～1万人未満,21～25名,89：リサイクル,コールド媒体一括,要注意(大),競合ATS確認,1,0.9%,0.42x,0.09x,0.89x,1.53x,4,経路[コールド媒体一括]0.42x｜業種[その他ビジネスサービス]0.09x｜規模[5000-1万名]0.89x｜新卒採用[21-30名]1.53x｜競合ATS確認｜成約見込0.9%
大星ビル管理株式会社,03-5804-5117,,その他ビジネスサービス,1千～2千人未満,16～20名,89：リサイクル,コールド媒体一括,有効(上限),スタンダード提案,1,1.3%,0.42x,0.09x,1.30x,1.52x,4,経路[コールド媒体一括]0.42x｜業種[その他ビジネスサービス]0.09x｜規模[1000-2000名]1.30x｜新卒採用[16-20名]1.52x｜スタンダード提案｜成約見込1.3%
帝人フロンティア株式会社,06-6233-2444,jinji-saiyo@teijin-frontier.com,その他ビジネスサービス,500～1千人未満,11～15名,01：新規,コールド媒体一括,有効(中堅上),スタンダード提案,1,1.3%,0.42x,0.09x,1.30x,1.52x,4,経路[コールド媒体一括]0.42x｜業種[その他ビジネスサービス]0.09x｜規模[500-1000名]1.30x｜新卒採用[11-15名]1.52x｜スタンダード提案｜成約見込1.3%
大和証券グループ,03-5555-7000,,その他ビジネスサービス,5千～1万人未満,301名～,02：担当者未接触,コールド媒体一括,要注意(大),競合ATS確認,1,0.6%,0.42x,0.09x,0.89x,1.10x,4,経路[コールド媒体一括]0.42x｜業種[その他ビジネスサービス]0.09x｜規模[5000-1万名]0.89x｜新卒採用[101名+]1.10x｜競合ATS確認｜成約見込0.6%
東洋エアゾール工業株式会社,03-4514-2170,,その他ビジネスサービス,500～1千人未満,11～15名,01：新規,コールド媒体一括,有効(中堅上),スタンダード提案,1,1.3%,0.42x,0.09x,1.30x,1.52x,4,経路[コールド媒体一括]0.42x｜業種[その他ビジネスサービス]0.09x｜規模[500-1000名]1.30x｜新卒採用[11-15名]1.52x｜スタンダード提案｜成約見込1.3%
東芝テックソリューションサービス株式会社,03-5791-4509,tec-ttss-shinsotsu@msg.toshibatec.co.jp,その他ビジネスサービス,2千～5千人未満,11～15名,01：新規,コールド媒体一括,要注意(大),競合ATS確認,1,1.1%,0.42x,0.09x,1.15x,1.52x,4,経路[コールド媒体一括]0.42x｜業種[その他ビジネスサービス]0.09x｜規模[2000-5000名]1.15x｜新卒採用[11-15名]1.52x｜競合ATS確認｜成約見込1.1%
日立建機株式会社,03-5826-8180,hitachi-kenki.saiyou@hitachi-kenki.com,その他ビジネスサービス,5千～1万人未満,11～15名,89：リサイクル,コールド媒体一括,要注意(大),競合ATS確認,1,0.9%,0.42x,0.09x,0.89x,1.52x,4,経路[コールド媒体一括]0.42x｜業種[その他ビジネスサービス]0.09x｜規模[5000-1万名]0.89x｜新卒採用[11-15名]1.52x｜競合ATS確認｜成約見込0.9%
名村情報システム株式会社,0955-25-9207,namurainfo@saiyo-group0001.jp,その他ビジネスサービス,100～300人未満,6～10名,89：リサイクル,コールド媒体一括,主戦場(スイート),ミニマム/ミドル,1,1.1%,0.42x,0.09x,1.12x,1.55x,4,経路[コールド媒体一括]0.42x｜業種[その他ビジネスサービス]0.09x｜規模[100-300名]1.12x｜新卒採用[6-10名]1.55x｜ミニマム/ミドル｜成約見込1.1%
栃木ホンダ販売株式会社,0285-31-4111,sanpei.ptg15@honda-auto.ne.jp,自動車販売店,100～300人未満,6～10名,89：リサイクル,未タグ(温/手入力),主戦場(スイート),ミニマム/ミドル,0,0.0%,1.26x,0.00x,1.12x,1.55x,4,経路[未タグ(温/手入力)]1.26x｜業種[自動車販売店]0.00x｜規模[100-300名]1.12x｜新卒採用[6-10名]1.55x｜ミニマム/ミドル｜成約見込0.0%
アオイ電子株式会社,087-882-1131,,電子機器/部品,1千～2千人未満,11～15名,01：新規,コールド媒体一括,有効(上限),スタンダード提案,0,0.0%,0.42x,0.00x,1.30x,1.52x,4,経路[コールド媒体一括]0.42x｜業種[電子機器/部品]0.00x｜規模[1000-2000名]1.30x｜新卒採用[11-15名]1.52x｜スタンダード提案｜成約見込0.0%
株式会社DNPファインケミカル,045-932-5121,dnp-recruit@tokon.co.jpurl,化学工業,300～500人未満,11～15名,01：新規,コールド媒体一括,主戦場(スイート),ミニマム/ミドル,0,0.0%,0.42x,0.00x,1.41x,1.52x,4,経路[コールド媒体一括]0.42x｜業種[化学工業]0.00x｜規模[300-500名]1.41x｜新卒採用[11-15名]1.52x｜ミニマム/ミドル｜成約見込0.0%
株式会社アルプス物流,045-531-4133,recruit-ats@alps-logistics.com,運送,500～1千人未満,16～20名,01：新規,コールド媒体一括,有効(中堅上),スタンダード提案,0,0.0%,0.42x,0.00x,1.30x,1.52x,4,経路[コールド媒体一括]0.42x｜業種[運送]0.00x｜規模[500-1000名]1.30x｜新卒採用[16-20名]1.52x｜スタンダード提案｜成約見込0.0%
株式会社コロンビアスポーツウェアジャパン,03-6892-4601,hr-japan@columbia.com,スポーツ・レジャー用品（メーカー）,300～500人未満,36～40名,89：リサイクル,コールド媒体一括,主戦場(スイート),ミニマム/ミドル,0,0.0%,0.42x,0.00x,1.41x,1.41x,4,経路[コールド媒体一括]0.42x｜業種[スポーツ・レジャー用品（メーカー）]0.00x｜規模[300-500名]1.41x｜新卒採用[31-50名]1.41x｜ミニマム/ミドル｜成約見込0.0%
株式会社シャポンドウ,024-533-6151,kyuzin@chapondoux.com,外食・レストラン・フードサービス,100～300人未満,16～20名,89：リサイクル,コールド媒体一括,主戦場(スイート),ミニマム/ミドル,0,0.0%,0.42x,0.00x,1.12x,1.52x,4,経路[コールド媒体一括]0.42x｜業種[外食・レストラン・フードサービス]0.00x｜規模[100-300名]1.12x｜新卒採用[16-20名]1.52x｜ミニマム/ミドル｜成約見込0.0%
京セラ株式会社,075-604-3510,,その他ビジネスサービス,1万人～,301名～,01：新規,コールド媒体一括,要注意(大),競合ATS確認,0,0.3%,0.42x,0.09x,0.47x,1.10x,4,経路[コールド媒体一括]0.42x｜業種[その他ビジネスサービス]0.09x｜規模[1万名超]0.47x｜新卒採用[101名+]1.10x｜競合ATS確認｜成約見込0.3%
山口日産自動車株式会社,083-922-2200,nyc_0b5005@yamaguchi-nissan.jp,自動車販売店,300～500人未満,16～20名,02：担当者未接触,未タグ(温/手入力),主戦場(スイート),ミニマム/ミドル,0,0.0%,1.26x,0.00x,1.41x,1.52x,4,経路[未タグ(温/手入力)]1.26x｜業種[自動車販売店]0.00x｜規模[300-500名]1.41x｜新卒採用[16-20名]1.52x｜ミニマム/ミドル｜成約見込0.0%
中外製薬株式会社,03-3281-6611,,製薬業,2千～5千人未満,46～50名,89：リサイクル,コールド媒体一括,要注意(大),競合ATS確認,0,0.0%,0.42x,0.00x,1.15x,1.41x,4,経路[コールド媒体一括]0.42x｜業種[製薬業]0.00x｜規模[2000-5000名]1.15x｜新卒採用[31-50名]1.41x｜競合ATS確認｜成約見込0.0%
日医工株式会社,076-442-8337,saiyou@nichiiko.co.jp,製薬業,1千～2千人未満,16～20名,89：リサイクル,未タグ(温/手入力),有効(上限),スタンダード提案,0,0.0%,1.26x,0.00x,1.30x,1.52x,4,経路[未タグ(温/手入力)]1.26x｜業種[製薬業]0.00x｜規模[1000-2000名]1.30x｜新卒採用[16-20名]1.52x｜スタンダード提案｜成約見込0.0%
日本化薬株式会社,03-6731-5200,jinji.saiyou@nipponkayaku.co.jp,化学工業,2千～5千人未満,26～30名,02：担当者未接触,コールド媒体一括,要注意(大),競合ATS確認,0,0.0%,0.42x,0.00x,1.15x,1.53x,4,経路[コールド媒体一括]0.42x｜業種[化学工業]0.00x｜規模[2000-5000名]1.15x｜新卒採用[21-30名]1.53x｜競合ATS確認｜成約見込0.0%
味の素株式会社,03-5250-8111,s.ajinomoto-saiyo@mynavi.jp,食品工業,2千～5千人未満,51～100名,02：担当者未接触,コールド媒体一括,要注意(大),競合ATS確認,0,0.0%,0.42x,0.00x,1.15x,1.32x,4,経路[コールド媒体一括]0.42x｜業種[食品工業]0.00x｜規模[2000-5000名]1.15x｜新卒採用[51-100名]1.32x｜競合ATS確認｜成約見込0.0%
株式会社ジャルパック,03-5715-8120,saiyo.jpk@jal.com,旅行・観光,500～1千人未満,11～15名,89：リサイクル,コールド媒体一括,有効(中堅上),スタンダード提案,0,0.0%,0.42x,0.00x,1.30x,1.52x,4,経路[コールド媒体一括]0.42x｜業種[旅行・観光]0.00x｜規模[500-1000名]1.30x｜新卒採用[11-15名]1.52x｜スタンダード提案｜成約見込0.0%